PLOTID,point_id,class,class_name,NDVI,VH,VV,VV_VH_ratio,VV_minus_VH_dB,longitude,latitude,interpreter,labelled_at,system:index,VH_20240609,VH_20240621,VH_20240703,VH_20240715,VH_20240727,VH_20240820,VH_20240901,VH_20240913,VH_20240925,VH_20241007,VH_20241019,VH_20241031,VH_20241112,VH_20241124,VH_20241206,VH_20241218,VH_20241230,VH_20250111,VH_20250123,VH_20250204,VH_20250216,VH_20250228,VH_20250312,VH_20250324,VH_20250405,VH_20250417,VH_20250429,VH_20250511,VH_20250523,VV_20240609,VV_20240621,VV_20240703,VV_20240715,VV_20240727,VV_20240820,VV_20240901,VV_20240913,VV_20240925,VV_20241007,VV_20241019,VV_20241031,VV_20241112,VV_20241124,VV_20241206,VV_20241218,VV_20241230,VV_20250111,VV_20250123,VV_20250204,VV_20250216,VV_20250228,VV_20250312,VV_20250324,VV_20250405,VV_20250417,VV_20250429,VV_20250511,VV_20250523,VV_mean,VV_sd,VV_min,VV_max,VV_range,VV_doy_min,VH_mean,VH_sd,VH_min,VH_max,VH_range,VH_doy_min
3,P0003,3,Built-up,0.80774397,-13.933116447824386,-7.328449872579967,0.5259734891345348,6.604666575244418,79.44022144713537,10.878283680337963,interpreter_1,2026-09-27T12:16:46.918Z,00000000000000000002_0,-14.43320627200916,-14.108328493008814,-14.248307930940737,-15.241173565334446,-13.907049829343435,-13.192502298177551,-15.072052354763992,-14.534103679426911,-18.12952083778112,-11.817941459711328,-13.84732315085436,-13.402412379214546,-14.935145809733374,-14.745276463573733,-13.285343446405715,-15.38496922435714,-13.386225404712809,-12.65511052142883,-14.27284938109982,-14.691304731343424,-13.899048977408563,-12.680376362198608,-10.92756522888565,-13.933116447824386,-13.692261051387554,-14.329591357659751,-13.790728980479734,-14.103978287489396,-13.238291982133914,-6.082964269829381,-7.107404180278634,-7.075012938219433,-6.959938516618411,-7.700720369584074,-8.54063653385905,-7.129985235976852,-9.100412927606492,-10.296683949305033,-7.490676267042237,-7.328449872579967,-8.257101920878673,-8.629356997043608,-8.268816109434807,-5.819480652890343,-9.154301656955772,-8.132325184492597,-7.762316280449799,-9.328849730714577,-6.07279268142566,-6.788290087951476,-5.671298738299386,-6.918103894456412,-7.5731799970417075,-7.518419123497311,-6.455944395957364,-6.721404637993571,-6.526090621125182,-6.979193933447786,-7.496212127757089,1.102789759414489,-10.296683949305033,-5.671298738299386,4.625385211005646,116,-13.996038134782372,1.2418254643666315,-18.12952083778112,-10.92756522888565,7.201955608895469,116
6,P0006,3,Built-up,0.44249883,-15.842883075526348,-10.67329621956203,0.6736965846860188,5.169586855964319,79.42072800546998,10.961198181062196,interpreter_1,2026-09-27T12:18:20.529Z,00000000000000000003_0,-15.416604969235935,-17.438082768559383,-17.452648449049807,-16.29444356450682,-19.324987592695244,-17.28557510304394,-15.769885418252192,-18.76913272256492,-18.743743116553663,-15.15596359080597,-18.274914914344063,-15.842883075526348,-15.614015902100387,-13.47882458422566,-15.04239746772324,-15.199297273532492,-15.381698686049726,-16.60695651856664,-16.088046786173184,-14.853190980616006,-15.370386072331245,-15.410171245626271,-15.188765416826138,-16.677406194074813,-15.748842381275123,-16.99582365582377,-17.709064710445194,-17.57185042106212,-15.066543553140834,-9.371172819366208,-10.998056162238818,-12.24829351937024,-11.196354858227462,-13.036585585611745,-12.498844452266972,-12.346931358954992,-11.991330593011584,-13.234362197356162,-9.515796429250344,-12.297007999158655,-9.718076084245574,-9.896842866750983,-10.19788879654734,-8.205102418659044,-9.25128328747362,-7.165019709007186,-9.74368214986303,-10.009421314264046,-9.449498362972902,-11.150763531377542,-9.461015759237686,-10.592801367447407,-12.016557056838728,-12.80363829208724,-11.7024382467646,-11.768410393578275,-9.946162481503734,-10.67329621956203,-10.775401183206691,1.4860750711631368,-13.234362197356162,-7.165019709007186,6.069342488348976,116,-16.336970590852797,1.3708565001395137,-19.324987592695244,-13.47882458422566,5.846163008469585,56
21,P0021,3,Built-up,0.23913044,-16.91059228738528,-10.031957289895818,0.5932351226621029,6.878634997489463,79.38308859506537,10.981140780369648,interpreter_1,2026-09-27T12:19:52.200Z,0000000000000000000f_0,-16.317609885966313,-14.932574490432714,-16.546763314648448,-17.575114029931378,-16.433215935482227,-17.71799283705007,-21.298867786592133,-16.71368234475261,-17.27610654441018,-16.832974178440956,-18.38123236262579,-15.762234878913102,-15.675053967342691,-15.579406217285047,-17.647446402571024,-14.915930789468751,-17.713332248746767,-17.399452176832593,-19.343057907460896,-14.37253089478086,-17.254549007493008,-17.494762677717407,-15.995035831470242,-17.3022518558937,-18.099926831069205,-20.15198263143949,-15.627969949574076,-16.60446182989372,-16.91059228738528,-9.083795874502703,-4.776653431045938,-9.611288566709668,-10.983721667819944,-12.345926613864185,-11.63286361096353,-12.917410693897727,-10.875989797307971,-11.762849875445792,-10.125468459693789,-9.01013880692583,-10.522737607846054,-12.862966844181328,-9.747580047553464,-9.501790604397096,-8.44313130010256,-8.853078112441107,-8.904482448331928,-10.031957289895818,-9.4647620449865,-10.928332080306715,-9.113355958696912,-9.012967421863394,-12.481183042575912,-9.97546411487639,-11.062709727926292,-9.243334856013432,-10.137812502394668,-11.97537819491685,-10.185832124051156,1.64214237862539,-12.917410693897727,-4.776653431045938,8.140757262851789,92,-17.030210761919676,1.4901200102556775,-21.298867786592133,-14.37253089478086,6.926336891811273,92
23,P0023,3,Built-up,0.36287105,-14.1791535195763,-8.825107628258731,0.6224001747406458,5.354045891317568,79.37194948554229,11.099718397873426,interpreter_1,2026-09-27T12:20:03.296Z,00000000000000000010_0,-12.087565931372849,-13.166461099739152,-13.7895533784789,-14.16266008937036,-14.1791535195763,-14.781034524556636,-16.236233078845466,-14.375904048061823,-15.155397772596563,-13.785189474987178,-13.596355849702936,-14.611326746557458,-15.645195848927065,-13.766786490449668,-13.550156612546704,-15.969384448215884,-13.683947956344102,-11.912227589235323,-13.675321507526728,-15.333416415096549,-13.011714466849185,-15.652501878290291,-11.810931914747329,-14.6840130568649,-11.659247926252007,-15.187854455774776,-15.488209718232442,-14.739392845461705,-14.660611635538173,-10.010920058284364,-8.507658252768405,-8.992227561607155,-6.858054010706937,-8.8729812536143,-9.739975481652072,-10.0728310155316,-9.391360912721645,-8.976677839975572,-8.825107628258731,-7.352970251439545,-7.419001024579258,-10.623609990444296,-7.881170529113509,-8.789913750829955,-8.383118117776561,-7.946994936201737,-6.433087484683258,-7.420799513053812,-8.320488340802287,-9.894969829088428,-8.472848238856978,-9.216472032299553,-9.115155857406505,-9.001214571571971,-8.927583106831495,-8.26821885570562,-9.611471419209767,-8.08052225242101,-8.669220831635737,0.976546521626143,-10.623609990444296,-6.433087484683258,4.190522505761037,164,-14.150267251041328,1.227688460935988,-16.236233078845466,-11.659247926252007,4.576985152593458,92
47,P0047,3,Built-up,0.3424779,-15.358994485735462,-9.287239632962224,0.6046775810478784,6.071754852773239,79.20243739142894,10.983835726222008,interpreter_1,2026-09-27T12:21:41.533Z,00000000000000000027_0,-14.04640989172229,-15.015461141944437,-15.358994485735462,-15.90422306937456,-16.415409661629347,-15.41545353094229,-15.240193689634056,-16.141723792790618,-15.39957879271432,-16.160789192327943,-15.519658368480233,-16.005796652899626,-16.431316247393067,-15.590201467745311,-13.27965637275235,-14.497292966489676,-13.559554774921782,-14.094904200658018,-15.756110679231966,-15.672950435952156,-14.19410528073024,-14.360227272875182,-12.02160493168838,-14.39905824774563,-15.237614191278352,-14.049100775556084,-16.688893813113374,-14.570308154133771,-16.67533570895271,-8.845982007965453,-9.146664445107932,-9.500179025474496,-10.005350623893657,-9.52405989784972,-9.287239632962224,-9.340316067780336,-9.960414224412764,-11.039597022156284,-7.497446808297182,-10.298352435187768,-10.31463602437374,-10.125165386508847,-9.16546763708321,-9.726346856814825,-9.447186920502029,-9.46830056509198,-8.127350648093577,-9.215986581259434,-9.910637026620504,-7.766775028559437,-7.959116576213957,-7.3303743300604545,-9.251524037897031,-7.675544948567436,-8.810048436791556,-9.314191469421282,-8.275293876062396,-8.952639958597787,-9.14766167240025,0.903061325750014,-11.039597022156284,-7.3303743300604545,3.70922269209583,116,-15.093169923841836,1.0915572174805774,-16.688893813113374,-12.02160493168838,4.667288881424994,332
53,P0053,3,Built-up,0.42483395,-15.733749071145304,-9.085218153999593,0.5774350482467846,6.648530917145713,79.33673552640481,11.083638554287688,interpreter_1,2026-09-27T12:22:00.002Z,0000000000000000002c_0,-15.670161340416817,-14.497732733888624,-16.364363162047585,-16.409411861817727,-15.283100155965768,-16.25576531547834,-18.5664576397413,-16.814226323466617,-16.649678961912258,-17.049028088613767,-14.758398275370162,-14.22600070689102,-15.580783544178525,-16.706290975656877,-17.004381644693346,-15.432407100238464,-16.813247535390857,-14.73619426515759,-14.664792573147343,-15.694928337388648,-17.143915424591135,-16.39668554966847,-15.71487085399336,-14.853931970694653,-16.37598349616246,-14.914884645964555,-15.733749071145304,-14.59573385512365,-16.50327734719158,-8.604453705693851,-8.257222792643434,-10.127947459672182,-9.972174484772218,-10.397282173943186,-9.16769637481308,-10.708315506098632,-8.33500913063094,-9.537293645327969,-9.967363852799243,-8.67306562933009,-9.478813209513392,-6.544310985084822,-7.917038528119793,-8.17322064905518,-9.085218153999593,-8.980872490427107,-9.384397116421267,-8.819300953776326,-9.848147982157268,-9.421501190357054,-11.141777838898207,-7.94278458172906,-7.297603416290135,-8.62170039138779,-9.075307270225906,-8.133086761085679,-10.686239010224046,-9.721254866695306,-9.104151729350784,1.0397533345860537,-11.141777838898207,-6.544310985084822,4.597466853813385,272,-15.91070285365506,1.0015602545758484,-18.5664576397413,-14.22600070689102,4.340456932850282,92
62,P0062,3,Built-up,0.36661395,-15.795240136797988,-8.819394150572617,0.5583577124621345,6.975845986225371,79.2163612783328,10.875319239900367,interpreter_1,2026-09-27T12:23:59.114Z,00000000000000000034_0,-14.1176883247608,-16.157004803951367,-17.67343046594871,-15.725115815453464,-17.707579983190833,-16.854956319797886,-15.486093464338582,-17.1130401110597,-18.904043656656107,-15.175743757303216,-16.506571791878017,-15.861271943690124,-16.054109070901102,-15.611328287967186,-15.795240136797988,-15.472074136795085,-14.190666111943973,-15.252676582611798,-14.726486290387406,-14.789452125424402,-16.074481072670427,-14.77269049915141,-15.049646743249344,-14.799854578113276,-15.607044623601324,-18.36412502308281,-16.06450849254927,-18.30894442265935,-16.86395362317838,-7.321690940873362,-10.445381240140064,-8.429123022766857,-8.812775249855264,-9.068529513673486,-9.138997382225815,-7.683173061645217,-10.155244868972986,-8.15762580329924,-8.905858005915714,-9.309176335289424,-9.49910256894378,-8.452769035822135,-8.072210913130494,-7.134223253999936,-10.85093198510469,-9.298059930693022,-9.232682964642414,-8.819394150572617,-7.820241700236279,-7.635332832639104,-9.501322962814733,-8.38947844637505,-9.834125423425109,-11.372602377693164,-8.0098907120181,-8.296689346370428,-10.087985676560804,-8.544607124385186,-8.906180235520154,1.0251918038562544,-11.372602377693164,-7.134223253999936,4.238379123693228,308,-16.037235250314254,1.231996794791786,-18.904043656656107,-14.1176883247608,4.786355331895306,116
85,P0085,3,Built-up,0.6903391,-12.064080806340094,-5.303340930571148,0.439597596841697,6.760739875768946,79.25606681389088,10.937302994504616,interpreter_1,2026-09-27T12:25:05.200Z,0000000000000000004a_0,-10.2768854266927,-12.915032089893096,-11.996645392284217,-12.905503515921124,-12.363621366794089,-12.136236767693305,-11.2560531975494,-13.195282669110874,-12.851009417474511,-12.313800972339934,-12.120786222973276,-10.798868232431357,-12.167493485203414,-12.392557539414875,-11.402610542374944,-10.988681334275174,-10.525252197075256,-12.064080806340094,-11.952894949786266,-11.989239846848385,-11.945669417959872,-12.77521153667596,-12.59726805165382,-11.53776776430233,-12.93690714793368,-10.623903228104792,-11.665538521281746,-15.352429079167196,-11.858062969571092,-4.199981359838879,-5.916934335808436,-4.14456958223641,-5.94402693651705,-4.301888053673922,-4.870414890225253,-5.303340930571148,-5.838076081500124,-5.394780626817955,-5.99621351656501,-5.624328207256959,-5.293282835969093,-7.164667658412122,-6.563470994094343,-4.94760733975694,-4.528091293160788,-5.45604885803445,-7.092549846482253,-6.238132107138097,-4.939361672417252,-4.687217790774191,-6.5500889512001335,-4.820102361565085,-6.320610172603338,-3.411436816940517,-4.880667178136518,-5.074160772565777,-3.5554860016039305,-5.899643533424488,-5.343351058803121,0.943267807426504,-7.164667658412122,-3.411436816940517,3.7532308414716047,164,-12.06569978238368,0.98214665985406,-15.352429079167196,-10.2768854266927,5.075543652474496,344
100,P0100,3,Built-up,0.3761468,-15.474759954046371,-8.46578377078618,0.5470704421862472,7.008976183260192,79.43869431115237,11.083189396645626,interpreter_1,2026-09-27T12:25:56.713Z,00000000000000000057_0,-13.63155243821114,-13.020281333926851,-14.361895278621436,-15.561186037236796,-16.765382302038102,-14.420953221601849,-15.071594104563246,-15.100187238451898,-14.749819382418805,-15.958607454919706,-16.951523623067963,-15.548870741559714,-18.1352064278066,-15.695785486225429,-15.75087170534912,-16.260730268334864,-15.135366490257066,-16.762616073530747,-14.589742011628228,-15.788796228608636,-15.435933545907158,-15.583297831506789,-15.080786550964977,-14.687551906010924,-16.65968025581823,-15.474759954046371,-13.70454552167605,-14.299685117514294,-16.241401112142164,-6.860006676919255,-6.110840429350015,-6.420106594160266,-8.276207565890559,-10.901926958764204,-8.791287294537897,-7.537071546032031,-9.101456254966363,-8.686436290707803,-8.994934651348677,-7.653098784143002,-8.46578377078618,-10.973758558758597,-10.32964297466826,-7.883784375161,-8.384566905288152,-9.215260802149992,-7.379854818973896,-8.657991964233007,-7.889797779135591,-7.9818395205604435,-9.182402633079768,-7.575659283344579,-9.385131780173047,-9.23296716081006,-8.309931547196584,-6.026243613492065,-9.505893641918956,-9.731280878677753,-8.463626381214759,1.2386455209560292,-10.973758558758597,-6.026243613492065,4.947514945266532,164,-15.394089987722246,1.0871508702861163,-18.1352064278066,-13.020281333926851,5.114925093879746,164
101,P0101,3,Built-up,0.46572313,-17.111739515130317,-9.515737673933655,0.5560941168792205,7.596001841196662,79.10757529742592,11.000185064392982,interpreter_1,2026-09-27T12:25:59.601Z,00000000000000000058_0,-15.375948179116364,-16.106712456614723,-18.36515891446252,-16.706264072667622,-18.46918423551165,-18.476280042801434,-16.51781891817816,-17.803432083450872,-16.14928824921433,-15.654015888201304,-18.2739637133086,-17.49548879000293,-18.51748290827944,-18.359519495669577,-14.414674873727384,-17.2667215257655,-19.3546601080883,-17.904435306581867,-18.62012874635113,-15.693191441026986,-17.958333842535446,-18.19487653386584,-13.255997381241825,-17.111739515130317,-16.172540490040877,-14.630003321164963,-14.673394796264423,-14.90968125608182,-15.177489911349245,-7.430752528253705,-10.863995104996336,-11.885898474460054,-9.899366062812057,-10.884253523102736,-9.59849559512847,-9.515737673933655,-11.558656146937,-10.301690984346052,-9.010586067269053,-9.21564406971478,-8.479262562743312,-11.089895954087716,-9.970347417284376,-9.014750684520653,-8.750833252685572,-10.60914082462177,-10.089164969802123,-9.75668764858629,-10.371220523753324,-9.28219297179743,-8.335271573891614,-8.570742778419254,-6.958037738609915,-10.028098934022802,-8.384536568576026,-6.28227785822019,-7.624392482781783,-8.715279485807523,-9.395765877971224,1.3200835462114902,-11.885898474460054,-6.28227785822019,5.603620616239865,32,-16.814083689541224,1.568941565312089,-19.3546601080883,-13.255997381241825,6.098662726846476,212
128,P0128,3,Built-up,0.58570635,-14.926292929880564,-8.229947465850461,0.551372501163711,6.696345464030102,79.09212427453906,11.094957326867592,interpreter_1,2026-09-27T12:36:26.356Z,00000000000000000072_0,-14.7761046108078,-15.5375203719076,-16.30055789224651,-15.823419464332048,-16.265232921203136,-15.7651276887968,-15.47442096167629,-15.556981185045668,-15.368977790119928,-14.44153278144572,-13.57808227420441,-14.241250660771318,-13.876758899417538,-15.683788493270333,-14.38218335942905,-14.234275610560587,-13.6871564782996,-14.766667829121232,-14.85100139637258,-16.148451064987817,-14.91569043012641,-15.622427351273886,-12.00640183595603,-16.398831019462353,-15.302244360243035,-14.368932063147364,-16.136127287984895,-14.657155650187734,-14.926292929880564,-7.955516016938362,-7.920907218764049,-7.451357689667243,-7.699478816017588,-10.249631079021816,-8.123134496791435,-8.881109865412784,-9.937962245493011,-6.284576109547065,-9.315584561829525,-7.366394025768117,-8.950555716995348,-7.805736853513138,-7.331577724215346,-6.805918610482382,-7.722287259953112,-5.967244616164694,-8.229947465850461,-10.057825129770489,-8.598650945312642,-9.495865003501002,-8.767375627178378,-9.0092191824042,-9.3348775541426,-8.786723554910504,-6.289888162757782,-8.449737339713606,-7.618933934579065,-8.766670649658552,-8.247403015736356,1.099875831098386,-10.249631079021816,-5.967244616164694,4.282386462857121,56,-15.003227402147523,0.9739361333191584,-16.398831019462353,-12.00640183595603,4.392429183506323,296
146,P0146,3,Built-up,0.07853841,-16.948469622863943,-4.037738756608006,0.2382361857120708,12.910730866255935,79.08960899174353,11.127476340152718,interpreter_1,2026-09-27T12:37:39.783Z,00000000000000000084_0,-17.88389548953132,-17.85972166124067,-16.47704623665248,-16.614078222447052,-17.277255493736998,-18.10692193353291,-17.061402822083853,-16.28871779149264,-16.668158373175753,-15.003439145592148,-18.02852737263189,-15.405749387575616,-19.203708640912897,-17.80809812733454,-17.623203536731854,-18.07677025866592,-18.389463819119744,-17.827594936779132,-17.83863284455228,-14.529742680700403,-15.82460390791202,-16.948469622863943,-17.371665219596387,-16.196262897852243,-16.65506054773771,-14.064520516988209,-14.358007350468394,-15.798075709209352,-14.392258076425335,-3.136349776556448,-3.128100642225136,-3.961537307789418,-2.8933069162898373,-2.947845691117558,-3.944931189902745,-3.818526834141771,-4.347530730774811,-4.077477399966412,-3.183191222232037,-4.153588575470129,-4.046954425900323,-4.349329076361185,-4.67392737130016,-4.775401751806425,-4.909663517661829,-5.71132265520795,-3.475752602617173,-6.977322138727901,-4.1208865505852375,-4.6561200996405,-3.96885943811744,-5.79488433820914,-4.497435874617171,-4.016089370954127,-4.037738756608006,-3.9950886886199655,-3.238254334228221,-3.295829951977753,-4.142525766538165,0.8938834341050126,-6.977322138727901,-2.8933069162898373,4.084015222438064,236,-16.744174228398055,1.341128788932084,-19.203708640912897,-14.064520516988209,5.139188123924688,164
154,P0154,3,Built-up,0.43653557,-16.345070345434614,-9.838219481228984,0.601907442018255,6.50685086420563,79.10586849838609,10.929936809174835,interpreter_1,2026-09-27T12:38:05.941Z,0000000000000000008c_0,-16.345070345434614,-18.077207705649883,-16.24779881003936,-16.71482421720516,-16.864946265475343,-16.793987053395664,-14.997216909483615,-18.642298798139336,-18.37966486743995,-16.314812978464715,-15.200210638207205,-17.86742586383732,-17.215835723592196,-17.33160231711596,-15.44170404677278,-13.94485077598003,-14.99793788627479,-15.763313395700688,-15.552807419534398,-15.14357991570516,-16.83817658570029,-15.921320945866771,-16.419258393535976,-15.871289220664597,-19.013923359168498,-15.211934550549518,-16.665485270717348,-13.882139258401152,-16.485894443079204,-9.909569236861156,-10.216455474779266,-9.645199984681597,-11.458751775065394,-11.527435410412416,-11.137131349976915,-8.964067670680468,-9.35830463065822,-9.076317116920697,-8.318176244335925,-9.914347330622403,-8.846585850073756,-11.031918946121008,-9.014145695831994,-9.726726642084476,-9.387510741589258,-9.225347758959384,-10.811092479753553,-11.170970339257124,-9.935669346659726,-9.938997795187486,-9.59250323890323,-9.921827674141278,-9.838219481228984,-11.104265765064875,-9.071682544898673,-8.4528959311709,-7.469100344632134,-9.951379054816638,-9.79367571915065,0.9721867101795348,-11.527435410412416,-7.469100344632134,4.058335065780282,56,-16.34987992969419,1.2630203600150849,-19.013923359168498,-13.882139258401152,5.131784100767346,308
156,P0156,3,Built-up,0.5785441,-15.411077191798178,-8.63607967255348,0.5603813130693829,6.774997519244698,79.19704749972422,10.919785846464285,interpreter_1,2026-09-27T12:38:13.342Z,0000000000000000008e_0,-14.712904374711648,-16.453011742004175,-16.569664527336585,-15.807807305789671,-17.085819394978277,-15.411077191798178,-16.208489791897744,-18.904654934952426,-18.51641125313767,-15.128753002024444,-16.71047736782803,-15.25270613619002,-15.18934708927139,-14.400432840827053,-14.738997290263242,-14.633078535828115,-14.239234132732264,-15.186183699571828,-15.651824134442077,-14.157569043195954,-14.486572781478449,-14.338927300619028,-15.971185509369317,-16.805423611368017,-16.555334333227623,-15.08353478370057,-16.18754884425507,-15.089777817266969,-15.628555877743942,-7.300612144326984,-8.771703490158934,-8.889781917999876,-7.735651044023576,-10.669333388426224,-9.010422203870652,-8.491601593506935,-11.326995365680554,-8.275797251869715,-8.65711355556952,-8.668707734111905,-8.508526682737145,-8.759094618408668,-8.628505596180304,-8.20173053735421,-9.39912673566796,-7.86111696011671,-8.962357074056293,-7.633581018954625,-8.911532320591952,-8.387711026702927,-12.209851619888855,-9.13773274788336,-8.63607967255348,-8.166124445845194,-7.851193250415304,-8.484208028651105,-8.301951091876544,-8.778146233067352,-8.779872046568856,1.024057214135463,-12.209851619888855,-7.300612144326984,4.909239475561871,272,-15.693286367165854,1.1664560949867515,-18.904654934952426,-14.157569043195954,4.747085891756472,104
161,P0161,3,Built-up,0.14029361,-14.38463058001021,-8.415185393476868,0.5850122703304693,5.969445186533342,79.26415165144795,10.94853193555611,interpreter_1,2026-09-27T12:40:43.922Z,00000000000000000093_0,-14.794152761573894,-14.294215276524888,-14.03792003502935,-13.411056893265862,-15.957551730933158,-14.822343111051442,-14.358943914283966,-13.960375281417464,-14.938120118949668,-14.044018709642032,-13.869432305752042,-14.26134244173826,-15.48605312387552,-14.38463058001021,-13.55876720734627,-14.6003077130075,-13.728286115641142,-15.60463416142892,-14.406665626754672,-14.445485885388436,-16.077154898792834,-15.30182094645311,-12.372130300242649,-15.368502987770745,-13.37174292454213,-14.506128749956693,-17.60771550989917,-13.55392121181879,-14.186796057144107,-6.8303571016913365,-8.501573559246689,-8.436324899658025,-8.137621094866516,-10.428761294157791,-8.544250261262627,-8.39098520590045,-7.856437880007663,-8.672947868176287,-7.382452814018009,-8.54198340730268,-7.908712083301178,-9.472264611792374,-9.03084343887512,-8.925479018650101,-8.814023559501988,-8.415185393476868,-9.1616799386362,-8.054291847265718,-7.893352608948987,-9.60521413472491,-7.978886839290337,-8.028886819701471,-8.293187966597511,-10.030251201472138,-9.317712785151844,-8.166647571599121,-6.556947032096746,-8.129443853200488,-8.465748485881766,0.829994162983996,-10.428761294157791,-6.556947032096746,3.871814262061045,56,-14.527938502766723,0.9990512920217528,-17.60771550989917,-12.372130300242649,5.23558520965652,332
167,P0167,3,Built-up,0.23815289,-15.860860542203488,-8.692077952837428,0.5480205774276274,7.16878258936606,79.29577234944895,10.889602452917869,interpreter_1,2026-09-27T12:41:05.098Z,00000000000000000098_0,-14.49599625371948,-16.841078540269553,-16.778094871022294,-18.77536815339916,-18.12157821987734,-15.882378608420089,-18.19980683912064,-18.473670231064688,-15.48251606441214,-15.197728127652836,-15.764330563193363,-15.454501753701892,-17.23831405300475,-17.148482120068063,-15.860860542203488,-15.900649704281673,-15.297878653600952,-15.504382487751824,-18.09324855505462,-15.52462989447417,-16.260261795290226,-16.13294172288269,-14.090257453965522,-15.357929330919465,-14.679857307310511,-14.365997136429849,-14.020526077062607,-16.14222157950222,-15.06455244569495,-8.2762615231103,-7.345806737776265,-8.8297850581492,-8.748887288602878,-8.361149455948432,-8.478927442036564,-8.383160486166405,-9.315939746138234,-9.683758255679471,-8.109279309921686,-9.077161059112736,-9.176817665676117,-10.208782223374849,-8.692077952837428,-8.65387699660625,-8.122501082957616,-7.074394244004995,-7.412854490262875,-8.496387641683384,-9.865837738948375,-9.339451095133104,-7.296815355249358,-7.650715438714966,-8.713323398370406,-8.30380787269689,-8.704541976381412,-9.082303335783982,-9.612505657139891,-9.977270160850546,-8.654978644459126,0.8064816859829902,-10.208782223374849,-7.074394244004995,3.134387979369854,164,-16.074139278805205,1.3058867969400954,-18.77536815339916,-14.020526077062607,4.754842076336553,44
194,P0194,3,Built-up,0.65794545,-14.410999417660328,-8.950816446630707,0.6211100415188207,5.460182971029621,79.39018528580992,10.885560034139331,interpreter_1,2026-09-27T12:42:49.949Z,000000000000000000b0_0,-16.411135951903347,-16.7406139919043,-15.585716676368351,-15.368699585848296,-16.801813623302575,-15.561810187314505,-17.065422120318992,-14.087005655358269,-17.624008550832798,-14.23841189857946,-17.053304361827127,-14.26792540219621,-12.76121825910854,-13.795928522226133,-12.165030144418177,-13.403478497693616,-13.056561930728597,-11.835094552857417,-13.40915316218517,-13.286516720249285,-13.60372929990714,-14.080693585233606,-12.997725237715567,-15.260080478076636,-15.46161856330394,-14.622371463971431,-14.410999417660328,-14.891194993609895,-14.96203791175782,-8.817911621773275,-8.865915879694564,-11.243216481944176,-8.950816446630707,-10.378693938176152,-10.54666280922447,-9.818834687251304,-11.042819086616834,-11.044892588176364,-9.803737389341864,-9.916722002640906,-7.175448624040687,-5.207569129187293,-9.506800498862663,-6.996277728238175,-8.592268099864032,-8.560050652464222,-7.627690396273698,-8.902960035566558,-8.598826232384024,-9.766383454884318,-8.26871098682245,-9.234584829799442,-8.506406403553413,-11.852464867199458,-9.130945415016624,-12.076094396742032,-8.801971569908515,-7.848872222538649,-9.209812016372991,1.4787145697144388,-12.076094396742032,-5.207569129187293,6.868525267554739,332,-14.648596577464051,1.516503693476473,-17.624008550832798,-11.835094552857417,5.788913997975381,116
221,P0221,3,Built-up,0.47342798,-11.949628159210286,-6.860538089731325,0.5741214704194374,5.089090069478962,79.33395074902404,10.931194450572605,interpreter_1,2026-09-27T12:45:13.520Z,000000000000000000c7_0,-10.899268985875477,-10.118813046470878,-13.174569758281317,-13.241073509947674,-14.90817424988636,-12.957088556473328,-14.90018403589362,-12.878028339681782,-12.963359190809342,-12.243656561485007,-10.768100659617746,-12.05065746003372,-12.676805975146925,-11.87218648004205,-10.143292338269562,-9.485410210557522,-11.370668516958936,-13.336586321886143,-9.184792950351495,-11.155365106430288,-12.122765873134512,-11.949628159210286,-9.120914155612386,-10.063499740771288,-10.970045976923377,-12.5013322709325,-13.261030615767382,-11.904755767980914,-11.852410835987214,-3.2773278832704578,-3.576957383955502,-7.746089907114144,-8.612778599552804,-8.168584915976625,-7.733299926454896,-7.443097999440095,-7.923007124379127,-7.842786010299008,-6.312498743690842,-3.919724103383365,-5.686603794918951,-5.099043419190376,-6.860538089731325,-6.436285010950563,-4.580143333601932,-6.269698234814687,-7.092906702442395,-6.934781173176752,-5.532292733582561,-8.29734649740567,-8.422934850366557,-6.147876260828008,-7.791731743287001,-7.76912730723685,-6.557896380501225,-5.58810587984564,-6.164401482684056,-7.029676284688301,-6.579915233681715,1.4385160767334106,-8.612778599552804,-3.2773278832704578,5.335450716282347,44,-11.864636746566172,1.4885570775135286,-14.90817424988636,-9.120914155612386,5.787260094273973,56
223,P0223,3,Built-up,0.6902832,-14.760417708736911,-7.990318085566406,0.5413341440084596,6.770099623170507,79.29649100167626,10.866336087059176,interpreter_1,2026-09-27T12:45:21.385Z,000000000000000000c9_0,-12.335934036404034,-16.19242122772361,-15.520577641575136,-14.760417708736911,-12.989215908086702,-15.530401610230598,-15.501410694879132,-14.893910672615489,-15.329061219459142,-15.043607596462945,-14.172271493720496,-15.80415659405204,-16.105407947043318,-13.16535535673205,-12.351082213833578,-14.072737754205756,-13.52227029696975,-14.084444090310123,-15.774800941983166,-16.50054008810002,-13.46641094111112,-13.810371676987232,-12.268267390269088,-14.53515025395121,-14.183011680378389,-15.132057036869844,-16.819898313499518,-13.523897216116476,-17.2696303265291,-7.733948171596909,-9.455924769319063,-8.757686004577256,-8.159396041853462,-7.7437061882830385,-8.916187338218544,-10.349021951289078,-7.990318085566406,-10.422288492036602,-8.220720344086821,-7.338873479060922,-7.79275780694687,-9.590983691332656,-7.796555884141354,-6.779449100464685,-7.084034761859611,-7.373565448809723,-8.938847164548973,-7.368758703888209,-8.990490964710943,-8.497801909986569,-7.704299538747119,-7.823741987486105,-9.280841257348207,-7.863555731744368,-7.862697159584813,-9.829855999357497,-7.760768701764227,-9.019770233669822,-8.360236100423442,0.9448700673360124,-10.422288492036602,-6.779449100464685,3.6428393915719166,116,-14.643404135477107,1.3429250474868508,-17.2696303265291,-12.268267390269088,5.001362936260012,356
235,P0235,3,Built-up,0.6692328,-13.42579697893801,-6.564892394296603,0.4889759918607,6.860904584641407,79.1036227101758,10.885739697196156,interpreter_1,2026-09-27T12:46:02.067Z,000000000000000000d4_0,-13.336862248343252,-13.229646311855497,-15.95745478304652,-12.943911508852384,-13.429535801720206,-14.10800226388288,-13.255205120909414,-15.03683892947471,-13.87877041773494,-13.388424805535893,-12.678752686302309,-13.42579697893801,-13.254588257673255,-14.5455902658283,-13.938300278961073,-12.66639159253221,-13.87892968791979,-15.336180052763886,-13.630376589529538,-14.089724307360347,-14.545188935899864,-12.24581839379224,-12.73098253751028,-12.405958422892011,-12.035885066572696,-10.980409716207726,-13.273663176126163,-13.95150520668068,-14.3489091021879,-6.331985733950304,-6.564892394296603,-6.819462700822174,-4.666464180652979,-6.995294950144642,-6.26262430358987,-5.674240994939544,-7.563301721788472,-7.648326998947108,-6.563908366153467,-6.170153055392768,-7.502248911560384,-5.261920112013774,-5.7414522300218565,-4.119488775765403,-7.189310587570916,-6.958291191865289,-7.424268189801374,-6.74909461786072,-8.65889716280387,-6.044239781569507,-6.74916594804949,-4.192792586831649,-6.895232181948634,-6.130323470205788,-7.02948916593361,-6.1983466408638455,-6.460062664163056,-7.6540073925998,-6.4903202417967885,1.011516295068685,-8.65889716280387,-4.119488775765403,4.539408387038467,248,-13.535434601621864,1.0151563514830249,-15.95745478304652,-10.980409716207726,4.977045066838794,32
237,P0237,3,Built-up,0.59548146,-14.693607853548343,-8.446255675572804,0.5748251729430173,6.247352177975539,79.29442487652278,10.978356002988878,interpreter_1,2026-09-27T12:46:08.526Z,000000000000000000d6_0,-13.221176443439605,-14.68775663451602,-14.255246095328616,-14.512291588225237,-14.693607853548343,-15.785894972742886,-14.867394671583757,-15.649653390843117,-13.387539193942375,-15.368242912770098,-15.246980836149673,-15.556091972512649,-15.74855424853737,-14.322394303089307,-14.914072490561958,-14.96066118035256,-13.408858772138972,-13.020598205276244,-16.316526931366045,-13.921297202842704,-12.443292995322112,-13.236535768407826,-15.103113855355168,-16.77248410548404,-14.876386747952743,-14.623705062528796,-15.12637604220059,-14.128871879651587,-14.355138009062957,-8.320674733302685,-7.476648399781952,-7.6550172643616605,-8.446255675572804,-9.496750749253554,-8.767013623736121,-9.536032020410616,-9.030808234558329,-8.004316152030311,-7.902375800115681,-8.902340262762614,-6.915951236755779,-9.6418791095442,-8.705014558569742,-7.925098814964826,-8.60686892142588,-7.316976476457357,-8.738112445257324,-8.028229191836452,-8.901196956230633,-7.760500134750355,-8.327533294804217,-7.108374086545824,-8.519966036274676,-8.62192137412821,-8.02984137929888,-8.970824892573367,-8.535288778202194,-7.628805127490471,-8.338641921758507,0.6946636331946597,-9.6418791095442,-6.915951236755779,2.725927872788421,164,-14.638301529852876,1.0006680312421488,-16.77248410548404,-12.443292995322112,4.329191110161927,296
277,P0277,3,Built-up,0.23040569,-15.62696796501256,-9.01512568571703,0.57689538405026,6.61184227929553,79.30502499687539,11.103042164424668,interpreter_1,2026-09-27T12:53:23.375Z,000000000000000000f9_0,-15.416398307220366,-15.13981375392914,-15.328630768544835,-16.915271056503375,-16.07081596297523,-15.187742001399894,-15.727634936886991,-14.8381931063684,-18.35518443492497,-14.77822369071089,-17.071696282802233,-13.313414999678889,-14.876224644374169,-16.299176251250266,-15.123255015106327,-14.475487227406648,-16.34738337740516,-14.52154288019658,-16.07175716085769,-15.62696796501256,-16.239010442800005,-14.069796787253042,-15.869255041552544,-15.889347231902548,-15.31724594203336,-15.86822987385774,-15.614762331158548,-16.40190725337358,-16.228433649120618,-7.823841185757399,-8.161236075887764,-9.430030529747714,-9.182028988416992,-8.402273703239118,-9.321480511041951,-9.05745811378485,-7.7115683721119055,-10.253439665513874,-9.81172997230022,-9.601270378963628,-9.406948528392777,-8.84054327549772,-10.14338631377731,-8.086138496213275,-7.68580369991904,-9.206287590743324,-9.01512568571703,-9.8567227423965,-7.816863626436572,-8.519664577968477,-9.944587517094677,-8.386986047911018,-9.61233282313262,-8.864160796908976,-9.14343527127158,-7.223704915709136,-7.533421047974386,-8.058558369807177,-8.831069959435759,0.841492712124015,-10.253439665513874,-7.223704915709136,3.029734749804738,116,-15.620096633676091,0.9690370836744774,-18.35518443492497,-13.313414999678889,5.04176943524608,116
279,P0279,3,Built-up,-0.03736759,-11.323252259693009,-4.408895743199045,0.3893665567173875,6.914356516493964,79.07325965357255,11.078877483281852,interpreter_1,2026-09-27T12:53:29.767Z,000000000000000000fb_0,-13.668468659783288,-11.527822712132568,-12.554514916802802,-11.543723584285544,-10.605250211897411,-10.645514903488142,-11.522361361703018,-10.311088332008897,-10.960849636209971,-12.512960202460173,-10.03136277154404,-10.88028335547148,-10.221980681098412,-10.802575452333038,-10.37367214706631,-10.216415682038932,-9.694118344271072,-11.862096128656647,-11.656807306756104,-10.50266877791156,-11.828455098455697,-11.323252259693009,-11.708810942410723,-11.177751644048296,-11.626693544464947,-12.615502863972957,-10.577627021890256,-12.37874405029755,-12.087156487010809,-3.355892831129525,-2.544324021433505,-4.73146857138836,-7.252280492001171,-4.675967155833581,-3.896410324476326,-3.9192224147203913,-4.408895743199045,-4.90968917325311,-6.038512357844626,-5.312763858634336,-3.071939587433024,-3.148315874112668,-3.929388444794614,-3.884264541511479,-5.844791764853992,-4.73264376404183,-5.246286455772971,-3.986436023756269,-4.84662583319436,-3.984066532472093,-3.40825224968207,-4.213568193201209,-5.287768515908634,-3.5441705489777444,-5.472907575103049,-5.147533325330819,-4.8400513636160944,-4.279952160221338,-4.479806541306836,0.99421756591445,-7.252280492001171,-2.544324021433505,4.707956470567666,44,-11.290294106212537,0.915503856222718,-13.668468659783288,-9.694118344271072,3.9743503155122166,8
281,P0281,3,Built-up,0.3866955,-15.03218475342836,-8.001150469514934,0.5322679704086346,7.031034283913426,79.38775983454279,10.951496375993704,interpreter_1,2026-09-27T12:53:36.150Z,000000000000000000fd_0,-15.339953950584793,-15.183530398578595,-16.085706849613857,-16.91963288164772,-16.086499500730678,-13.696601117458034,-14.835648487519755,-16.106334890658392,-15.416239516385462,-14.221711130679251,-16.309528192728273,-15.03218475342836,-16.0091142377486,-16.44693219592867,-15.969159967638918,-14.37882350805796,-13.151740288762666,-14.274726590196368,-13.832345045955265,-13.33135715094426,-15.487712255778789,-14.37797441926895,-15.035339250263316,-13.75590364466002,-14.066558616262334,-13.839196892544413,-13.60685383690599,-14.228031228310678,-15.07004702212299,-7.341693736970846,-9.931102146093206,-10.836043207514727,-10.841877348250366,-8.262385293039832,-8.2681993106079,-7.274514850975226,-7.826178686040403,-7.457356109585889,-6.252074143927663,-6.626551554778865,-8.150311531180064,-9.37958499772392,-6.978449637070783,-5.659003662263288,-7.993125669761801,-7.64670582323708,-9.043102557992452,-8.03194404138358,-8.144010217836177,-8.286509439654509,-6.588721362694374,-3.8513027246798073,-6.739596744506758,-9.130758405236152,-6.1625002475883415,-8.052125030037335,-8.432809757859236,-8.001150469514934,-7.834127196827779,1.4481967948382592,-10.841877348250366,-3.8513027246798073,6.990574623570558,44,-14.899840959357356,1.0307093762652637,-16.91963288164772,-13.151740288762666,3.767892592885053,44
302,P0302,3,Built-up,0.30116603,-17.41158272305691,-9.52365074368699,0.546972144644582,7.88793197936992,79.44381470827186,11.14095106941451,interpreter_1,2026-09-27T12:55:23.682Z,00000000000000000110_0,-15.486167279773037,-16.800291244521812,-17.034385971556873,-16.7817114065638,-17.145847014935832,-16.522217123353304,-19.45236500901302,-15.3290614954029,-19.23582256082456,-19.41776025670079,-19.229599154357214,-20.13064036510156,-21.5327441517538,-15.771209938118806,-15.654408748811049,-20.267115138154928,-16.148642016768683,-17.8115994868868,-13.787036352678768,-14.370074106905514,-16.763459502030827,-19.428565351528537,-13.435967291932476,-20.73145608386755,-22.51328989805648,-19.103676922128702,-19.683891835207,-18.476135375984946,-17.41158272305691,-6.755215825760704,-7.384299301779928,-10.6301267748883,-10.040345930698615,-10.594586124705677,-7.528565323459892,-8.728995856585517,-7.923839988451604,-11.572505147845384,-10.157443647796423,-9.380162305176093,-9.195427360867688,-13.186017524346756,-7.046486473019209,-7.164443641073056,-9.545217275744582,-8.474701669441904,-7.806426072573894,-7.766014304059122,-10.58338557848143,-9.325960164600335,-11.102147880575464,-7.183661488279224,-9.52365074368699,-13.475634825327292,-12.84656431568144,-12.477246872582448,-9.701998543223883,-10.271749123054512,-9.564580002888531,1.8945309383873083,-13.475634825327292,-6.755215825760704,6.720418999566588,308,-17.774369786412983,2.272623523692288,-22.51328989805648,-13.435967291932476,9.077322606124005,308
320,P0320,3,Built-up,0.5989529,-13.567925396147412,-7.371101353945461,0.5432740185937691,6.196824042201952,79.40824142302073,10.970360996960215,interpreter_1,2026-09-27T12:56:15.963Z,00000000000000000121_0,-12.27374665511716,-12.114193460010863,-12.089982046485371,-13.782695463851148,-13.559831283565355,-14.414114684205453,-13.856139236164768,-13.77308430672201,-14.578496631045956,-11.373206941301843,-15.293928713551384,-13.3622947029274,-12.674469575535454,-13.227823509559425,-14.248484359100363,-11.600492106637931,-13.1325319552865,-13.138520689290464,-12.25215708854492,-13.00953147023639,-13.567925396147412,-13.141250696952824,-14.155350482784536,-13.729115726160966,-15.060980505472362,-17.06120133800923,-14.607668078549136,-14.576783719985729,-14.366124470024882,-4.99064793546312,-7.403517495746719,-6.30273835599046,-10.017839599918712,-6.498006516311953,-8.216812632968445,-9.57644515299075,-9.292572041199865,-8.945885565524188,-7.6669010701415,-7.126512643659305,-5.472442550308267,-7.824084289915555,-5.354188524066718,-5.414883667851597,-5.510759329174045,-6.686738554170276,-5.298296915662203,-7.4261719020112915,-6.692656703327495,-8.859649772338177,-6.729087054336259,-7.730898652770258,-7.371101353945461,-8.346994026637875,-7.955013267877053,-7.326528015837623,-6.8464096366776594,-9.16074659902693,-7.311880338822407,1.368332013156978,-10.017839599918712,-4.99064793546312,5.027191664455592,44,-13.586969837697492,1.1904070657173482,-17.06120133800923,-11.373206941301843,5.687994396707387,320
328,P0328,3,Built-up,0.52298707,-14.687481443548606,-8.543909162704974,0.5817136992168143,6.143572280843632,79.44947409456181,11.092262381015232,interpreter_1,2026-09-27T12:56:45.153Z,00000000000000000126_0,-14.300507276943009,-15.22171377103367,-16.257327978227924,-14.405191355769364,-15.103592996520607,-16.38556439069728,-15.36719608742027,-15.416716751018209,-15.905421566994038,-14.352690156294372,-16.510814079826893,-14.066530967626104,-14.652403492771397,-14.133897523823906,-14.687481443548606,-15.313678141179668,-13.31177347056544,-13.165643419769191,-16.20500594994393,-14.093545738728253,-15.93241755091981,-13.777883558309696,-12.984403275072456,-14.520864729006666,-15.232020184453932,-16.460187762016872,-16.09355465212998,-14.417582939872071,-14.286592062438292,-8.408798099706921,-8.543909162704974,-10.35988892397717,-9.102258782643384,-8.59501041720564,-9.301477820684358,-10.07181010364846,-11.142644084204123,-7.822839896930236,-8.58794046651849,-8.007725476889174,-8.264868807815938,-9.198370431661443,-8.477595877729389,-7.351113120557649,-8.199271314543946,-6.589086633925527,-8.181218134307253,-8.14096674664226,-6.858894124159822,-10.138804950831188,-8.889024219335823,-7.362387355740458,-9.330717913451297,-7.802352871883155,-9.688679341217972,-7.754953593574444,-9.821043730832791,-8.909279928832287,-8.651825252832952,1.045446198525473,-11.142644084204123,-6.589086633925527,4.553557450278596,104,-14.91593804389386,1.0058584592051631,-16.510814079826893,-12.984403275072456,3.5264108047544376,140
334,P0334,3,Built-up,0.2569316,-15.620684086122038,-9.614131935789906,0.6154744493124624,6.006552150332132,79.1961491844401,10.890321105145166,interpreter_1,2026-09-27T12:57:09.600Z,0000000000000000012c_0,-14.463256895687948,-17.342116933663732,-16.754548633011296,-17.56241207617076,-20.310683219844847,-17.901181615971154,-16.70025372895398,-17.40444975839513,-17.964227276002664,-14.024352055153242,-15.994637293779956,-13.91819017793135,-13.142411361658471,-15.999248928690337,-14.45864573778912,-14.389904358346673,-13.96247990039588,-14.858870350609214,-14.820191600218786,-14.044096711294747,-15.620684086122038,-16.660195734767363,-13.756197168129267,-15.619613561657228,-16.534192802416726,-15.01593661433864,-16.226522705919923,-16.011840786442374,-15.495097039191796,-7.996754702043186,-9.503604814815098,-10.121613679889176,-13.374415985211366,-12.053564240994202,-9.851035725377209,-10.739715512156744,-11.11018730318187,-12.30230209287668,-8.531878639158863,-9.245203590891224,-8.529347006670214,-13.133567786531671,-9.299632635640773,-6.515129481698574,-7.147612102746008,-6.992926568550452,-9.203217948282116,-8.943829934241453,-7.831179119216719,-11.353337320714108,-10.411989815967257,-6.503202421945746,-9.332068319292452,-9.614131935789906,-11.55113904985872,-9.871351932892043,-9.730085693204355,-9.953236571016843,-9.680940066581206,1.7842660294995043,-13.374415985211366,-6.503202421945746,6.87121356326562,44,-15.757118590088089,1.5902895411673403,-20.310683219844847,-13.142411361658471,7.168271858186376,56
345,P0345,3,Built-up,0.43248066,-16.222991828843867,-9.614059400378348,0.5926193825287461,6.60893242846552,79.39970742782158,10.896609312134002,interpreter_1,2026-09-27T12:57:55.433Z,00000000000000000137_0,-14.464893035789396,-14.684585378260056,-15.447438271777076,-15.02601541331662,-18.09008457308749,-14.73889708224203,-18.26280139098005,-15.154619429016194,-16.28965922709447,-16.65294379342171,-16.384256419932186,-17.56345146010345,-17.170372033415397,-16.643883816812973,-17.809138909250464,-16.974607372609846,-16.496503863862266,-17.57785348621876,-15.1016136392655,-13.539776712761045,-15.33167160383102,-15.138106974403955,-15.791611633724829,-14.14761587670167,-16.097150419705464,-16.28114348141135,-15.402235569864391,-16.222991828843867,-16.913635656262148,-9.510883700098724,-9.239926547419111,-9.016294741809736,-9.614059400378348,-11.174897812589208,-10.244992120961454,-9.459670949996074,-9.243584409172987,-9.869229560018857,-9.497280150707128,-9.052536361829048,-10.25693403517012,-9.282958828348752,-10.197304648136305,-7.646100202455891,-9.1145034695617,-10.00018534748824,-8.99348388488971,-9.734946644366774,-8.976189579953537,-10.227367671697184,-8.23285836496432,-7.570386619102384,-10.44122798788844,-11.045593169041808,-10.407001892891154,-10.07637069671973,-11.08194710608586,-10.445764155643806,-9.643257933082287,0.8846729500091634,-11.174897812589208,-7.570386619102384,3.604511193486824,56,-16.048260632895367,1.2001006747398466,-18.26280139098005,-13.539776712761045,4.723024678219007,92
350,P0350,3,Built-up,0.57186717,-14.2342310035517,-5.258796781818037,0.3694471995365166,8.975434221733664,79.4110262004015,11.09441833769712,interpreter_1,2026-09-27T12:58:10.858Z,0000000000000000013c_0,-13.27299968535813,-13.326899550415169,-15.86293104504062,-14.96379914145152,-16.55223894742058,-12.791989351916648,-13.164251906686314,-13.960914933356076,-15.837015751410064,-14.38967941448934,-13.516428536453924,-14.2342310035517,-14.512185502665512,-14.87368498301894,-13.903811468403555,-15.063998671329587,-13.180190100926218,-11.959021860057735,-14.45645846085809,-16.037461005088172,-14.47994111096132,-13.543913183090064,-13.36210662869891,-13.407277565170904,-14.965711838182596,-12.97889431757514,-13.997956327030012,-15.03420516193342,-14.57170976389553,-5.6121388155188825,-3.878205944840782,-4.754102794616105,-4.572441802763134,-3.3332194780464053,-5.743860438915172,-4.539907923001563,-4.77343322492249,-3.1667915693044915,-3.39891663876151,-7.037124472504832,-4.578345644905608,-5.554444473653277,-4.494570225631089,-4.275348927521287,-4.6783256282372125,-5.513847691960228,-6.183816399167158,-4.820766443195508,-5.258796781818037,-5.550671947445876,-5.3419688865537776,-6.18102527959948,-6.209097276348548,-5.836817860066869,-4.957276023987334,-6.444665154364273,-5.554279856950659,-5.530121079231511,-5.095666506339073,0.9297317509837516,-7.037124472504832,-3.1667915693044915,3.8703329032003406,140,-14.213858869532263,1.0582295847186294,-16.55223894742058,-11.959021860057735,4.593217087362845,56
356,P0356,3,Built-up,0.24481867,-15.44193598927633,-9.026479243983797,0.5845432366933943,6.415456745292532,79.06643245741324,10.88088879466191,interpreter_1,2026-09-27T13:01:00.075Z,00000000000000000140_0,-16.23512772978661,-16.162334427230792,-15.44193598927633,-17.773220025306664,-16.931803495485237,-17.834603038640886,-16.40829162324979,-15.417591394965337,-13.81029464999508,-14.531530831134312,-14.044477707920787,-16.735037678085092,-17.79364724527075,-15.132032512273776,-15.35261302081403,-13.738422186659982,-13.61770734421471,-16.728766872626828,-16.61645113343979,-16.17821400872993,-16.418530645160068,-14.739410190972166,-12.294887227585187,-15.867549166227356,-15.418333262626344,-15.225923780386934,-15.376146509280892,-14.587313252269364,-16.178969360236827,-8.61237518700629,-7.214711596641776,-8.345177493052667,-9.348477856502166,-10.029000821529849,-8.57371151079356,-10.36488247574766,-9.042510478028015,-10.735503822504937,-9.026479243983797,-10.03866266170016,-9.382882685883429,-7.488357884805144,-11.246087123942512,-8.31512419360129,-7.353251000542905,-6.11509157533241,-8.019770705494638,-11.40615342758771,-9.319531641713144,-8.933192754312584,-9.034493811250163,-7.275515206774154,-9.671364983726756,-8.872455094797697,-9.579957507531924,-8.783653075557126,-9.909094536644211,-8.900700025832087,-8.997867944235198,1.1974537903105076,-11.40615342758771,-6.11509157533241,5.291061852255301,236,-15.60659194171903,1.314261448917058,-17.834603038640886,-12.294887227585187,5.539715811055698,80
362,P0362,3,Built-up,0.64017254,-16.040499258905697,-9.41536191456813,0.5869743679792706,6.625137344337567,79.17081669342794,10.912150166549267,interpreter_1,2026-09-27T13:01:19.199Z,00000000000000000145_0,-15.77949980076866,-15.044757582866664,-18.72112128293065,-16.527417511702183,-16.045986822138573,-17.134898876940767,-14.38811579877606,-15.316829318234046,-15.946783346306097,-16.28997698615927,-18.06477168906834,-16.040499258905697,-16.04796320995403,-16.239130897781735,-17.861195066607372,-15.4132331587992,-17.0492876463237,-15.421422078302138,-14.757691308394254,-16.039792959608977,-15.896269511727724,-17.353451282846294,-14.24866897087256,-15.69130316316119,-16.904240666198056,-15.312372789019488,-17.25110943531162,-16.053375124844663,-15.95927004481451,-8.934005790529124,-9.41536191456813,-8.743969488792,-9.511284135618247,-10.776960055404867,-10.208158927629452,-9.068439691960911,-10.530645144672391,-9.76700810242561,-8.390436583065476,-10.969432712792845,-8.275105505823113,-7.7242664454842815,-9.77525592039774,-8.268369573080172,-9.62522485712251,-10.043981143382313,-8.774578603447113,-8.063890586775791,-9.740113849360284,-9.548730119496556,-8.857456455783122,-8.124586908936557,-12.027942650571378,-9.700232427863307,-8.355631179810546,-10.041321905067612,-7.64658348780772,-6.614444371334848,-9.224945466862208,1.1273011115237903,-12.027942650571378,-6.614444371334848,5.41349827923653,296,-16.165532261702225,1.038397358096907,-18.72112128293065,-14.24866897087256,4.47245231205809,32
374,P0374,3,Built-up,0.5963258,-16.26914231212263,-9.120454066866303,0.560598333451812,7.148688245256324,79.11018041174987,11.063426460394997,interpreter_1,2026-09-27T13:02:19.872Z,0000000000000000014f_0,-15.088185347389278,-17.5090418174164,-17.432694738521988,-16.130482563827464,-17.754574441545195,-17.482671093677006,-18.381928125109912,-18.95708934725513,-18.69462565805083,-15.794842008043108,-15.650646063100025,-18.557018302250643,-16.031966029669043,-16.022076894180305,-15.628440282224084,-17.32748735147823,-16.142523407118155,-15.846352941838418,-16.398074919528717,-15.973663628796546,-17.06392545355459,-16.808853864241286,-15.50011887064496,-15.088180648391477,-16.26914231212263,-15.673141596828426,-15.056792804986014,-16.698421950261675,-16.519427979028297,-7.915528537931359,-11.050686272476558,-10.796331653570348,-9.095714484919265,-9.126096359800924,-6.854389049290152,-9.98182529770103,-10.668521856425333,-9.658495178168591,-10.36622355580364,-7.920127432175281,-12.02357983489488,-7.130575468529543,-7.947545974987751,-8.589011215054697,-9.120454066866303,-8.592262016073088,-8.396868044528269,-9.524487941616965,-9.998293738046604,-8.512260338784882,-10.225246357851834,-6.248226931532056,-10.85228897545088,-8.657464612677458,-9.481266743759702,-8.377411974885135,-9.760460975833492,-8.553335557284667,-9.152585532652436,1.309938870523403,-12.02357983489488,-6.248226931532056,5.775352903362824,152,-16.602841049692408,1.1000987212891682,-18.95708934725513,-15.056792804986014,3.9002965422691176,104
396,P0396,3,Built-up,0.18492341,-16.0085172468099,-10.12451068740697,0.6324452496950979,5.884006559402932,79.10748546589751,10.88780582234963,interpreter_1,2026-09-27T13:04:21.558Z,00000000000000000163_0,-16.0085172468099,-15.482173607655996,-16.786069585314028,-16.540236447681398,-17.71315498794535,-18.22763002578968,-16.323652156069436,-17.925631628778408,-16.07847521383331,-15.1364621068454,-17.24228018788812,-16.78413220561622,-14.814053724261566,-16.307879916512803,-15.651690084481729,-14.724754353012225,-14.35721659239508,-15.225034358387008,-15.401594652486354,-15.858355234343405,-16.38272655534714,-16.048237390450502,-14.629570625284911,-15.47226407204678,-15.585697940874642,-16.968499188147483,-15.62848403668812,-14.95422498546048,-17.5843555550668,-8.478773796698686,-9.23236787574655,-10.749858260199048,-11.500983923378982,-10.528904009596337,-10.431530088460546,-10.459369145033271,-10.462090586062162,-10.767523752036528,-9.454470807019048,-10.688049700219617,-10.124510687406971,-7.591007009042676,-9.483791481131194,-8.80482158355418,-9.017898707610527,-8.222432685650512,-8.962271459988456,-9.719190319510036,-11.59634832193706,-10.391243782651127,-11.131966149774351,-8.424379424562414,-11.454579057641428,-11.318113490398144,-11.386496172564248,-9.369172425708726,-9.276714125774555,-10.000663313875924,-9.966535246318388,1.0810666619310545,-11.59634832193706,-7.591007009042676,4.005341312894385,248,-16.06355360915428,1.013087394371171,-18.22763002578968,-14.35721659239508,3.8704134333946,80
430,P0430,3,Built-up,0.58617187,-16.001269227595472,-9.725036093209424,0.6077665436962851,6.276233134386047,79.17764388958724,10.96838470333515,interpreter_1,2026-09-27T13:09:34.443Z,00000000000000000182_0,-13.455423070547512,-14.943012822135255,-17.43156258747707,-18.310862423169244,-19.43462404740621,-17.49664818585735,-16.458727556764543,-15.985889618661137,-16.055116451588038,-14.091925775073316,-13.411436604009292,-17.440942635902335,-19.246161721063515,-17.274195614932623,-19.706287540863983,-15.617695657680546,-15.860112384192089,-15.537163707847771,-14.361081731133469,-16.001269227595472,-17.827693536325782,-17.795464064151133,-14.68119203909243,-15.46717320158657,-16.617790108968194,-15.747898726599487,-16.225654897505844,-14.276536179161148,-15.851547539446964,-9.011077694563848,-10.099935417612162,-9.725036093209424,-9.996339261198475,-10.48381014867189,-11.438112002935936,-7.050600105923724,-9.528871147241802,-10.604985382494318,-10.85344237656447,-9.74412507609912,-10.054206492346893,-9.857305724909624,-11.91327607832289,-8.412977264553255,-9.695831894055791,-8.187251826379292,-8.605712548518385,-9.582264310446869,-8.36390456544166,-11.0347320625238,-10.383336636281804,-8.594256552088686,-9.632892612513302,-8.537735145028476,-10.23104689002025,-10.547896032311137,-9.331022744467308,-9.274396441402036,-9.6819441561423,1.0452480712118857,-11.91327607832289,-7.050600105923724,4.862675972399165,176,-16.29693412609442,1.6622807084349718,-19.706287540863983,-13.411436604009292,6.29485093685469,188
436,P0436,3,Built-up,0.49999997,-14.930764948636616,-8.00752259255971,0.5363102707802594,6.923242356076907,79.32379978631349,10.8988551003443,interpreter_1,2026-09-27T13:09:51.553Z,00000000000000000188_0,-15.216627129760544,-16.264925867160645,-14.299734320770876,-15.779527043822323,-15.736342610123256,-15.190308074865737,-16.05933962212468,-13.90662143502829,-16.100300931797833,-14.10710952964164,-14.930764948636616,-13.967115672001391,-14.549548876924804,-15.18817153402682,-14.682208098171213,-14.228489104599758,-14.934024984875782,-14.20494312074875,-14.013883764882388,-14.420799196857654,-15.778409606683578,-13.826978732782498,-12.77057506648569,-14.19622043031142,-15.77373882772605,-15.90678808132688,-15.084762430665933,-13.872660119887543,-15.072926076946093,-8.350137168096298,-9.176397924798646,-7.682974157849026,-6.476478871326697,-7.588391184130957,-8.413419608917064,-8.30179307668776,-7.723079438893575,-8.101354573667516,-7.001193984117288,-8.564536102859075,-7.32372317710441,-8.762268955977586,-7.0145030953893865,-5.319933272598475,-8.386794555861943,-8.141200427182179,-7.7397202048999825,-8.00752259255971,-10.306797905046649,-9.05402677126751,-7.032221312320771,-6.523837697361334,-8.578690192956376,-9.764744220732148,-8.620328571037895,-7.330747423589154,-7.5493667375641635,-7.105707614601114,-7.929030717910161,1.0150446283597323,-10.306797905046649,-5.319933272598475,4.986864632448174,248,-14.829787766884024,0.8522180698684912,-16.264925867160645,-12.77057506648569,3.494350800674954,20
437,P0437,3,Built-up,0.36196867,-17.1499817778931,-9.710709736490678,0.5662227436887488,7.439272041402422,79.43195694652148,10.951855702107352,interpreter_1,2026-09-27T13:09:53.972Z,00000000000000000189_0,-15.954275199138507,-16.933919703704984,-18.07481137958976,-19.219748759909464,-19.946891443366155,-16.770294740004516,-18.68499893201628,-18.59398576618508,-17.750994389631664,-15.702723356047184,-17.756179552042923,-17.962626405101567,-16.895792463371603,-17.63914341169172,-17.538852322904866,-17.1499817778931,-16.755484770361903,-16.11305710608423,-15.808710139837498,-15.930472123465622,-16.691749040313812,-15.008627999661352,-15.394693108462356,-15.326454609375688,-17.79210753626959,-17.558511067548462,-17.733889026737366,-17.597031234392144,-15.788627515699636,-9.354219267485618,-9.962800110465256,-9.710709736490678,-11.07802354507971,-11.11734257710808,-9.793154759385638,-12.104293494834277,-8.746095067765037,-11.878603428928995,-8.046753986117277,-10.653957831417046,-8.899462720251517,-12.033141756804191,-8.738115833027011,-8.20248384868313,-9.587569521015826,-9.25560657107028,-11.93545660360737,-9.658609437853498,-11.341650648146953,-9.709489631528244,-9.102737475492765,-8.919591677153777,-11.091766135912737,-10.055098088525527,-11.490990377776818,-7.1560578774964325,-9.60212562825543,-9.986433601806048,-9.972839353085696,1.272829345662044,-12.104293494834277,-7.1560578774964325,4.948235617337844,92,-17.106021892441696,1.1976797729612647,-19.946891443366155,-15.008627999661352,4.938263443704804,56
445,P0445,3,Built-up,0.6056338,-16.562173144277704,-9.86325367358141,0.5955289555096339,6.698919470696295,79.09428023122095,10.99865792840998,interpreter_1,2026-09-27T13:10:19.177Z,0000000000000000018e_0,-16.03393961601285,-17.36293149072806,-17.9519450929877,-19.96493429401157,-17.873612566042027,-19.60546949186036,-16.94663544971671,-20.867467450044607,-17.918406583866965,-16.544937081135544,-19.959944434063324,-16.97363085571453,-17.17843850784565,-14.325853568673256,-15.603918280118858,-14.021624587644444,-15.496688215933954,-16.155580291227597,-15.210774348502136,-16.472736606327757,-16.807082747566938,-16.562173144277704,-14.202882483372562,-14.439933298968704,-16.992371261177677,-15.062917288425195,-13.969657368133165,-16.725462069454554,-14.4601396252901,-9.309041102694918,-11.248837151538286,-11.082410399896256,-9.849941538921016,-10.953534286703668,-10.7242314100136,-10.238257107827344,-11.342466013004293,-9.816636072640511,-9.436295739054724,-10.66980980947735,-10.704341155792786,-9.843920320187308,-8.458127245356952,-8.413502693848837,-8.313304261684738,-6.8264075236919215,-9.86325367358141,-9.40410555902832,-10.760832746453897,-10.304775588995607,-10.386554782855317,-7.598775344359021,-9.305423951943885,-10.814985424872653,-11.785807414212837,-8.72693703714392,-8.663800867628714,-10.541432478556157,-9.840956851791937,1.1732308246168288,-11.785807414212837,-6.8264075236919215,4.959399890520915,320,-16.610072003418082,1.8307751334011289,-20.867467450044607,-13.969657368133165,6.897810081911443,104
454,P0454,3,Built-up,0.45811152,-14.51378849391784,-7.887734556804917,0.5434648961647992,6.626053937112923,79.15132325176253,10.899573752571596,interpreter_1,2026-09-27T13:10:49.896Z,00000000000000000197_0,-14.4851174890434,-15.858071899701422,-16.60765356957546,-16.593334281921614,-14.491003471343111,-14.51378849391784,-14.78162074943202,-14.6965791215069,-13.755790697197057,-13.22473394533227,-15.64900787452368,-14.722906946127567,-15.421433353319,-13.53036686066232,-14.464192015830582,-13.096871630078605,-14.49476323218561,-14.678796184063165,-14.080790051292432,-14.357571356669403,-13.60865981999238,-14.915293038430562,-16.148988284083792,-14.47496764816243,-13.991496864163317,-15.423027935474906,-14.747117966939708,-13.02504754771677,-15.009076064710325,-6.558167075086086,-7.817040179865328,-6.435706212062023,-7.441999760617342,-8.951953065070779,-9.142317273391235,-8.41309042856874,-7.887734556804917,-7.662182101320118,-7.395541824579066,-8.453163329936856,-7.228890083898124,-9.021979413919826,-7.790678295098505,-8.036273062620765,-9.43524295433162,-7.990980184216485,-6.763684418367003,-7.721993485636153,-7.104637297675226,-8.514168360004602,-8.50651331059972,-6.650797917293251,-8.03355802020917,-8.797923551350518,-7.108418979464936,-9.05367988276115,-8.539540657322604,-7.77551046142322,-7.939081591155012,0.8140930235457778,-9.43524295433162,-6.435706212062023,2.9995367422695978,200,-14.64993339287578,0.927835878952927,-16.60765356957546,-13.02504754771677,3.582606021858691,32
481,P0481,3,Built-up,0.24481328,-18.346292063892488,-10.994047755844012,0.5992517571156245,7.352244308048476,79.2374716875096,11.072499444764604,interpreter_1,2026-09-27T13:13:03.850Z,000000000000000001ae_0,-17.98326373612179,-20.94646128489814,-24.49232071294561,-21.35065878396853,-20.93941705722382,-18.5738584745306,-18.346292063892488,-22.64043510447514,-18.25179316501408,-17.996743583552288,-16.188922328643102,-15.802207458136508,-16.88082594729162,-15.239657068854555,-15.370975034602669,-14.82332200351795,-14.736318003179608,-16.909941378689503,-15.66121048165036,-16.414355896851667,-19.810496723602625,-20.165008162018623,-14.942890626703251,-18.807789469120006,-20.416262086253266,-19.91461200908943,-19.671973861928024,-18.4594198326505,-19.39884103531834,-10.47318141980855,-12.909470635117136,-13.007700424555878,-13.06034317546614,-11.891115733559433,-10.994047755844012,-14.986833811166736,-13.828493039399689,-12.027506532988586,-10.128624341634993,-9.477639321864713,-10.582112268944767,-10.440449739839652,-8.15649712359878,-9.796033940258187,-9.447059002088224,-8.503419576293524,-10.506734328625338,-10.5948666479561,-10.34132704639517,-12.04841946693357,-14.106522249745844,-9.117947558378372,-12.980128709133655,-11.011980602896754,-11.758439663972617,-13.468940459420956,-9.711843582080302,-13.29519112180757,-11.33285756137156,1.7531059696887088,-14.986833811166736,-8.15649712359878,6.830336687567955,92,-18.315043909473243,2.464280048143987,-24.49232071294561,-14.736318003179608,9.756002709766,32
484,P0484,3,Built-up,0.017417444,-15.993222281885892,-6.895341097910347,0.4311414533217668,9.097881183975543,79.36781723523535,10.952754017391472,interpreter_1,2026-09-27T13:13:18.908Z,000000000000000001b1_0,-15.993222281885892,-15.58776723766048,-15.569782098668682,-14.943435988257438,-15.807963516546844,-17.369923248819322,-14.387616342642575,-17.39250639242677,-15.439932460059936,-16.66068765245802,-17.170899970738322,-14.203320680943197,-16.72601168032965,-15.825844672890208,-17.31242457226605,-15.417546616576631,-14.526006198125195,-17.418367140248012,-17.144669430662017,-16.619302567509212,-16.610745720857434,-16.6673527771956,-16.65298721133795,-15.12068379491438,-16.750148847330824,-14.550559045705976,-15.16102476335625,-14.292380050547491,-17.27383978422968,-5.3346299665239405,-7.11340331566438,-7.049311019580253,-7.09180574536774,-7.360043409739433,-7.342964503769085,-7.571578117285158,-7.2935423863790145,-7.544257861858719,-5.823505055065656,-7.929197644833335,-4.843499814204774,-7.81379681351956,-5.405153219596274,-5.940685743922173,-6.2119273313721335,-5.870140736304,-7.015752918202415,-7.647258822371866,-5.92073994882891,-7.494448006182635,-6.381520561936119,-4.219190537323599,-6.560416777904687,-8.122945051008086,-6.668003702179429,-5.050587036333852,-6.895341097910347,-5.749230904436956,-6.595340622400156,1.0002131068744853,-8.122945051008086,-4.219190537323599,3.903754513684487,308,-16.020584577420347,1.045222524395604,-17.418367140248012,-14.203320680943197,3.215046459304816,224
485,P0485,3,Built-up,0.33170533,-17.28314674128648,-10.900522919579927,0.6307024457265322,6.382623821706552,79.35030008719501,11.03683632798506,interpreter_1,2026-09-27T13:13:23.286Z,000000000000000001b2_0,-15.324299386220655,-15.727302235983124,-18.06792609036671,-16.916271522198613,-17.696845500517142,-18.279624783238887,-17.88963944065494,-16.966050272352476,-17.95214448879021,-17.540777737957114,-17.60753597960562,-18.51214967216325,-17.138084368525046,-18.29883534727368,-18.89978312747434,-16.796184529903638,-17.060312863620588,-17.263201658281695,-15.603247781287928,-17.08735630670813,-16.539784970138882,-17.942289146775558,-17.28314674128648,-17.967393301628015,-16.875517467225617,-19.15511121355805,-19.087982343142325,-16.988478818021253,-16.446692688933922,-9.42091892822767,-10.552711523597162,-12.361923195275466,-10.723116019141212,-11.703673429898572,-10.94725170292946,-12.833445121994137,-12.421971220449723,-12.888476386021496,-11.916042268172102,-10.534576322917664,-11.679859388101937,-11.66053301394562,-10.774286571057148,-9.85196506247098,-10.849163062328586,-10.543060207290775,-12.29265420791764,-10.502793384686711,-10.900522919579927,-10.574383845735994,-11.862076753390385,-9.803930382719376,-11.06037407881271,-12.455808283286034,-11.441922096210956,-10.76667088785463,-9.945412792398932,-9.930159223800736,-11.1448166303522,0.945622824620578,-12.888476386021496,-9.42091892822767,3.467557457793827,116,-17.410826544270137,0.951965169400696,-19.15511121355805,-15.324299386220655,3.830811827337396,320
488,P0488,3,Built-up,0.54469943,-16.248004068502198,-9.129593351446475,0.5618901443497777,7.118410717055722,79.05089160299798,11.041687230519305,interpreter_1,2026-09-27T13:13:36.627Z,000000000000000001b5_0,-16.053314158450757,-15.591599518259317,-16.52925458044114,-16.719028347805345,-18.48970688681687,-15.961695405291724,-16.60348774277631,-15.66295757776834,-17.623924766245675,-17.966335170965444,-15.763662896255225,-16.160174326388923,-16.702731377418004,-15.927395518305053,-14.594005280154173,-17.094269204303224,-15.927653956720428,-15.67055178359306,-14.72373597358683,-14.850240640779738,-16.248004068502198,-16.31910623490154,-14.3802050176612,-16.43395718148142,-16.546789612761003,-17.3970717092462,-17.376935567137757,-17.571705665060453,-15.840465099364954,-9.196052223466802,-10.244617261034248,-9.129593351446475,-10.380895801555718,-10.292368957732153,-9.45553939621156,-9.678110459270734,-10.42596392564171,-8.96041588406249,-10.519498679253765,-8.361674864748123,-8.212810660369424,-8.069865008416201,-8.438479888838296,-8.268874753320109,-8.323237561983664,-7.808384598313307,-7.633654950953577,-7.573814029494849,-8.838598310477805,-9.7582338632937,-11.304985234835192,-8.195824076776738,-10.266696989538302,-7.523182653492675,-9.471930220449076,-11.312047512013024,-8.973509473448578,-10.21159155905928,-9.201050074120609,1.0974014208517926,-11.312047512013024,-7.523182653492675,3.788864858520349,332,-16.3010332851187,0.9818615263088332,-18.48970688681687,-14.3802050176612,4.109501869155668,56
495,P0495,3,Built-up,0.47757518,-15.241861827652608,-8.006433478428862,0.5252923539762813,7.235428349223746,79.42998065289642,10.991830732250673,interpreter_1,2026-09-27T13:14:01.108Z,000000000000000001bc_0,-13.306963118886532,-15.37965602410008,-15.793137778269324,-15.43194311399948,-15.65854352341069,-16.2393112462316,-15.241861827652608,-17.668036693526574,-17.8417922545176,-16.147703667821848,-14.982987054581612,-14.28779255313206,-15.97513119866126,-16.4623956482108,-15.337337202398418,-15.121904362476792,-14.753542798182842,-14.612869885081048,-15.448438817332262,-14.902750251580477,-15.440811226237503,-13.6042375334695,-12.869676810197364,-14.90908851140102,-15.228107287535227,-13.968949981717085,-14.948428218003675,-14.326364372191556,-16.490570486113622,-6.701911545494559,-7.962639561926117,-8.705224451500392,-8.895975245359322,-10.251244211789928,-8.797484416547812,-8.451805658501714,-7.462781877539203,-10.660554630456511,-8.13739814302804,-8.006433478428862,-6.209181083298598,-7.201328633120495,-6.1114068498444,-7.393841834845965,-6.8574924559795765,-7.529511998220679,-7.087555946618975,-7.257984508112877,-8.851118089123673,-9.209286311360565,-6.727704416340848,-8.090205053583862,-7.394396584926907,-10.254148744026416,-6.374468688646189,-9.15398181781548,-9.850039691821538,-10.428665221891816,-8.138474867246599,1.2994742339597414,-10.660554630456511,-6.1114068498444,4.549147780612112,116,-15.25449425679036,1.1004165848489915,-17.8417922545176,-12.869676810197364,4.972115444320236,116
2,P0002,1,Rice,0.5253246,-15.763295707938694,-9.84801456538465,0.6247433752337085,5.915281142554044,79.32892018343297,11.107623572373678,interpreter_1,2026-09-27T12:16:41.507Z,00000000000000000001_0,-15.763295707938694,-14.68220476955966,-17.21359210442267,-17.477527073642204,-19.16245058179196,-15.751372873972263,-18.686175477105024,-17.904253566690414,-16.01307807937099,-17.153179195862105,-17.013532371213735,-14.115751303484377,-14.907977896630484,-14.109898318551142,-14.257925535969754,-14.866210825762357,-14.020797616092814,-15.971156397310184,-16.186045370191533,-16.304239813074812,-15.918319711283878,-16.827596415237885,-14.461342517159984,-16.145851223883984,-14.644208948595727,-14.605069509862895,-13.538632026100696,-14.795977036195332,-15.16442890307212,-10.11035359386212,-11.123023416291424,-10.087563045089285,-9.396957686632636,-14.544167578004355,-9.410349272809306,-11.9162153078706,-11.391170020776066,-12.076249663541676,-10.35158001133049,-8.229667633103606,-8.333801213968506,-11.173688459100642,-8.81869497682883,-7.716725392417355,-9.543070447172733,-10.025459489635647,-9.817807535686088,-8.40638740528876,-8.361439665450703,-9.8668935739657,-10.839257433267807,-9.322650861620954,-9.852651248492544,-9.60679866986828,-9.84801456538465,-10.330303854324672,-8.57574416400498,-9.726379668951369,-9.958726408784198,1.3845281107617835,-14.544167578004355,-7.716725392417355,6.827442185587,56,-15.781451419656197,1.4272796021641907,-19.16245058179196,-13.538632026100696,5.623818555691262,56
9,P0009,1,Rice,0.39296484,-17.542992515702988,-9.991555411219528,0.5695468092046406,7.55143710448346,79.07550544178285,11.016354739507134,interpreter_1,2026-09-27T12:18:46.650Z,00000000000000000005_0,-17.72473800473002,-19.505809969359547,-20.98721079169864,-20.93845807277573,-20.258260988301693,-25.39373945760624,-16.94829895079043,-21.70759826938636,-20.75152053570767,-28.0432161554046,-20.83996497259191,-17.542992515702988,-14.809261492314816,-15.600388814572456,-14.71930369203011,-15.500605699726082,-15.709029574122004,-18.14477637943856,-17.64142115758186,-16.070991419529374,-16.613051167068537,-16.0337435801469,-13.415352399526734,-18.22897652347872,-16.579958904299748,-15.063943894862186,-14.241246364721746,-19.0366852880171,-16.45293918020859,-10.237302161873876,-12.972460409437526,-9.928764481845963,-10.882519746083368,-11.1085046349928,-13.08858208881212,-7.3028713631694995,-10.719214405447037,-8.866875445411539,-15.70472943393134,-13.088996569219905,-9.94946156443383,-9.56494609743598,-9.40862414162951,-7.758489308129349,-8.357363865720897,-10.804633531290442,-9.67174449128308,-9.991555411219528,-10.932377719467468,-11.111760276731331,-9.90192615666102,-6.612271227185028,-9.197236052206335,-10.816488597493542,-9.593893653276073,-9.303504874504466,-12.47532832766538,-10.341676041825936,-10.334279382013252,1.8493345934177636,-15.70472943393134,-6.612271227185028,9.092458206746311,128,-18.08632704192073,3.2598837615231018,-28.0432161554046,-13.415352399526734,14.627863755877868,128
10,P0010,1,Rice,0.60425043,-16.827953348810382,-11.301981520511886,0.6716194944354809,5.525971828298497,79.30268937713667,11.098281093418834,interpreter_1,2026-09-27T12:18:50.344Z,00000000000000000006_0,-15.748482522262108,-17.663534241132805,-17.740759439864505,-17.593179422711003,-18.204788494260526,-17.182425151694368,-17.639557244938295,-20.02230180168178,-19.507564253950346,-14.533454810385876,-18.265966265197665,-17.4709745610675,-16.877064085628582,-15.337451386047508,-14.347765565468665,-16.223634641017895,-14.346123221505351,-15.984547409140085,-16.115633414787155,-17.40337521781865,-14.955714128482535,-16.970880217350867,-13.759960174712214,-16.859804351987457,-16.708250036914755,-15.865480207704756,-16.827953348810382,-16.803816261334685,-16.26600150726301,-10.038726323437876,-11.333761420203135,-10.946926544736426,-11.504682132411954,-12.294956110310444,-11.081716722993756,-12.319417230645533,-11.586696393293824,-11.566673589305514,-12.481011743367535,-11.36976755562162,-11.7884925925911,-11.782009299499398,-10.098252397296786,-10.601660767258611,-10.33432785900884,-9.5726673027911,-10.160683969230917,-11.301981520511886,-10.3335129764631,-10.976832855366665,-10.701993053292789,-11.062537806448455,-13.061172368030569,-11.637530179701113,-11.045208699979996,-12.03907200359171,-9.67828442861899,-11.38588485902181,-11.17539450707005,0.8401919324463616,-13.061172368030569,-9.5726673027911,3.488505065239469,296,-16.662980806383498,1.449726315321428,-20.02230180168178,-13.759960174712214,6.262341626969567,104
12,P0012,1,Rice,0.4924277,-18.86717918590444,-10.799611912809803,0.5724020430610067,8.067567273094637,79.4072532762082,11.141220563999749,interpreter_1,2026-09-27T12:18:59.437Z,00000000000000000008_0,-14.470692774264895,-18.91414470467793,-22.535977347699607,-19.8975756847102,-23.487273914214818,-17.969320278214703,-19.061743808181863,-20.40656366115032,-21.416519111781334,-17.93494182957304,-19.208154470325123,-19.36250517960809,-19.170829156986468,-17.096127850527758,-17.81667993628038,-16.256656244490163,-17.347366455658864,-17.867632803459646,-16.821342370834383,-19.65723754818593,-17.074893894604763,-19.421531141018708,-14.001193323361765,-14.376910521445572,-14.956270219640793,-17.29658467734958,-18.86717918590444,-19.047816833414124,-19.677610674187346,-9.4325225245041,-10.027435584863769,-14.370989817246793,-12.198446394206965,-12.980952367458125,-13.967401236053384,-14.030561017647347,-13.24235707916721,-14.913413948558851,-11.819658594065285,-10.893625990227092,-10.121580736419066,-11.481244129901755,-10.799611912809803,-10.021299607441405,-8.348270211097596,-9.338813871710286,-8.026629927659979,-11.477649483947935,-10.616590526760092,-11.575584782794673,-10.771268452121175,-7.121520586027534,-10.369088025074364,-8.654409609420464,-10.00544490120609,-14.129218101476514,-12.664640756746874,-9.591153321762434,-11.137633913737131,2.004004953830023,-14.913413948558851,-7.121520586027534,7.791893362531317,116,-18.324802606956982,2.218169434552351,-23.487273914214818,-14.001193323361765,9.486080590853051,56
16,P0016,1,Rice,0.509486,-18.37929111438068,-10.826908748101008,0.5890819553769193,7.552382366279669,79.43698751211255,11.073397760048724,interpreter_1,2026-09-27T12:19:28.188Z,0000000000000000000c_0,-17.07271654144052,-17.016283306538327,-12.852018912913724,-16.43437963798158,-18.37929111438068,-18.66518191026209,-16.796924233555238,-23.6936407622823,-22.03215944319625,-19.689035439181456,-22.81873030418901,-21.443420316947165,-19.037983773908785,-16.25804971234438,-15.492908080938223,-15.372676620262869,-16.150225273739355,-16.367207944194828,-15.520826236293106,-12.88873941978588,-17.950568754465273,-19.33600243744644,-15.719150260849272,-20.32918682388296,-19.7557395524048,-20.231186465588333,-22.02384332632006,-19.774670253614207,-18.620210582692213,-10.88945186282141,-8.076836288516569,-10.173012484988488,-11.224112909129587,-9.882934264189185,-10.683528745297648,-11.034347321950012,-16.426906412596708,-14.348599960909956,-11.698051134662604,-11.403788351707767,-9.329383454823994,-11.764727527621572,-10.36873012726198,-8.625633585709155,-9.48223424267721,-10.625872729254803,-11.43127781314504,-8.01719426731628,-7.261820174687987,-9.75905079778884,-8.030157967785243,-9.06774859690879,-10.826908748101008,-12.647476777004682,-13.847358462749227,-11.24349609326683,-11.018612051621828,-11.658085036285511,-10.718873730716547,1.9477099131220508,-16.426906412596708,-7.261820174687987,9.16508623790872,104,-18.197343360055157,2.7174458315441723,-23.6936407622823,-12.852018912913724,10.841621849368575,104
19,P0019,1,Rice,0.55973154,-19.15711711096484,-11.8272085578243,0.6173793525047061,7.329908553140541,79.24025646489038,10.888973632218988,interpreter_1,2026-09-27T12:19:42.727Z,0000000000000000000d_0,-15.73464936267272,-13.52139882778646,-13.496085829888596,-20.35985851667374,-23.913540178477533,-22.892146375308773,-17.508325741611973,-20.65166518990091,-22.342096940475912,-25.04853031902787,-20.294288462810528,-19.80652317085072,-20.30476335381184,-17.486400240543738,-13.99501115629771,-15.565639435957053,-15.073952450303125,-14.775420504896957,-13.762599683624073,-18.31132300096193,-19.15711711096484,-21.371065768972024,-13.32590843366493,-19.39061021994696,-23.00861091830008,-23.654020406554423,-22.903426995302457,-18.38718547197448,-16.636594903216398,-9.410817108208128,-10.291537686477264,-7.547349764737358,-12.52928165030271,-13.58368636066822,-13.747722941032398,-12.971343960992112,-13.330561126232135,-14.028723823672172,-14.699033022895971,-13.21247762262087,-11.646946941235887,-11.330493338864498,-9.646494922728738,-9.264567638810782,-9.121544247080784,-7.702303503111291,-12.75402664112027,-10.318349564440211,-9.38632025518262,-10.48868469835067,-12.73200791114408,-9.13411706614142,-12.663917375695776,-13.086649906564803,-11.8272085578243,-12.840115196456184,-12.08668639306984,-9.409308971707604,-11.4066302826679,1.959531346864985,-14.699033022895971,-7.547349764737358,7.151683258158613,128,-18.713060654164785,3.54129338435624,-25.04853031902787,-13.32590843366493,11.72262188536294,128
25,P0025,1,Rice,0.33222452,-20.028958475202977,-11.769359074507516,0.5876171289225384,8.259599400695462,79.10586849838609,11.054712802139038,interpreter_1,2026-09-27T12:20:21.369Z,00000000000000000012_0,-22.32138317478472,-24.523273275522293,-24.472870694121514,-25.032644276405065,-24.93495913250498,-22.530189433903907,-20.391472877087303,-21.32536339672194,-22.65619187394012,-20.8483658069106,-16.62544730820071,-16.608426678876135,-15.148741026776367,-13.631148134323098,-11.844852103598257,-16.382685053538385,-12.720904346808217,-14.446881110210413,-14.104258841308884,-15.07195560324886,-16.253246219055836,-17.13866364771565,-14.22260549465121,-21.191202801931432,-21.25464198688993,-20.634806567654515,-16.12465724702146,-20.028958475202977,-22.06490111961028,-12.82765326469705,-14.18059749227652,-17.31442824155126,-15.183616592037462,-14.558669201750831,-13.26055140043505,-13.456235503006315,-13.179890977623392,-11.584520357129788,-11.729108307049994,-9.24900036232234,-10.116408717284076,-10.32418592224073,-8.845756767085366,-8.87755413063348,-9.88345745926364,-9.379757508674972,-9.28678162657198,-11.590882314168082,-11.132266826006523,-13.084920367625228,-13.04578496167011,-8.420907225021319,-14.709463962479749,-13.511431243142225,-12.254882993788048,-9.432987359269395,-13.007038837461575,-11.769359074507516,-11.903382724026688,2.20595588604222,-17.31442824155126,-8.420907225021319,8.89352101652994,32,-18.777093024431892,3.965294170271544,-25.032644276405065,-11.844852103598257,13.187792172806809,44
26,P0026,1,Rice,0.55347633,-17.35251064311872,-10.1396546080778,0.5843335766573216,7.21285603504092,79.05295772815145,10.909994209867383,interpreter_1,2026-09-27T12:20:25.071Z,00000000000000000013_0,-14.849994993135796,-15.805667445255333,-24.03918339333312,-23.66245016124812,-25.17585563504637,-15.742392845979277,-16.37081459662227,-17.35251064311872,-16.14457053156996,-15.75733050397881,-17.721774604132662,-15.395512331348971,-27.19948871238921,-25.222900326900767,-25.91871565241232,-20.700528985261265,-19.08804922621045,-17.75070040203254,-18.61050372311856,-15.473212161385526,-16.416889757666727,-16.556849721698185,-12.609601570218556,-19.81351250107869,-18.642974638637583,-19.54289715067974,-14.570676589064629,-17.192037632772756,-15.249274927093504,-7.733107161316016,-10.015987053369672,-16.508110079191574,-11.983331743445472,-14.319096117601603,-9.30202665212902,-8.006478869770584,-8.508732799702202,-8.516656664116503,-9.478490939874824,-10.061551149012312,-10.97130068740584,-18.80998342516717,-15.70956720288594,-10.43482493077626,-10.385603445349332,-10.334458911425708,-11.765947513747388,-10.938633184603251,-11.317193565827091,-12.232517776510512,-12.987446837084809,-8.182762928945131,-10.1396546080778,-10.06823797904346,-9.828287810679717,-9.243963931441758,-9.877173208811168,-5.053267844053543,-10.78325500073675,2.761291867476213,-18.80998342516717,-5.053267844053543,13.756715581113628,164,-18.571616253910012,3.8205616083144034,-27.19948871238921,-12.609601570218556,14.589887142170657,164
30,P0030,1,Rice,0.5995544,-17.665525670960907,-9.547708332321225,0.5404712268492535,8.117817338639682,79.09580736720395,10.89193807265658,interpreter_1,2026-09-27T12:20:45.603Z,00000000000000000016_0,-15.058327134968652,-16.78331445170459,-19.518554119819623,-20.360225879272377,-19.97087313472469,-22.26763641966496,-19.87565654909952,-17.973102231463628,-17.438113712338467,-18.936714435771265,-17.349442996646548,-19.41948109503641,-21.15460696690977,-21.4297597141957,-20.50243092694497,-18.40769310674265,-18.95420112603416,-17.665525670960907,-16.97178240231653,-13.998379608199322,-15.538542179727424,-16.166862660399282,-12.88474120155201,-16.79748102876951,-17.99835657218929,-16.524025105701817,-14.467979773865196,-14.777118821190928,-15.724579885590446,-8.739134219591715,-10.149673242949802,-9.848257968152597,-10.076020978282706,-10.876583275431043,-12.921175996207744,-10.61193170830309,-9.287725150506663,-7.511326482692873,-8.928681296778961,-10.130109452325424,-8.72664596483817,-15.010524133298995,-14.2056150198074,-12.671359821608528,-11.2877452261368,-9.547708332321225,-8.84183875070822,-9.124143547684923,-8.585596495680317,-10.992915376823282,-8.258756293202719,-5.644722570635292,-8.149393939387783,-8.610823949422397,-10.217812387319189,-8.122265466505194,-9.287045221472235,-9.56723908081239,-9.85975073616854,1.936437309208752,-15.010524133298995,-5.644722570635292,9.365801562663703,164,-17.75570720385519,2.3416169124421526,-22.26763641966496,-12.88474120155201,9.38289521811295,80
31,P0031,1,Rice,0.37370387,-18.56963735920033,-11.662677728347504,0.6280509146598506,6.906959630852832,79.23845983432213,11.050490720303676,interpreter_1,2026-09-27T12:20:48.424Z,00000000000000000017_0,-20.12600863184384,-20.309830018392503,-20.304987237097816,-18.24872075219649,-19.708811926711103,-16.19615777671157,-18.66549542569137,-20.24524846504186,-21.002778282409864,-17.366455076796278,-15.709886498525218,-20.680852437232225,-20.81680442748837,-18.871729422209647,-17.71453934349794,-18.33024501484983,-16.95214991835456,-18.717835362717818,-17.227084054399352,-16.996626112141072,-16.556553557114803,-18.41587437216796,-14.458236555577944,-16.21896082687983,-18.56963735920033,-20.086737629062075,-19.102407003363204,-17.780979382684553,-19.68445071753604,-12.48915018708203,-13.694298728698794,-12.666278295864362,-13.530163706298197,-13.22696222349581,-11.360561499044694,-10.58621550496349,-13.102409768897536,-12.632454082888962,-10.664482683539228,-10.40591603329568,-10.150651320987436,-9.716905747547589,-11.662677728347504,-9.80797439074976,-10.913488700370262,-9.943421280405708,-12.767311001007398,-11.768214945345306,-11.649899578393969,-10.21254052793257,-11.355929301122956,-9.076593093608754,-13.657636064626422,-12.14999269969958,-14.00958066373524,-13.75867869513792,-11.35589967732889,-12.697900865870908,-11.759109965389204,1.3989122052004634,-14.00958066373524,-9.076593093608754,4.932987570126487,320,-18.450554606479155,1.678517367872388,-21.002778282409864,-14.458236555577944,6.54454172683192,116
34,P0034,1,Rice,0.4011755,-16.79972712009307,-9.804109465976447,0.5835874235272778,6.9956176541166215,79.17153534565523,11.017792043961723,interpreter_1,2026-09-27T12:20:58.199Z,0000000000000000001a_0,-17.93779624512449,-28.05545836194525,-24.450763740607734,-23.83367221163025,-20.754307647147844,-20.637114586295468,-22.671203150373373,-19.82737184421212,-19.959617430343307,-14.97983316678839,-18.6607392066885,-16.21388098276483,-16.799727120093074,-15.775603050128575,-13.30971307122022,-12.474105822629992,-12.913034461295537,-13.17444878266021,-17.389072913772722,-13.822812330814392,-15.745467139645395,-15.23246248504924,-11.87666443807188,-14.852140059984633,-14.336828026143523,-19.22763466810332,-14.196299088173305,-19.08343769179012,-17.623674826298533,-9.963060619922503,-15.188810034783153,-15.663102406159226,-11.39452424785025,-10.298279652962869,-9.804109465976447,-11.028631965782182,-10.533368461273175,-11.087180715865443,-8.62114963259909,-12.14834418538956,-8.565699702338703,-9.285715603315715,-8.636519805702171,-7.654988978722318,-8.65145685216364,-7.945042659449127,-9.926869674921877,-9.252703472048276,-9.338409020795796,-10.616323886213603,-9.598722752100445,-7.18384284950006,-7.326273464210589,-8.837256762586401,-11.139159108116525,-10.079583364473043,-11.79190969551322,-9.746941703894894,-10.045102784297594,1.934887737959572,-15.663102406159226,-7.18384284950006,8.479259556659166,32,-17.441892570682626,3.898627624130142,-28.05545836194525,-11.87666443807188,16.178793923873368,20
37,P0037,1,Rice,0.5546002,-16.023582936350078,-10.98481917698778,0.6855407570592917,5.038763759362297,79.14359774031911,11.106006604862262,interpreter_1,2026-09-27T12:21:08.160Z,0000000000000000001d_0,-14.696745629887564,-19.162375539124067,-15.5785354902582,-17.862168549520565,-20.843395851322803,-16.023582936350078,-18.388464592747603,-17.315464864792634,-17.001740848857068,-18.523252483573543,-17.62003080078091,-17.755285499365367,-16.873609088604233,-16.538283543203324,-15.322680295105645,-13.607612674169395,-16.038991889360446,-15.27842497164045,-15.562787348629048,-15.579968672890011,-15.186435233333912,-15.076245430132714,-12.639991915405142,-15.803829676478202,-16.159213438529722,-16.079369531502948,-15.47247882866586,-15.063269759562033,-15.234515360227745,-12.056206711033504,-10.603022726360113,-13.247161287325032,-11.542357669977054,-13.814160523260648,-12.451504386580742,-12.78146884121023,-11.126291222319562,-10.220346720627338,-11.912978494811728,-11.563714825770017,-10.27432513235978,-10.83596985471612,-10.798287223513585,-9.55456100395564,-9.097760227511486,-10.702736304212191,-11.322795458169615,-11.37644913957974,-11.700674924046815,-7.976383267259602,-10.667766701699898,-8.189476476262428,-10.85344473959882,-10.149576451999042,-12.645719862571788,-10.98481917698778,-8.85213897948314,-11.234577656236732,-10.984023309980696,1.3643910035697189,-13.814160523260648,-7.976383267259602,5.837777256001046,56,-16.285818991173144,1.657658045762974,-20.843395851322803,-12.639991915405142,8.203403935917661,56
42,P0042,1,Rice,0.3153639,-18.76253389305352,-11.36291465927431,0.6056172755792445,7.399619233779212,79.11682794485235,11.094238674640296,interpreter_1,2026-09-27T12:21:28.631Z,00000000000000000022_0,-18.76253389305352,-20.273196217357857,-22.050915918900603,-20.362082062809925,-25.08487883649532,-18.81458246053993,-18.047527432371,-19.427021335043857,-21.354211620737644,-20.45258547324208,-15.804007600316652,-17.156703448058835,-16.40566624559568,-15.279105523948708,-14.099759678546826,-15.683475302243089,-15.914438539672254,-19.049214184165983,-17.161037895710813,-16.608919066019933,-18.65875834156218,-18.910360785062363,-12.851374381017717,-19.813101417128568,-19.65418041185956,-20.50722724361876,-16.85426312121005,-18.20913044375322,-19.300583363049547,-12.24978323739214,-10.910782539455274,-15.933037151379327,-11.60603533154961,-14.892774981795828,-7.803698342569218,-10.173631430090907,-10.574762793301163,-12.252252471775392,-9.03021860467006,-8.555359621990627,-9.833714953013086,-9.09070616947068,-10.131700467561089,-7.32790313232368,-8.778174074738217,-11.362914659274308,-10.05909958169853,-11.816446713647304,-11.509131380957829,-12.036764719253414,-12.523046212235814,-9.054898148328505,-13.656770052365433,-13.771926581049868,-13.952736737513618,-12.299314958080863,-10.78826830593087,-13.215682638599812,-11.213501241103875,2.084527980777402,-15.933037151379327,-7.32790313232368,8.605134019055647,32,-18.363822146313534,2.5006090433890247,-25.08487883649532,-12.851374381017717,12.233504455477604,56
43,P0043,1,Rice,0.48322955,-17.777695612989408,-11.066161582125265,0.6224744659279513,6.711534030864144,79.08601573060704,10.856813945047508,interpreter_1,2026-09-27T12:21:30.701Z,00000000000000000023_0,-15.430298086037022,-17.937719264462164,-17.579974197786292,-17.777695612989408,-17.37248147061792,-18.60839267690484,-15.881010038282144,-14.1584797983568,-19.23571198026875,-25.293961628565008,-21.746610906287263,-21.21260760389212,-19.630153348822613,-17.500524023010836,-18.14713032239927,-16.169852851319803,-17.56875378774946,-16.60973724123786,-17.335253851158686,-14.6355287977837,-12.169518541758404,-17.768384655453083,-14.266216614156132,-19.60942475369864,-20.16568546682865,-20.98138074799445,-19.046084171167763,-20.67139375662797,-18.282563625437767,-9.52040584347695,-11.104044208589237,-10.215960982337895,-12.655478173438205,-12.489048882499414,-10.225533320587385,-9.571297738115693,-9.864616553711787,-9.315520714656587,-18.31212556480757,-11.066161582125265,-10.670952375908056,-11.466098724828871,-11.54460410890904,-10.320914700385416,-11.62575011162988,-12.398030174468458,-9.891968146179709,-11.924765208554476,-9.56946001594975,-6.680364387344772,-11.054025052115374,-9.386201140210144,-13.93735963446191,-12.383960628612469,-13.429755685994769,-12.633560886147372,-13.12584594004889,-10.946403847626524,-11.28724877012834,2.017867174457915,-18.31212556480757,-6.680364387344772,11.631761177462796,128,-18.027328614519128,2.616504096164172,-25.293961628565008,-12.169518541758404,13.124443086806604,128
45,P0045,1,Rice,0.4846816,-18.37121065617438,-11.050964886955672,0.6015371057345942,7.320245769218708,79.25040742760092,10.89840594270224,interpreter_1,2026-09-27T12:21:35.064Z,00000000000000000025_0,-17.422621447317358,-16.76814337527565,-16.786150247820842,-14.898379940446704,-16.630795208517814,-19.805625396880497,-14.60695905384122,-21.50599362384649,-20.92037647501509,-17.455946148492195,-19.280879850379115,-21.68783613623983,-18.46156752618704,-18.97096920532392,-20.17195218245601,-18.21882461139609,-18.764717577881044,-16.237703346800636,-16.998443427756243,-15.337476269081291,-15.975388330561138,-16.055208102540924,-14.483840760218827,-18.75948094870762,-18.37121065617438,-19.543287805701144,-20.22469787554716,-21.34834535634362,-19.8924629163758,-10.833632236141428,-9.280592570163003,-9.49075978448344,-7.826754625911551,-11.249685323799186,-11.475639653615712,-10.57740489532754,-12.650625764908828,-13.85482238309936,-10.395330701640042,-9.365000790443109,-13.71654312328448,-9.16884123415906,-12.305145763921734,-11.091291026767395,-8.944956604225219,-11.657267454605025,-11.423202229204144,-10.78745092420341,-11.298988609975174,-10.516886458512626,-11.548920661115504,-7.624288749467293,-11.055487865089075,-12.406970395938616,-11.050964886955672,-8.494772029533696,-15.068522060279715,-10.086896493568211,-10.870608458632388,1.7041322727499983,-15.068522060279715,-7.624288749467293,7.444233310812423,344,-18.12363047596985,2.086847062717999,-21.68783613623983,-14.483840760218827,7.203995376021004,152
52,P0052,1,Rice,0.6774853,-16.97474804460103,-10.081551605337395,0.5939146536283303,6.893196439263631,79.43770616433984,10.929757146118012,interpreter_1,2026-09-27T12:21:56.397Z,0000000000000000002b_0,-15.738128992621714,-16.97474804460103,-14.946494311289143,-15.174388667244646,-14.732518879911735,-17.16070341688402,-15.786036295442788,-15.62994681289577,-17.78827231709198,-16.108634789457707,-21.113805126734665,-19.268321303115883,-15.987421373993884,-17.268668416979374,-20.09972260399436,-17.052224230031612,-17.094749848140975,-16.512227406189062,-14.940822409984976,-14.312357461759806,-16.103502212925473,-13.726375140298405,-13.30865239182758,-20.61651323660909,-18.29844361028592,-19.298604751213027,-19.456709608880708,-20.67987271988653,-19.1353953644652,-7.936291797177633,-8.099003321393212,-8.893554839354083,-10.081551605337395,-9.109486104281675,-7.885025678215172,-7.868446102388267,-8.606576395248197,-10.2211420036335,-10.71764145719488,-12.488135239150417,-11.806441239780966,-11.569280938791486,-11.877686426154757,-10.250944232064343,-11.415412813636676,-11.305709827122785,-11.658187896590777,-9.907460735030032,-9.280300853842231,-10.382023828120152,-8.312021198441155,-9.06614621217116,-10.797825271894514,-8.026217879719978,-11.87240060743938,-10.170658740023878,-9.466026881481596,-7.554562335291086,-9.883660774516256,1.4588131128945614,-12.488135239150417,-7.554562335291086,4.93357290385933,140,-17.045319370508864,2.140227894392622,-21.113805126734665,-13.30865239182758,7.805152734907084,140
55,P0055,1,Rice,0.71104974,-14.695994722844404,-8.713116963179013,0.5928905887285589,5.98287775966539,79.4110262004015,10.878912501036847,interpreter_1,2026-09-27T12:23:29.881Z,0000000000000000002e_0,-14.695994722844404,-14.60449589411029,-12.465880457686948,-14.081811977856804,-14.56627178413436,-13.679642782376613,-13.18835007807898,-14.772094312785814,-16.22746568574801,-15.798083701950636,-19.825179705084096,-17.887851939956303,-16.041650451131396,-16.34587516312956,-16.969538161258527,-16.98368905031819,-14.342123624940196,-15.68549437358744,-14.62299998209173,-14.289724889407989,-14.974936979871556,-14.073756547482786,-13.679289463457122,-17.173634295969123,-16.712040290652958,-13.826538249549854,-15.005501034243022,-13.535628110536216,-13.163549613369575,-5.499093952338959,-7.499556808971994,-7.281443283358106,-6.931961786189364,-7.874121349687684,-7.413844772178265,-8.626978306854985,-9.408613693512102,-8.724632163100546,-10.0431790831246,-11.323406731789706,-9.03868091021812,-8.716116771785702,-9.335925446017985,-9.67617863601838,-8.619718174920479,-10.938097027326789,-11.10703763642561,-8.730346883577024,-10.650929687619858,-8.835292481902112,-11.212491619659191,-8.485224736738937,-8.49047184743429,-7.930250280571131,-8.713116963179013,-5.347368497072493,-5.142106151413355,-7.082916546144312,-8.575141456176933,1.6349606573644695,-11.323406731789706,-5.142106151413355,6.181300580376352,140,-15.145485976676223,1.6118463556741558,-19.825179705084096,-12.465880457686948,7.359299247397148,140
59,P0059,1,Rice,0.5284321,-15.878036835696548,-9.653165703158209,0.6079571299051426,6.2248711325383415,79.33781350474575,11.077530010355671,interpreter_1,2026-09-27T12:23:45.374Z,00000000000000000031_0,-13.677592725240018,-15.098534163193502,-14.543922064082516,-13.554361300099965,-15.80344522580972,-15.047191389519693,-15.442890510659817,-15.251332243033096,-17.26001951358087,-15.812413106082252,-19.41776202530462,-19.422347606223266,-19.75434382552866,-19.84807033747137,-18.77939592593871,-21.877576675542308,-19.908315893478985,-15.187796224879849,-15.45582724115026,-13.485594862122552,-16.21165384566237,-16.114091479686145,-14.64409723447083,-13.538952522572847,-15.878036835696545,-19.16555147780957,-19.00398335312448,-17.288174218209996,-19.251425993127345,-7.305044423154737,-9.07791462407923,-9.439291533268456,-9.256420102957527,-8.051605600989312,-8.511938741467086,-10.993869175031282,-10.35481964647908,-9.670748842089104,-9.653165703158209,-9.340887622378348,-12.540311590109551,-10.4124736946749,-8.461820529654824,-10.740575761994986,-10.992289522447846,-7.778358279441308,-10.614027353176274,-9.272081087807752,-10.19978536534168,-11.090452847967672,-9.441471306883477,-7.646405825258937,-7.265320304312796,-10.479837181714236,-12.743505379684745,-10.458151812726634,-7.1560232480375765,-11.58926960611096,-9.673719541806843,1.4760755171938935,-12.743505379684745,-7.1560232480375765,5.587482131647168,320,-16.74912757997593,2.3329504515994977,-21.877576675542308,-13.485594862122552,8.391981813419756,200
64,P0064,1,Rice,0.54451734,-17.731845855212505,-10.542502531516318,0.5945518936719841,7.189343323696187,79.10784479201115,10.948981093198167,interpreter_1,2026-09-27T12:24:05.856Z,00000000000000000036_0,-15.610277731059654,-18.662939477412955,-20.259001078761088,-23.080230818299384,-18.820866888452603,-19.765043617591346,-16.744794623216904,-20.223461105379567,-18.366362701865484,-14.999121365799368,-19.26644307475572,-19.59469542846368,-23.012955795234426,-21.53918959747123,-21.1291215168294,-15.142165305954796,-17.79059950106344,-16.08919158672184,-17.508760569236664,-13.25106471158276,-14.92311710135012,-14.696226087604982,-12.701524507277895,-16.709964608904365,-17.731845855212505,-20.0729394377702,-14.354760953376012,-14.533962592711877,-17.724802678062485,-9.427210132951474,-10.869145917477356,-10.998543984094034,-11.756507997623068,-14.266265871774356,-13.493397965030232,-10.00545656452102,-13.458568954133629,-11.805229930795688,-7.544191686027277,-10.495198906436896,-9.67542248209566,-14.225453630462429,-10.542502531516318,-11.546902070774776,-9.767794482639864,-9.36648298911392,-9.5369815495382,-10.524851984996888,-9.964460644638304,-12.01387994435391,-9.21971462655392,-8.5505943912643,-9.97407083181405,-10.86495891162246,-12.230164366407593,-11.094319385469868,-9.963257937362364,-12.943684306013656,-10.900869481982877,1.6345148020706095,-14.266265871774356,-7.544191686027277,6.722074185747079,56,-17.734670010945607,2.7579631040256016,-23.080230818299384,-12.701524507277895,10.378706311021489,44
65,P0065,1,Rice,0.43981117,-18.1024742371501,-11.14479276466573,0.6156502486159744,6.957681472484371,79.28508239756793,10.880978626190322,interpreter_1,2026-09-27T12:24:07.688Z,00000000000000000037_0,-16.900318209439355,-14.947161932401576,-15.832291774554651,-13.140881550528691,-20.64806874798513,-17.647175340964743,-18.68291946521684,-20.40394434312769,-21.52779033983761,-21.483122414709605,-20.63394670069709,-24.9171075630058,-20.91638574963359,-17.52605629657986,-17.107870818803733,-20.125698859421814,-17.37097320484174,-16.722678544256755,-15.191422186371156,-17.530824733480046,-14.644695433477946,-17.05151235994289,-12.819493022354385,-18.1024742371501,-22.68314100608149,-24.34234941693097,-25.011557792697538,-21.704804033340544,-18.266577319781696,-8.953501906901135,-8.897751770404291,-13.31392506849215,-9.262973444799169,-10.796377519678874,-7.065989070730611,-9.838421806993235,-11.14479276466573,-12.869240140501342,-13.474013641195585,-12.344612853544756,-12.167219534009012,-10.64471081252728,-9.4249601221893,-10.688910393256595,-12.412545260091417,-11.20015734307907,-11.841748128982765,-8.946359767726605,-9.860103376257117,-6.746916702866259,-12.757280123349794,-8.123542820460042,-11.403540694686336,-15.531848774394431,-16.34021461612055,-14.894595225779277,-12.951127315905277,-9.171035612071332,-11.140290227988254,2.334413822616466,-16.34021461612055,-6.746916702866259,9.593297913254291,320,-18.75459459991776,3.23435879486136,-25.011557792697538,-12.819493022354385,12.192064770343151,332
68,P0068,1,Rice,0.38711485,-17.606539138604035,-10.469141375568633,0.594616653116911,7.137397763035402,79.05915610361188,11.027314185973392,interpreter_1,2026-09-27T12:24:17.058Z,0000000000000000003a_0,-18.54976020218936,-17.606539138604035,-17.85453881297104,-20.275283600681384,-19.78933913736041,-19.297920639398782,-14.926837217180092,-21.058678906749773,-20.39250519126007,-19.674259229104702,-17.311642616387694,-15.546937396073954,-16.33522967569432,-14.275441848481528,-12.950211958830296,-14.095491157760463,-16.350605259584807,-14.576902070160235,-15.54743327429333,-17.632532127043,-16.32376734838169,-17.26332744180151,-13.597852210076212,-17.8949271461219,-19.26092652711319,-15.795513257026816,-21.54133616933097,-20.884781685355406,-19.729100292750942,-9.6214559559163,-9.749636756629588,-9.552011144654376,-10.550501633309516,-10.759162953367223,-12.15922473675066,-6.0679430847477605,-11.29363742128336,-7.081038842801737,-8.702907065855836,-11.232440400719792,-7.382387641534653,-10.651318381202472,-8.072993993536251,-6.716806503928985,-9.127102472154505,-8.78878154074977,-10.469141375568633,-10.400743097328814,-10.584678141861987,-11.818208503054276,-12.260501121400525,-6.952057131138597,-11.447639446618922,-11.823101301604565,-10.463469587081464,-13.388436101868113,-12.946897797419089,-13.293917750072517,-10.115797996005528,1.9782570261259211,-13.388436101868113,-6.0679430847477605,7.320493017120352,332,-17.45998694957821,2.399177520041655,-21.54133616933097,-12.950211958830296,8.591124210500675,332
70,P0070,1,Rice,0.4695139,-17.609493960116232,-10.295703947738842,0.5846677917637836,7.313790012377391,79.08305129016945,11.08480636415704,interpreter_1,2026-09-27T12:24:23.821Z,0000000000000000003c_0,-18.098646639370934,-17.912363868312877,-17.65359547911175,-17.440485827968587,-19.67476996222944,-17.085336844106205,-16.094192738716558,-18.66581729334792,-20.603092713006767,-18.91750129152276,-14.548928131763873,-21.79967976410124,-18.929476545482306,-17.609493960116232,-15.375180327905934,-14.492683330284311,-14.9765548592598,-17.28349165040639,-16.913070922381483,-17.28301692060791,-18.330786416438933,-15.994246511461572,-14.22040990556956,-17.134618678885015,-18.91555672635257,-19.86195320551439,-17.970811066689762,-19.95064646011852,-16.86165247754782,-9.328954806795233,-10.115555620090602,-11.908968133815163,-10.6135488131598,-10.295703947738842,-10.82415349260451,-11.455802265268446,-12.476342861937235,-11.425293958463886,-9.947782776086344,-5.30543719805494,-11.536891851227049,-10.372263193524711,-10.139129357948349,-9.86253477453918,-10.412938767152031,-8.514006568455256,-7.844569926865077,-8.732157445282082,-9.687646679176645,-11.14959503093566,-10.577139171486206,-8.547418620363281,-10.500665025312706,-10.775667401461892,-11.118319914324882,-10.203867202394328,-10.020978030720975,-9.958688890039662,-10.125931783628449,1.3683052891099257,-12.476342861937235,-5.30543719805494,7.170905663882295,104,-17.606829673054534,1.8362323657387885,-21.79967976410124,-14.22040990556956,7.579269858531678,152
71,P0071,1,Rice,0.20526631,-18.77701470567195,-11.438058833141964,0.6091521475821652,7.338955872529985,79.24627517729397,10.995962982557622,interpreter_1,2026-09-27T12:24:25.996Z,0000000000000000003d_0,-15.04620208709014,-15.66710497753521,-20.556415381029787,-20.078923308582937,-19.72131517957545,-16.991546930666157,-18.73233107562656,-21.689215646257058,-22.11130686087522,-20.94865472978552,-22.052241208112303,-23.22366118876268,-24.04041379113107,-26.2845092135797,-24.424481503029373,-17.568508389157277,-17.283979416835344,-17.07360632017033,-17.5816411979481,-17.8004189027798,-15.502952774841235,-15.745762053466729,-15.364251574080438,-16.842603947583054,-18.77701470567195,-20.92313554692153,-19.78523629223269,-18.016973723391388,-21.419742050331937,-9.570145480381598,-7.47195802824797,-10.38851399207055,-9.70023967571462,-11.160642767972318,-10.056518270294992,-11.48521434303663,-9.662537670985056,-11.555871822805909,-13.413383941654818,-12.1041251408519,-18.90106015652336,-16.879602521441694,-15.73595045005794,-12.824355954154584,-9.859004397239756,-11.505514503445845,-11.940476289703277,-12.583122979097684,-11.76360404427685,-10.882950349784384,-12.358279887110225,-10.219051973757496,-8.937369915105561,-11.003129662452595,-11.438058833141964,-9.052283500924972,-10.00876308121233,-17.14462332314238,-11.7105638950548,2.559216572715956,-18.90106015652336,-7.47195802824797,11.42910212827539,152,-19.353591378518992,2.942678076862254,-26.2845092135797,-15.04620208709014,11.23830712648956,176
73,P0073,1,Rice,0.3870674,-15.53113727366008,-9.324869247851172,0.6003983535491388,6.206268025808907,79.15680297499567,10.992010395307494,interpreter_1,2026-09-27T12:24:30.283Z,0000000000000000003f_0,-13.801131967316016,-14.495205020861274,-15.601892108482138,-16.956208993036586,-17.885452184679444,-15.063704028800611,-16.315815155321896,-16.717988711632017,-16.475616643833803,-13.40448570647061,-14.37998456756095,-16.24415691537475,-16.672665706396515,-14.963228895585596,-14.131167003754692,-14.044442809209958,-17.608308245721737,-14.24051266179772,-15.45011513422638,-14.103043932544812,-17.115647468417478,-16.14290812630636,-15.283863912794518,-15.08836051921262,-16.768992491121427,-15.53113727366008,-14.752344153509563,-15.5470319828681,-16.087678726077066,-7.822881841359432,-9.586062288090982,-10.876938846871438,-10.816837329801093,-11.93944346610352,-8.182351128699965,-8.868203235806945,-12.60835572704319,-10.3807979564999,-9.166919324868108,-8.121024596145247,-8.149003884238034,-8.806819329072766,-9.340436988671208,-7.869483717796956,-9.355328740149943,-8.549896857096334,-9.415988406777284,-8.993200564569372,-7.365352408675626,-8.831607892507737,-9.910319736650294,-9.193517838993865,-10.201242820756873,-11.143813242116492,-9.365996975764244,-8.579588343390036,-9.6945583552927,-9.324869247851172,-9.39520141695382,1.2068572269316415,-12.60835572704319,-7.365352408675626,5.243003318367563,104,-15.547347967123264,1.1823593042058524,-17.885452184679444,-13.40448570647061,4.480966478208835,56
75,P0075,1,Rice,0.5608392,-18.18707709443892,-10.81760128028226,0.5947960314959005,7.3694758141566545,79.0586171144414,10.98167976954012,interpreter_1,2026-09-27T12:24:37.782Z,00000000000000000041_0,-16.02120788779925,-16.18033006263675,-19.36948248655945,-19.05560594552836,-21.89550318263061,-19.72832210298887,-20.88506384115668,-22.76932894404593,-21.133233666366497,-22.86645466380469,-23.041456099965053,-21.356200677745058,-22.89535038329403,-20.28862127647149,-17.566048699400913,-17.573302872924565,-16.827273797468308,-17.82638494455552,-18.190141117983075,-18.18707709443892,-16.010427583931907,-16.505096995543052,-14.127519911245315,-15.138675826386136,-18.93854179134692,-17.714390708415397,-13.523312722239384,-13.437813548221358,-15.00861569646772,-8.67834623062323,-10.874334109367004,-11.986184849254752,-12.6779741968622,-12.815321655573396,-11.83902439526982,-11.693884468099878,-12.161677067844147,-12.381829176201734,-13.469038995203109,-10.320412002458356,-12.259392865038103,-14.586293568931945,-10.451078620787122,-8.463621554553193,-10.81760128028226,-10.139093608499191,-10.067722938437312,-10.72688878438983,-12.178238904220326,-10.929352354844545,-11.643133665936904,-7.355213584724418,-8.285028896340688,-10.087713602834976,-8.955779901020936,-8.163620424593871,-9.650241143284406,-9.388786444272055,-10.794718251370682,1.7130974579530602,-14.586293568931945,-7.355213584724418,7.231079984207526,164,-18.415889121777973,2.851517390820072,-23.041456099965053,-13.437813548221358,9.603642551743697,140
76,P0076,1,Rice,0.42902043,-17.643562801903336,-10.366053169913968,0.5875260731803957,7.277509631989368,79.40842108607755,11.097921767305186,interpreter_1,2026-09-27T12:24:39.774Z,00000000000000000042_0,-16.401303912342236,-16.6442625729787,-17.14889663513325,-17.56451233127982,-21.685724461301405,-18.38676838816949,-17.157287738520008,-21.28598354141344,-19.99639292965754,-19.579511405537605,-19.331957202876488,-27.39286603334085,-21.264179492010484,-18.242540611110687,-18.6809768208146,-17.643562801903336,-16.396770585954954,-16.622952014696523,-15.478550023476608,-14.49488619977757,-17.56774593963413,-19.6437656250177,-13.420257359339155,-17.04417193109184,-18.768869819672524,-19.617291288064813,-18.99083829266282,-15.968351358152532,-16.49521475315246,-8.388833554037348,-9.436148816930356,-12.4376813831156,-10.38627501848615,-11.200071603384298,-10.74061221702269,-11.691251880459568,-12.865728018863596,-13.647671596040947,-12.041244868377696,-11.452800502437038,-15.101213005821922,-11.763968306647074,-8.592942517526016,-9.202415936376305,-9.920412730499915,-10.01568795240842,-10.37063267833933,-9.083542497134443,-9.839768807329571,-9.386939199953124,-9.642393126137916,-6.583847431200552,-10.366053169913968,-9.399353844225608,-9.194893717651263,-12.025322990942753,-10.89712181847334,-7.884925072539363,-10.46757773318194,1.7691395953530054,-15.101213005821922,-6.583847431200552,8.517365574621369,152,-18.238496278244263,2.5941075856916616,-27.39286603334085,-13.420257359339155,13.972608674001696,152
77,P0077,1,Rice,0.68163264,-19.861046642936845,-10.447059793371595,0.5260075151722615,9.41398684956525,79.27160766830615,10.892117735713404,interpreter_1,2026-09-27T12:24:41.789Z,00000000000000000043_0,-15.893195037093149,-16.378177434710462,-22.940534087668937,-22.159707603716186,-24.30742095275235,-21.21040475365068,-21.237719949216466,-16.84102342922429,-17.43808545931403,-16.572378112454196,-16.839027395553536,-15.182836643561838,-26.12182054614749,-22.7886195290803,-23.974474229314936,-22.41202210102129,-19.861046642936845,-20.61676450455738,-17.283346239959577,-18.47903076816373,-15.161552817067086,-16.93012834641474,-13.853931080536396,-16.41268825380849,-20.624495647259145,-16.22135539272332,-22.058620317327406,-24.51756529362292,-26.80885784095097,-11.548566138346937,-11.509287111670126,-12.393209591065483,-10.71470172442714,-12.076334736444672,-8.611499844835812,-9.58658415572842,-9.317335335103245,-7.990909691374332,-10.255520918430149,-11.019341139347908,-9.711309774903674,-14.796103465637536,-10.257049727220318,-10.76068277803737,-10.43901430433233,-10.447059793371595,-10.210025347613026,-9.723810742778658,-7.157458752929783,-10.291419687925778,-7.896911148370843,-11.376152396248646,-11.46732971813798,-11.598744904535732,-10.44806558659613,-9.257752236033491,-16.254244531171683,-16.790789897593996,-10.824386730352163,2.138633394721008,-16.790789897593996,-7.157458752929783,9.633331144664211,356,-19.69402863482097,3.5706260365536933,-26.80885784095097,-13.853931080536396,12.954926760414578,356
78,P0078,1,Rice,0.54419005,-17.41960749355435,-10.67137949956568,0.6126073451146551,6.748227993988667,79.31885905225083,10.882595593701735,interpreter_1,2026-09-27T12:24:43.521Z,00000000000000000044_0,-13.057524842677935,-14.573242597093468,-16.847991333833225,-20.389908937132585,-24.62288693593003,-23.05562301916561,-21.38298941279144,-18.042608928534115,-17.275100005230374,-14.832543155996149,-13.843127787732817,-15.58051395017213,-22.42706354280072,-21.42354694485148,-22.655341232099865,-18.858869196875865,-18.011228873528236,-17.41960749355435,-17.123480614369612,-16.913172656489415,-13.596142178917102,-15.790414671738857,-12.951129869472403,-15.818377288958246,-18.93514517059188,-14.658292364414516,-24.624797330521524,-26.552446219223057,-17.533408945898728,-9.325998121690358,-8.801169128169338,-8.760085832860346,-11.15916228023002,-15.71016394332508,-12.948423292690707,-11.166194334722794,-9.262026000090746,-8.405985678227566,-8.066177709821499,-9.202446635247613,-6.998567527296085,-15.837276001558244,-10.67137949956568,-12.83944194152102,-9.267644063221466,-11.018508549088532,-10.158974225533488,-10.708587093167608,-10.812190126642037,-9.463621404587617,-9.988642768922432,-9.229005549448528,-12.421309185768054,-11.65668505115869,-7.411987822160821,-12.523225540898506,-14.786310477001718,-11.270690441957214,-10.6852372491922,2.218338869999972,-15.837276001558244,-6.998567527296085,8.838708474262159,164,-18.2343629482964,3.695341827426291,-26.552446219223057,-12.951129869472403,13.601316349750654,344
90,P0090,1,Rice,0.48045397,-19.079022772146168,-11.450879414032295,0.6001816524245496,7.628143358113871,79.40734310773661,11.117235545913756,interpreter_1,2026-09-27T12:25:24.550Z,0000000000000000004e_0,-18.821607175761493,-19.603132171569364,-20.456140366024982,-17.469775016357175,-21.95203180306965,-18.0767061000166,-17.558560863242416,-20.20912896186764,-20.97116269601992,-20.323455643420573,-24.226594307116155,-20.04316968741217,-22.50412798384552,-19.637455867352827,-17.19535862459783,-17.41201599507071,-19.079022772146168,-17.95812354671705,-15.400347884584855,-17.41742260191783,-16.06363389619062,-19.221996406510243,-14.18897810971105,-21.917174759511845,-20.42611294227649,-16.42427650804628,-17.669259167934573,-18.42507712473693,-19.097190744634965,-10.50044534794213,-9.267281053079214,-13.476992879725533,-10.608870546048625,-12.191845184622814,-10.05926227669535,-10.226750907828595,-12.85430892896904,-14.576915065670027,-9.958783441896252,-14.888271585315406,-13.857165085843786,-10.304303908563426,-11.636621651731376,-10.123814470254564,-12.530294962026764,-12.520100786477562,-11.80312394038011,-12.398558817701812,-9.748416660971902,-8.569718424192045,-11.450879414032295,-9.707309369798471,-13.941233689649222,-12.45537884067938,-9.78286378015876,-11.543285466288884,-11.202916846847678,-8.54984726923158,-11.404674503538711,1.7134472786334407,-14.888271585315406,-8.54984726923158,6.338424316083826,140,-18.95686343888497,2.1820318814309,-24.226594307116155,-14.18897810971105,10.037616197405104,140
91,P0091,1,Rice,0.33830512,-19.049847542320432,-10.346190656211222,0.5431114675971296,8.70365688610921,79.17638624818947,11.005664787626111,interpreter_1,2026-09-27T12:25:31.538Z,0000000000000000004f_0,-21.96824449938036,-21.261884350438457,-25.17254913271229,-21.95414860288873,-20.544533204310586,-18.01063121890403,-19.049847542320432,-19.2393069508779,-20.51533172097253,-20.656889467034176,-23.43355169159206,-23.941651077112507,-20.019008364595464,-22.25067945959632,-18.20216594263861,-19.67613095959782,-16.746315642524298,-17.574022802993674,-19.175467572424616,-17.81892301459626,-16.82118245830218,-15.074225670400686,-13.289319655477437,-14.975744826692928,-15.111154914714431,-18.962068260735908,-17.838531045677644,-18.397224297492293,-18.75511629143427,-10.910860359447788,-14.006728542219724,-14.360343398674074,-12.97665486663728,-10.9391698097694,-10.802312714502552,-8.214734390381253,-8.552673290348341,-9.460115268226197,-9.334496666177388,-11.710686481213218,-8.03456217406242,-11.665235597191042,-10.999573557637268,-9.27313063115848,-12.738898665797368,-8.681800293220082,-10.397110210637058,-9.28135183730178,-10.980996547511053,-11.644826991479649,-10.34619065621122,-7.444756658131729,-10.012015658915384,-8.422144566882407,-8.833465627152512,-9.266547471587414,-8.610019874302532,-11.496238403015392,-10.3240565934411,1.7531525406244228,-14.360343398674074,-7.444756658131729,6.915586740542345,32,-19.187443125463407,2.750401722748496,-25.17254913271229,-13.289319655477437,11.883229477234858,32
92,P0092,1,Rice,0.4957945,-17.71200702912993,-10.854932918910418,0.612857306405645,6.857074110219511,79.31463697041546,11.08157242913421,interpreter_1,2026-09-27T12:25:34.579Z,00000000000000000050_0,-18.80574593048599,-18.565825870696266,-18.649600424181905,-16.322880585139774,-16.296141910888558,-15.953606679738982,-18.98548334896333,-19.934383907679347,-19.734398956374385,-16.447158151297238,-20.25944244563226,-16.43638784697264,-21.077098823347026,-24.826390699103552,-20.356497449516155,-19.29231862632232,-16.752342247180675,-17.76508863255428,-16.962129893423697,-17.1710387125206,-16.158031330311093,-17.561973689510523,-15.346486381119684,-16.11114503968306,-16.256537010651304,-19.88735221889217,-20.49943642717152,-16.60975910582424,-17.71200702912993,-8.997516016455716,-10.17055205726692,-11.714330027008364,-10.493071364924422,-9.780785741369185,-11.14802431285214,-14.161492424692511,-13.78952008213435,-9.666761933480345,-9.319098985735584,-10.67045090855164,-10.635065075915303,-13.96508943262852,-14.324897835306864,-12.567965202399758,-10.854932918910418,-9.817111320930769,-11.93428757539922,-12.855223337811148,-13.212447113255148,-11.772564532622445,-11.85709273002036,-8.60691118205312,-8.685772062848443,-8.974900428314564,-12.05858464618371,-11.22190019769251,-8.468150809229646,-7.848882475882146,-11.019771818340526,1.824575830829987,-14.324897835306864,-7.848882475882146,6.476015359424718,176,-18.163334116355603,2.067227912854365,-24.826390699103552,-15.346486381119684,9.479904317983868,176
93,P0093,1,Rice,0.3329053,-20.57112758947946,-11.36532359681041,0.5524890916831848,9.20580399266905,79.0878123611753,10.962096496346314,interpreter_1,2026-09-27T12:25:37.579Z,00000000000000000051_0,-18.229557911299462,-20.61215868145345,-23.41066133740375,-22.04222658542648,-20.94969801098079,-25.015129920949164,-17.42573632113437,-22.38627838028824,-20.571127589479463,-21.115325447999624,-21.05961112304037,-21.33896053423061,-22.438566743687687,-20.951157414623648,-21.98217784885428,-21.500627635147872,-17.304086031247984,-17.452396925581134,-17.14409982754609,-16.93814522379272,-17.137201367559648,-16.053759852311572,-14.852873946712148,-14.923250302715571,-18.192976785424687,-20.80084887463172,-17.05397465465454,-17.206822696031384,-17.840938957770373,-12.024776761160272,-13.10054774082075,-14.90175979572374,-13.24351265005167,-13.75394131223738,-11.572775644222366,-8.628413103699016,-12.09713829981297,-8.695167245491584,-11.500250235790135,-12.394397738834517,-14.016976398608536,-15.651814920232551,-11.44992415843943,-13.3811782657413,-9.58978203768748,-9.209943923226447,-10.245021221030616,-11.904163794279569,-10.69579942651606,-11.36532359681041,-11.211604060494682,-7.088803469531497,-8.142274085109916,-9.372305114056411,-9.458438240656244,-8.301799204593465,-7.6028150854324785,-9.889800028848008,-11.051394743418603,2.196384323905749,-15.651814920232551,-7.088803469531497,8.563011450701055,164,-19.44587506661996,2.617406606706284,-25.015129920949164,-14.852873946712148,10.162255974237016,80
97,P0097,1,Rice,0.4880473,-17.820025156055156,-12.049611847705313,0.6761837731531436,5.770413308349845,79.12167884738659,10.895980491435118,interpreter_1,2026-09-27T12:25:49.482Z,00000000000000000054_0,-25.31637428357824,-25.157869726194075,-25.028774450449266,-20.91995904113711,-20.283464865389632,-17.089183027232828,-15.951933283327548,-17.615323686567848,-17.820025156055156,-24.32271022987712,-28.5545582975782,-22.32882520024949,-27.19326013558634,-22.934643765646346,-19.722745105668395,-18.125350439348537,-16.66576680954923,-17.722475523434454,-17.083696489416372,-14.70259751435249,-15.865709696386524,-17.616104814440117,-13.052806521504248,-16.870139131124006,-17.839390755630717,-16.91518159842028,-17.358814929573413,-17.839212209184552,-13.771574156896405,-18.26630244311556,-14.217416387553843,-16.995968257140884,-13.0847547920869,-12.441060138829185,-7.717894209680535,-10.317469095196437,-12.343007840164654,-9.690742388884694,-19.362710892040624,-17.654859621412832,-12.931651588851564,-12.252971853813266,-12.261101238692085,-9.035451195151754,-10.226088214429607,-10.175354366915824,-12.154010455187636,-10.355048232048947,-12.049611847705313,-12.453937613663983,-10.432487966296264,-7.674741691387221,-7.888330657320917,-9.920374289104007,-10.663227973776053,-12.392760470524673,-10.99729440648419,-8.336704926227153,-11.872183967368503,2.9989086257068616,-19.362710892040624,-7.674741691387221,11.687969200653402,128,-19.367878304958584,4.001544953098226,-28.5545582975782,-13.052806521504248,15.501751776073952,140
98,P0098,1,Rice,0.40838853,-17.351821233896302,-10.415067278207706,0.6002290559484419,6.936753955688596,79.39979725935,11.029829468768927,interpreter_1,2026-09-27T12:25:51.432Z,00000000000000000055_0,-14.56336703052338,-15.0390865803964,-17.15520861083812,-16.783799299474143,-19.384254887970897,-18.445133760711272,-15.380644144822442,-18.588153660025128,-18.646011892687813,-20.776997591063868,-17.844527476974697,-17.924771232142298,-21.673275703424547,-17.351821233896302,-16.661071251943373,-18.327245121998,-16.55222651325555,-14.312026894734318,-14.659512157028994,-14.082080335552572,-15.490732827429758,-18.72812125813323,-14.61556584412785,-19.072970889358288,-19.538651726727466,-21.516129887508995,-17.792825739671365,-17.291285586142436,-16.587158463886816,-8.01367632882809,-11.20929383546092,-9.401048516590704,-9.838010306874263,-11.290846256100282,-10.1048004434327,-10.358595483446107,-11.966853365424138,-10.575128106416884,-14.22128347507976,-12.456964116297549,-12.272486489013197,-11.324718210566616,-7.691888976951276,-6.695193364120397,-9.808913136536558,-11.106580057655115,-10.82412063261498,-7.869091462896888,-9.819911440110042,-10.072208832805774,-10.63401054125502,-8.060771463831088,-10.017158324444642,-10.597773504850831,-13.30167708282499,-10.451438343614289,-10.27205433274816,-10.415067278207706,-10.367984955482724,1.6324840412942174,-14.22128347507976,-6.695193364120397,7.526090110959363,128,-17.406367503532767,2.074093530664322,-21.673275703424547,-14.082080335552572,7.591195367871975,164
103,P0103,1,Rice,0.42063364,-19.266711587387007,-11.664937441760452,0.6054451684114547,7.601774145626555,79.32110484046113,10.889512621389455,interpreter_1,2026-09-27T12:26:08.041Z,0000000000000000005a_0,-15.263936400312906,-15.396423632190563,-15.771435415543838,-13.54492897792812,-18.787836258818324,-20.58000774182592,-19.266711587387007,-22.319660242615825,-22.641120851512127,-25.488326578653098,-26.43612043565244,-25.86424468981543,-21.751008450205298,-17.880479873352577,-18.695371391529235,-20.505648785643487,-18.41724259999153,-17.009054134021437,-17.457230615030184,-16.823978079487215,-16.686909888341845,-16.01575605042877,-14.813431738665276,-21.86665320684255,-24.37170096476901,-28.024763148123984,-24.21865335702458,-25.070577128306404,-19.829964122894307,-9.612622856715747,-8.298934476275319,-10.280992772231858,-9.986838762854074,-9.746234781390722,-14.094148293522684,-12.266071184732269,-13.070891574820283,-12.27344024956204,-14.16939082444328,-17.85170158460041,-14.666895450649465,-10.808650878979986,-11.664937441760452,-13.200222325459336,-11.250129321309863,-13.25024462618747,-12.340730533054664,-11.46142467345358,-10.038637197266365,-8.665285004963595,-10.568625401938023,-7.230176143414106,-9.28632476664103,-15.474094834900294,-15.581504688055537,-16.452844101070145,-13.73593078841787,-11.27271431125878,-12.020711718963076,2.5196666654953788,-17.85170158460041,-7.230176143414106,10.621525441186304,140,-20.027557805065975,3.9198222268530265,-28.024763148123984,-13.54492897792812,14.479834170195865,320
104,P0104,1,Rice,0.5294118,-16.434203461151753,-9.545029032559828,0.5808026567958096,6.889174428591925,79.25256338428281,10.886548180951864,interpreter_1,2026-09-27T12:27:44.046Z,0000000000000000005b_0,-12.256154381223318,-12.762837305012908,-12.73315768566815,-14.124898375818676,-13.89393396758402,-15.172813054512517,-13.602563555192257,-17.623792305643164,-14.570200178497888,-14.861915768837752,-16.95072985741846,-21.89326996791768,-21.308364985200004,-17.71470232221669,-17.298800368652344,-17.43880081072393,-17.437066679409213,-16.671375486382985,-16.420184924152235,-15.753519916892245,-17.448330476917235,-19.003212283843443,-14.975637478187268,-18.88186368315194,-16.434203461151753,-18.01811909550253,-19.10983833592461,-14.99255952322178,-15.60892780878773,-4.670746369332991,-5.709641783426482,-7.275216285306419,-7.264996916891427,-8.017025783865675,-7.907693035598036,-6.559790131618732,-7.476967666620938,-11.165364426706724,-8.423520454974692,-9.803739245006582,-14.879046906411668,-13.083096422406111,-12.374700853481048,-10.566624541896571,-11.368364805753746,-11.066804378976215,-9.545029032559828,-11.23310055081648,-12.693196362118735,-12.012886096620594,-11.72987157776415,-7.985672381871653,-11.39499847217704,-9.438457518111685,-10.591494519317246,-7.834034212109751,-5.830059981356323,-7.905301271796787,-9.510601447754976,2.467738003036365,-14.879046906411668,-4.670746369332991,10.208300537078678,152,-16.37799220840154,2.35049175250577,-21.89326996791768,-12.256154381223318,9.63711558669436,152
106,P0106,1,Rice,0.5463753,-17.486268734448178,-10.25355663662691,0.5863776196248929,7.232712097821267,79.37167999095706,10.90990437833897,interpreter_1,2026-09-27T12:27:53.446Z,0000000000000000005d_0,-15.893732072419873,-18.05070521854423,-18.6857137265936,-18.339283360659124,-17.120818944106325,-15.75810928821852,-18.33114527676023,-17.988592417918944,-19.60796475990157,-20.20372434789621,-20.27467085288216,-16.77493287101437,-18.955719094902776,-16.4896825300057,-17.486268734448178,-16.993159316881744,-15.987731900426985,-15.16537987253952,-14.38469274396481,-14.933126114977242,-16.96072745846251,-15.4360707150386,-14.53388998309446,-18.473730853600543,-19.042392512948314,-19.092880316819823,-17.752531160166413,-16.140048174919652,-17.556157028327654,-10.25355663662691,-10.539081414439938,-10.041414026425992,-12.546108366243082,-11.95317803179998,-7.972564272207071,-12.184265361143332,-11.405696767895051,-11.565449380872996,-12.057052038378805,-11.378839373431552,-7.457102061194405,-8.28089520592432,-7.984625351942972,-9.00356712591302,-8.473155115961791,-7.268631411441904,-9.219712193295257,-8.632174794809615,-9.38666666233522,-9.0838532598481,-9.648002690807182,-10.755904620286485,-10.76984884083616,-11.65737076947493,-11.58205941269519,-11.236672086345486,-11.372708458758154,-9.29534923285123,-10.103638102213312,1.5334730832278725,-12.546108366243082,-7.268631411441904,5.277476954801179,44,-17.324606263739316,1.6267669139393128,-20.27467085288216,-14.38469274396481,5.889978108917351,140
108,P0108,1,Rice,0.42313626,-17.962551007144953,-10.9000141371153,0.6068188272801345,7.062536870029653,79.09949045986885,10.889332958332634,interpreter_1,2026-09-27T12:28:04.637Z,0000000000000000005f_0,-15.025848142194077,-16.402921252913877,-14.725032876476105,-20.11454513109836,-19.49129565131512,-19.789317174337604,-17.111680860193886,-19.45521192731168,-18.365111169628,-23.43599173934809,-22.73350232825696,-22.267514381684418,-20.169056334733497,-18.57261383791464,-16.55934943771515,-16.622063707616913,-15.823580566788271,-18.0751595659598,-13.830415879807758,-18.1056789015704,-18.621835853887458,-16.48129610544806,-12.128812198545589,-17.962551007144953,-18.41163927872473,-13.193262276224168,-14.008396836470084,-12.150674367539365,-14.12006945613454,-8.561473262290683,-12.004329490523988,-10.862379895717028,-11.413715640482726,-11.869722285111786,-11.18053346288941,-10.662805043344049,-11.854543348439412,-12.15795401777791,-13.741880686196176,-13.169149326423232,-10.9000141371153,-12.032350669818712,-12.072882793488942,-11.280653231896505,-9.156537726763492,-10.900735128941978,-9.09073582631734,-11.529406776858298,-10.5244346498222,-10.478209131001144,-8.758478506370114,-7.493353784621899,-11.706166418200969,-9.318485761432274,-6.177141440707671,-8.462441378723035,-7.356185175634934,-8.72491827547346,-10.463504043875334,1.7901319046749675,-13.741880686196176,-6.177141440707671,7.564739245488504,128,-17.370842353344255,2.9392344352325472,-23.43599173934809,-12.128812198545589,11.3071795408025,128
111,P0111,1,Rice,0.44776884,-17.44256787957936,-10.090299322041009,0.5784870319383467,7.352268557538354,79.4322264411067,11.04887375279226,interpreter_1,2026-09-27T12:28:23.719Z,00000000000000000062_0,-16.616920674474585,-14.907279211508651,-14.241784263171589,-15.07465895465404,-18.049639502841337,-19.718264550063243,-14.902219979441746,-17.11289738429157,-16.57477392599138,-21.18334394094077,-23.942837101429912,-20.205026744352068,-21.997468889690825,-18.03780307967528,-16.896147129264886,-17.44256787957936,-15.702071106611866,-16.2229986090665,-15.230301873391848,-13.79525158612292,-16.201414254555598,-19.42227714198601,-13.16471290079046,-17.680434854554857,-20.486095916748784,-22.768512090166144,-27.94739882949461,-25.036324726727777,-18.54853750882724,-8.974450695421979,-10.059174696171532,-9.998973030924336,-12.406085680885903,-7.242141294836029,-10.215213228987244,-10.090299322041009,-10.925179400208172,-8.731215105204322,-12.191472149663037,-12.844562731255316,-9.961261113615212,-10.918877299241942,-9.275671932199865,-9.583591769592449,-9.427120234914408,-10.608320361477176,-11.692328134065914,-10.947586142259144,-8.503442043215912,-7.860179396393528,-9.563921659011534,-7.794655261948781,-9.777015930663906,-11.620982441962068,-13.518988091773238,-14.601180870627976,-14.96650324775987,-11.59266417552637,-10.548036463512004,1.8797016825298287,-14.96650324775987,-7.242141294836029,7.724361952923842,344,-18.245171193462618,3.5028043746462094,-27.94739882949461,-13.16471290079046,14.782685928704147,332
115,P0115,1,Rice,0.62717175,-16.596524501427915,-10.85758004981525,0.6542080571676977,5.7389444516126655,79.21761891973055,10.892117735713404,interpreter_1,2026-09-27T12:28:38.835Z,00000000000000000066_0,-17.760667552453633,-16.826308814666394,-18.204986734316087,-19.89342894600537,-19.12401851773157,-18.334654195836457,-17.711242369366126,-18.08175805186221,-18.807913341541685,-15.681786974907526,-18.026018853615785,-15.31231836204605,-17.20282507349642,-15.813939174340302,-15.147222852000544,-15.451634562790415,-14.96917601881348,-16.28260635088296,-15.020724533175914,-14.248109135114737,-13.600435014762038,-16.596524501427915,-13.960879894217014,-16.000308719625952,-16.846931717011376,-16.36972004830709,-16.986507228545552,-16.74614087792599,-15.245748973400154,-10.43109768298271,-11.985915453927378,-12.49305436573544,-11.172347199991687,-11.588286689266292,-12.883193285551087,-11.57884393012637,-12.843403636025348,-12.010846643292028,-11.878234909165696,-11.29798503240681,-9.335634432136942,-10.62502294305968,-8.908247532491778,-9.751830431334174,-7.876311058841695,-9.547566922383927,-10.75646997265152,-8.196353355702117,-10.644091140918198,-11.507309746384252,-11.719172497436926,-8.123515093563924,-10.680850071641704,-10.395807056482846,-10.032551889644084,-11.319520269252004,-11.468205777381216,-10.85758004981525,-10.755491347227348,1.3245574123999402,-12.883193285551087,-7.876311058841695,5.006882226709392,80,-16.560501289316782,1.5606446709140924,-19.89342894600537,-13.600435014762038,6.2929939312433305,44
119,P0119,1,Rice,0.384689,-17.655566325115498,-10.171698781796591,0.5761185223114078,7.483867543318905,79.09365141052207,10.855376640592915,interpreter_1,2026-09-27T12:35:44.309Z,0000000000000000006a_0,-17.655566325115498,-18.282465577513847,-17.742468160332745,-19.73885239766101,-20.889903508794376,-22.37317256155877,-16.831061001207303,-21.03142818181969,-20.60747911960804,-23.780644391562,-22.71738556813963,-18.546105019599533,-17.0683416312243,-18.47439718803448,-18.07097201627037,-17.004050899399857,-18.50165376468913,-17.45380186395035,-14.723849275096894,-13.536373142082684,-17.508774699585853,-17.397494205876562,-12.899195003928703,-16.65195914671834,-16.52023237004149,-18.366720348758715,-17.411368331802123,-17.33104441634933,-16.637352669920663,-8.676101345555928,-9.878291583351492,-9.910791717848682,-10.155431327835185,-10.542585756688048,-12.111342375780689,-9.0483093799218,-11.675954766309326,-12.019215216330766,-18.18170454909169,-12.784987491093837,-10.146318300637963,-9.726584446589984,-11.038504489368378,-9.904562463687704,-10.560319715529218,-11.716749386162844,-10.461561203428392,-11.744069035633558,-8.407832764305232,-11.069000284972232,-12.642407941070593,-8.5005594319173,-10.171698781796591,-10.45513494700328,-8.954446432524083,-9.771212474065733,-9.687548214167473,-8.61251717642628,-10.63985320686532,1.86787840250444,-18.18170454909169,-8.407832764305232,9.77387178478646,128,-18.12945216505663,2.4233997660653936,-23.780644391562,-12.899195003928703,10.881449387633296,128
121,P0121,1,Rice,0.50938386,-17.639814207785648,-11.392382184393782,0.6458334566452264,6.247432023391866,79.2622651893513,10.919785846464285,interpreter_1,2026-09-27T12:35:59.624Z,0000000000000000006c_0,-17.522321306154236,-17.47801404538801,-17.43866087064481,-17.800126912395214,-15.99683211736338,-16.91001524139517,-14.55351340776162,-19.29580257211892,-16.951492350766905,-27.48966076740134,-25.967364300887365,-20.757095103890062,-22.22978714699068,-20.89257125294688,-18.43479753488936,-17.639814207785648,-17.265855515131022,-17.41695353375212,-15.61368678325988,-13.279261158864614,-14.644036429256142,-18.57571619167182,-13.553044102201458,-17.818609217386147,-20.891335007658085,-15.82719349045384,-20.14007908131777,-24.21426909398869,-20.8532991200088,-7.553048351946609,-9.098594938086432,-11.329996218549692,-11.655327676648875,-9.990487882810656,-12.51563715940052,-8.525845663821618,-13.330563216259154,-10.256149333056758,-20.3283827642573,-15.748315064256248,-11.601248541402503,-12.087134773148072,-12.462202259178232,-12.229184380388205,-10.447042219169791,-12.407918665917071,-9.600949814583776,-8.01558225931066,-7.317242347070109,-9.78198080760288,-11.392382184393782,-9.067782796608576,-12.79214321026468,-12.232978222599256,-8.53376852084682,-9.6487373729426,-15.078568534222892,-13.173876210441083,-11.317347289282235,2.68701302135878,-20.3283827642573,-7.317242347070109,13.011140417187187,128,-18.532800271163104,3.347011521733009,-27.48966076740134,-13.279261158864614,14.210399608536726,128
122,P0122,1,Rice,0.53210425,-18.25519928374668,-10.728420314258866,0.5876912186771253,7.526778969487808,79.39710231349764,11.03180576239399,interpreter_1,2026-09-27T12:36:02.808Z,0000000000000000006d_0,-12.998729083868405,-15.090715974116591,-16.098432355888622,-18.431620561107422,-19.13925620534495,-18.30022133557612,-18.25519928374668,-21.529558519450006,-22.93266792849724,-20.60334041717052,-20.240830252176533,-20.2932792299768,-15.188190767824729,-16.786711839331883,-17.3267708678006,-16.928072603061814,-16.55292580747869,-15.725762465235093,-14.62611389523535,-14.418587037134866,-19.65575691106466,-21.353599255283847,-14.95292006332988,-18.88141379028363,-19.02276209071827,-19.558608190227737,-17.294262085622492,-20.90151109525417,-18.110082505144984,-10.13116850806705,-9.499433868823983,-11.490161241556285,-12.367656768798035,-11.249363464771353,-11.170331003882254,-10.666382403693138,-10.66898044773579,-13.35936889558388,-9.082733465473956,-10.42612061632546,-8.390232430860587,-9.267406244414389,-9.920542353582618,-12.211096969702776,-12.275165632904503,-12.8583317066247,-12.537942396761965,-10.728420314258866,-8.072709560411031,-11.0174871563758,-11.950139162064966,-10.45552806678764,-12.862659390808153,-12.08834385118172,-11.095620517726218,-8.444443743500823,-9.068145173331196,-9.141582191901348,-10.775775777514154,1.4580901824103074,-13.35936889558388,-8.072709560411031,5.28665933517285,116,-17.972341462653535,2.4315960155191907,-22.93266792849724,-12.998729083868405,9.933938844628834,116
126,P0126,1,Rice,0.35653317,-15.783344597283726,-10.36338665694582,0.6566026986909563,5.4199579403379055,79.14916729508066,10.986171345960718,interpreter_1,2026-09-27T12:36:18.099Z,00000000000000000070_0,-18.133408124165733,-15.18587798016546,-16.698793388569083,-16.424049609558708,-17.525333292075587,-16.65830619416913,-14.948969724661186,-15.78210733753198,-15.783344597283726,-15.582095495304548,-15.261285714294647,-16.221223230305487,-13.818327203727186,-15.653887420678668,-14.464210105245908,-13.96032534686645,-13.696183512872736,-13.877968227442274,-14.582751657881708,-14.715554876238423,-18.97563786106437,-17.552631353117064,-14.423687174136193,-19.38370770989721,-20.49457527434583,-22.56757690470213,-17.468006348898363,-18.558886533586264,-18.79191297894888,-10.811063228567704,-10.60924693031231,-11.447364892334972,-11.157311852013542,-11.309710371115075,-10.21870248549484,-10.751826866915833,-10.084141245103414,-11.07605563107073,-10.06663751043029,-11.32749697448297,-8.800622138432285,-8.760766390242509,-10.466944768175956,-8.692039643883707,-9.465076431599217,-8.043682612783048,-10.139462810909173,-8.065886260567856,-7.895450391411767,-10.501369520263976,-10.36338665694582,-5.772479241353099,-9.631660283689516,-10.645438692402887,-11.385008333020856,-10.041953073542588,-10.624288763028778,-12.500864923009312,-10.022618583555312,1.3681837157437633,-12.500864923009312,-5.772479241353099,6.728385681656213,356,-16.454849144059825,2.1536632567171994,-22.56757690470213,-13.696183512872736,8.871393391829393,320
131,P0131,1,Rice,0.55487496,-17.876109459475597,-11.05527827224664,0.6184387210935633,6.820831187228958,79.10757529742592,10.943142043851394,interpreter_1,2026-09-27T12:36:35.189Z,00000000000000000075_0,-16.524618122168015,-17.876109459475597,-18.04227803078497,-18.471159550712976,-19.42794413354852,-20.063305121324333,-16.51049785622767,-20.16373199000321,-20.614618240222967,-13.281500720681606,-20.41808849350648,-18.29306565288835,-24.8174064566577,-23.79070080645317,-20.17320972627936,-18.96087123430353,-17.407018164183462,-16.391003889094826,-16.74624718903198,-17.707737451893195,-16.334695007268152,-15.311339342784152,-14.358547107877364,-16.64535009303397,-19.44072747804299,-19.34035755577555,-14.5524245547151,-15.85530155561892,-16.0344933677642,-11.05527827224664,-12.126735802924555,-13.314176308077332,-13.000680971897026,-14.06688422314603,-13.62574907848275,-11.106736196816795,-12.479196902422318,-10.033382640080044,-5.336541041514705,-10.75820923918603,-10.567358624354773,-15.1649672022085,-14.084924372289242,-11.926430822183749,-9.814382453565145,-10.187159104097974,-10.966318376636297,-9.530625552746598,-11.55540470177508,-10.743564170979036,-12.914176529032504,-9.775824995331083,-8.52285465328835,-12.75877524766038,-12.566190494011234,-8.419465604030181,-10.806013527621705,-9.981153836227383,-11.282384860166667,2.0083923819051117,-15.1649672022085,-5.336541041514705,9.828426160693796,164,-18.0535982190456,2.560537513626531,-24.8174064566577,-13.281500720681606,11.535905735976094,164
133,P0133,1,Rice,0.5141304,-17.0088412512609,-10.957793487151427,0.6442410347229917,6.051047764109473,79.11143805314764,10.935416532407965,interpreter_1,2026-09-27T12:36:43.950Z,00000000000000000077_0,-14.782947709921745,-15.561980796182818,-16.204490450389947,-16.79330042498079,-20.191060779459427,-17.613586274346645,-16.210873180641045,-18.24066818646724,-24.98597309347959,-16.57606260360511,-20.043111271047497,-25.426142879225644,-22.82237945052509,-25.186922120723857,-22.221115949083853,-20.501507436710465,-17.6891959218139,-16.647664641336963,-15.811131462689962,-16.399274433409094,-15.853486569185147,-15.477065404444296,-14.545089415502495,-17.0088412512609,-19.42503743279314,-19.63582908982657,-15.547011962791949,-16.23222408651772,-17.350897210282092,-9.685443042505922,-9.625026287365973,-9.718654395501282,-12.82668694797856,-10.29030906688401,-10.975924516485485,-9.044873569084556,-13.713650660990758,-11.861059921627657,-12.296626645066912,-11.70526402405409,-16.550535432806175,-13.775049135802568,-17.12511603824668,-10.957793487151427,-10.515507154527342,-10.243306019362786,-11.280833573889709,-9.479826089641495,-9.412305985065668,-11.643686853425477,-9.779737406163337,-9.4517357431269,-10.968395296182685,-11.078310140443064,-13.263474819425587,-9.139203324822777,-10.18978749339733,-10.948983741439218,-11.2947278211195,1.9998923244508,-17.12511603824668,-9.044873569084556,8.080242469162124,176,-18.309823154780865,3.123741322130821,-25.426142879225644,-14.545089415502495,10.881053463723148,152
136,P0136,1,Rice,0.5869806,-17.19715710652132,-9.9995721907303,0.5814665836214504,7.197584915791021,79.28642987049412,10.865976760945523,interpreter_1,2026-09-27T12:36:55.075Z,0000000000000000007a_0,-13.64384135721133,-16.8607022064154,-19.279022221521988,-18.94278662953514,-20.92680702449445,-20.415933129625834,-17.821931918945417,-16.84487115622167,-20.50011440045437,-16.71055625918993,-17.19715710652132,-19.60575389627662,-19.02445251570562,-17.921487739510788,-16.10474280790704,-15.388354680278788,-13.580809428543787,-13.371875852756654,-15.293616136001017,-15.597292206469422,-16.31817329542927,-14.43309356961388,-13.682153835512668,-16.920786026531232,-17.364016790966925,-19.561259103239127,-25.51449237573221,-24.757542828500195,-20.411531781936915,-8.296986647895059,-11.529463377720589,-8.847803216791503,-13.68674923361792,-13.747587582803163,-11.405968253227204,-9.9995721907303,-10.717146783471437,-10.682777414132651,-9.637759639683075,-8.678869440292527,-11.030331138452096,-10.390989208110817,-9.063724050833487,-7.250459385544091,-8.162739864632755,-7.078704166577474,-8.228758085976892,-9.141706732720325,-10.266284815781656,-9.874708139389806,-10.658229323740017,-9.702853314595242,-7.957455217376506,-11.351606806370311,-12.363515141917842,-12.602263531803882,-11.730337123110372,-8.989860626135206,-10.106041739773596,1.7332972684568086,-13.747587582803163,-7.078704166577474,6.66888341622569,56,-17.723970975208587,2.989397833359281,-25.51449237573221,-13.371875852756654,12.142616522975556,332
139,P0139,1,Rice,0.5424837,-16.80229473005276,-10.411050320183254,0.6196207415384721,6.391244409869508,79.39045478039516,11.112474474907923,interpreter_1,2026-09-27T12:37:06.914Z,0000000000000000007d_0,-13.20180700280821,-17.79469868766489,-17.967354801210924,-16.987996449849508,-19.45111904407109,-15.89983046152021,-16.616805233197795,-16.542009990632124,-18.13053743567061,-20.47971223809323,-18.33087179111042,-21.391677759797,-18.542788921114017,-16.80229473005276,-17.56048304450387,-17.888765746948632,-16.758762265798147,-16.09728643455687,-15.899383924416048,-14.175025872638544,-15.411077473002614,-16.441112810626226,-14.987410225906368,-21.051703446062582,-21.505347181311404,-17.990288446279664,-16.28457480290818,-16.361192655662638,-16.204253820463627,-5.263579819579011,-8.757563981873204,-9.567558923898243,-9.720170439898403,-10.586679931189746,-11.056946218143796,-9.223024308985762,-10.308670384976162,-10.74077761157084,-10.411050320183254,-12.78980299852234,-12.968137652142456,-9.421763177138438,-8.657844204321794,-9.492095545490487,-10.860250490266433,-10.226054809723497,-11.42822820903032,-10.632782945104475,-11.337125732204926,-10.019017545684015,-11.342687289767792,-8.24185576045284,-13.280749594995832,-12.516046035613629,-9.69186862143599,-9.161350219307533,-11.032908850215756,-11.965069416252978,-10.369022794412754,1.60701101612182,-13.280749594995832,-5.263579819579011,8.017169775416821,296,-17.336419748202697,1.9866374964973768,-21.505347181311404,-13.20180700280821,8.303540178503194,308
141,P0141,1,Rice,0.5771878,-20.10064396097118,-11.226466223851144,0.5585127643497013,8.874177737120036,79.14979611577954,10.921043487862052,interpreter_1,2026-09-27T12:37:18.507Z,0000000000000000007f_0,-18.182732904960247,-24.042289280282017,-30.238048505218234,-24.19856967241039,-23.53061507202498,-17.82616132664083,-17.985016178322574,-16.814843617147098,-15.25851935646828,-14.439694506654725,-18.29077236269285,-25.873999240562693,-24.00549605268869,-25.377312126093976,-24.073505546708702,-21.74112302403397,-22.501301333478025,-23.73151181553384,-17.833767363910123,-16.983706418432387,-18.311036504866795,-16.854969259511247,-13.91719606431496,-17.744339723239662,-20.10064396097118,-20.78674461616212,-21.412462233167705,-21.142416404477665,-15.244114519639442,-11.219535215419372,-17.470098024990925,-18.006891605157392,-13.578286207429802,-11.226466223851144,-10.576809533905626,-8.500488410634174,-6.823328422591137,-8.621098282259771,-8.328162982598307,-12.938394446702304,-17.765893300784732,-16.09822943430699,-15.767358770831477,-12.479270775726182,-13.569096231124934,-12.684763771993948,-11.074388204759948,-9.27762998349261,-9.946295112613884,-8.937451999487845,-7.875625341738564,-10.305874640004316,-10.13427246845088,-13.064008794448878,-13.545970267849029,-13.417661138379184,-13.371297046911508,-10.863769681710496,-11.981669528281218,2.9819447547925675,-18.006891605157392,-6.823328422591137,11.183563182566257,32,-20.29113479277984,3.9030760383182814,-30.238048505218234,-13.91719606431496,16.320852440903273,32
143,P0143,1,Rice,0.42124933,-16.833709640006692,-10.313289215288862,0.6126569505974182,6.52042042471783,79.19947295099135,10.86480895107617,interpreter_1,2026-09-27T12:37:32.770Z,00000000000000000081_0,-19.08136666753571,-17.488505787204932,-17.07439605871247,-16.16753838667663,-16.597886173283754,-14.839486190215164,-14.903064943678492,-16.594103369131478,-20.014399553151883,-28.406363333124283,-23.50981352402944,-20.890489854848468,-22.784020637809054,-16.64485766787349,-16.833709640006692,-20.228201840112742,-17.287167910610776,-16.092601152327248,-15.316800150561496,-15.73956184282518,-16.154200291571268,-17.97739926807626,-12.337094145418416,-14.703022736084096,-13.877667147951565,-15.35031528053583,-17.554438514451668,-17.23178185868106,-20.24218145986536,-6.367835939161751,-9.516876742545591,-10.313289215288862,-10.312312761646492,-11.411846246226087,-8.237153554227465,-8.716009875225389,-12.67166569845526,-13.728706436922248,-22.16427924459762,-14.143584028928114,-12.317236665304666,-10.404534939318262,-9.262621746675888,-10.510320011604003,-9.92089565966664,-10.002806881111002,-7.458021029976117,-7.5970069522582575,-11.673999965112724,-10.900315896048404,-9.422439884234752,-8.874696454720187,-9.869753304690471,-10.518075525941317,-10.402366499288714,-9.914329564350677,-12.267221231833568,-12.026647328853276,-10.721615492559096,2.7850882493947062,-22.16427924459762,-6.367835939161751,15.796443305435869,128,-17.652497771943274,3.218532307781472,-28.406363333124283,-12.337094145418416,16.069269187705867,128
144,P0144,1,Rice,0.37587184,-17.570320783654193,-9.877407241426743,0.5621643089530712,7.692913542227448,79.09068697008448,11.007102092080702,interpreter_1,2026-09-27T12:37:34.742Z,00000000000000000082_0,-16.55053726064575,-22.43238129194911,-21.189936555120028,-20.770534245724868,-20.6842493349101,-25.01203649329758,-17.4124609016447,-21.756672492853188,-21.72008223405937,-20.772369994498607,-22.166050838618165,-19.257016035423028,-17.20548818768226,-15.866156843860663,-14.1548223409008,-15.49771824662272,-14.17856149824572,-14.807254461302232,-17.52150703364482,-17.570320783654193,-17.850475981906165,-18.49352560421058,-14.21479426737777,-16.663283891058846,-17.95049911636469,-20.3902894705601,-14.311249702836747,-17.54798932815758,-17.226418967795624,-10.661835323613742,-15.246495630034826,-8.945146441363516,-11.189701914378434,-10.94653059287997,-13.28565750657268,-9.371925689649771,-9.040175910379018,-9.66842634806716,-4.953358671840143,-8.936031955761072,-9.236734788219366,-8.709786003777252,-7.648096925324634,-6.552276542700799,-9.69093464446698,-8.656298490447773,-10.086118154265538,-10.854192704579289,-11.418664705456871,-12.610712008253149,-9.498301383275177,-9.877407241426743,-10.81126253054914,-11.413385425351766,-10.625212392861132,-8.849166397514018,-10.760468821780467,-10.786946683777629,-10.011422476847176,1.9224022756868984,-15.246495630034826,-4.953358671840143,10.293136958194683,20,-18.31636839327331,2.8523232314088376,-25.01203649329758,-14.1548223409008,10.85721415239678,80
150,P0150,1,Rice,0.48495665,-16.869906194160425,-9.23284756836247,0.5472969121522709,7.637058625797955,79.10380237323261,11.083728385816098,interpreter_1,2026-09-27T12:37:54.104Z,00000000000000000088_0,-15.677048497840346,-19.17055514629486,-19.265326499910792,-20.274747118467232,-20.5684366526238,-20.22105884275987,-20.2662287384022,-20.70025951743108,-16.166542404876406,-17.242113002351477,-15.203875938823831,-17.8908308530017,-14.26889678097936,-15.57019541556816,-12.29535762777992,-14.851999626795948,-16.91503290328364,-16.53363853333175,-18.54028017024632,-17.335065968057435,-18.236638198220408,-16.714547832237297,-12.221466579706457,-14.054885098766942,-15.83443549708264,-18.292605915201094,-15.977726591840808,-16.869906194160425,-16.385807237342945,-8.343687423913003,-10.485777912108102,-10.574037798725778,-9.096938292964133,-11.624236812322597,-6.097136983118407,-12.008493154922247,-11.380440263569188,-4.929759727221193,-8.840678553805677,-9.47599968151951,-9.002187533082752,-8.969001386622143,-8.181054660081891,-6.15375331243092,-7.213145308100644,-8.87784799833522,-10.171728404757117,-9.359982240530794,-9.007101437932333,-12.247758692437616,-9.890650927669116,-6.802031160623314,-10.120144777094623,-8.05282761844092,-11.924186627900628,-9.23284756836247,-9.545368808693944,-11.727988218879196,-9.28747563055743,1.835754957837069,-12.247758692437616,-4.929759727221193,7.317998965216423,260,-17.01881066839259,2.282592682927579,-20.70025951743108,-12.221466579706457,8.478792937724622,104
155,P0155,1,Rice,0.4990758,-19.229598815634485,-11.221110155508953,0.5835332428456962,8.008488660125535,79.21672060444644,10.993357868233677,interpreter_1,2026-09-27T12:38:09.516Z,0000000000000000008d_0,-15.699065830303764,-15.621833984039634,-15.939629920640414,-14.07836042179298,-16.248015320492428,-26.99766758205593,-23.06242644197775,-22.52373659589573,-23.22910036066919,-20.60430069480348,-24.6355796047903,-23.35853099615018,-22.802099270142303,-23.017733662691864,-20.150553670764964,-19.748030623240524,-20.113665661287904,-18.237085580438265,-17.87883908771309,-19.229598815634485,-17.973414203289316,-17.63139918437977,-15.388686461027632,-14.899160673367348,-17.37305223075746,-20.14986030008679,-18.9697971619424,-19.72598115498872,-17.0295518645135,-9.29000324906259,-10.323036217861963,-8.046765542939479,-10.934432448260855,-11.291148988563858,-11.101917257469642,-12.596396955512956,-13.091734846885624,-13.25726584648152,-9.327468175153,-13.341101020745436,-13.18651453197628,-13.593271788841012,-15.335788693041268,-11.957298506823603,-11.381062373700924,-11.316499040120856,-11.254486269860486,-10.970361946929325,-13.18284206193588,-10.45644847997692,-11.891889008888564,-8.227169740911343,-10.746222261934491,-10.57200749781741,-11.221110155508953,-10.755111017468204,-10.856504372068889,-10.748439093736884,-11.388079220361318,1.5936305098726824,-15.335788693041268,-8.046765542939479,7.289023150101789,176,-19.390233012409592,3.215966680094031,-26.99766758205593,-14.07836042179298,12.91930716026295,80
157,P0157,1,Rice,0.6464777,-16.676727589391582,-10.429119887481942,0.6253696854841069,6.24760770190964,79.18096765613848,10.959940539664428,interpreter_1,2026-09-27T12:38:16.314Z,0000000000000000008f_0,-12.807894186207072,-15.030945855790137,-16.658153297658306,-15.788087065016818,-17.728318044317422,-15.933738034287812,-15.947937643828968,-17.546264847169773,-17.861957420170633,-16.20577070344786,-17.490520211163577,-15.73917970321229,-18.59562057016753,-20.05258948731418,-19.05174849630303,-19.981759725751928,-14.878629967628218,-21.018783777175223,-15.858938170124466,-16.137624214192275,-15.27709745147746,-17.388690696874953,-11.831598422496164,-17.84271463343361,-18.53791382538302,-16.64795811236364,-19.66946404503157,-16.676727589391582,-17.124646625268724,-9.677035549367917,-9.86226235762987,-11.027200714432484,-11.923027682493773,-11.97749033676402,-10.50177665424284,-9.810150659015012,-13.05368885540316,-12.855350414979686,-9.59358217826699,-8.999510357290415,-10.843686530231608,-12.62520794911624,-12.246378491724853,-9.491120379323124,-9.308646744337189,-9.005453587285379,-8.439040939476849,-9.865002979510027,-10.429119887481942,-10.728244675498456,-12.670934862139118,-7.840099111378133,-9.962879352451854,-11.255678586903764,-10.684405210099849,-12.346531987991584,-9.271962328863342,-8.503725870060261,-10.510317077026194,1.4363798021113805,-13.05368885540316,-7.840099111378133,5.213589744025026,104,-16.941768028367182,2.0099190068406627,-21.018783777175223,-11.831598422496164,9.18718535467906,224
158,P0158,1,Rice,0.59718144,-17.282297351683635,-10.222918979580488,0.5915254651364146,7.059378372103147,79.32433877548397,10.963803295386144,interpreter_1,2026-09-27T12:38:21.375Z,00000000000000000090_0,-15.520946789667205,-15.120277979581722,-16.805678314862156,-14.80088559052951,-18.45661260663461,-16.950743887369924,-18.374290041148683,-17.282297351683635,-17.949122731483158,-19.07070891225608,-21.72113595901594,-18.786918774483127,-15.486331795429766,-19.001815190140466,-18.608197451832208,-17.109117872416387,-16.069529061804836,-18.34092743926844,-13.267699181827163,-13.472730662804551,-16.477801113488198,-17.499672888756173,-14.310519793061234,-15.164483367621104,-15.436710234914289,-18.858630349409545,-21.545053155161057,-20.26076123197216,-17.476432039254888,-10.222918979580488,-10.81865290840685,-12.526245737958185,-9.273119956559594,-9.771334035814675,-8.588196206473215,-8.583944557729994,-11.455707255294472,-11.062996141078028,-14.262276950337723,-10.79801735691962,-9.975763032485329,-10.972977167545634,-11.395920301849657,-11.096852476702653,-9.44292490759091,-10.725506930345809,-11.471548765984297,-9.3522684767437,-8.920060493500571,-9.743164544693492,-8.38967630996663,-6.959073810090858,-6.255152019805949,-9.714262432592887,-10.77256288978627,-11.223827251606922,-10.09489922590857,-11.69963249219342,-10.19205115915677,1.5795597723446313,-14.262276950337723,-6.255152019805949,8.007124930531774,128,-17.21469075061649,2.121271448662458,-21.72113595901594,-13.267699181827163,8.453436777188776,140
160,P0160,1,Rice,0.6310345,-16.2155271262384,-10.32913542592743,0.6369904194612225,5.88639170031097,79.24232259004384,11.124871225828771,interpreter_1,2026-09-27T12:40:41.140Z,00000000000000000092_0,-14.198478690118366,-14.389057545364864,-15.711271489165105,-16.431594389488314,-14.064401313663918,-15.207629128482534,-16.563596686383054,-16.946078020990598,-16.143159077429104,-16.04042514571611,-14.301317831143248,-15.80893079266955,-19.31729773015546,-17.914464250241313,-17.589388604281233,-19.77784724338209,-16.384813059904626,-15.700553179144196,-19.91903627992105,-15.69531020557218,-16.2155271262384,-17.754905353564972,-13.970149337966426,-16.61837230416178,-14.631231171874816,-16.906506562300095,-17.17519880716685,-14.64003599737618,-16.498730655997036,-8.87439930441705,-9.567652948186456,-9.077792684214067,-9.412170611530096,-11.137930229165626,-10.060400984254985,-9.548300554674634,-10.32913542592743,-10.321574949951982,-8.968076142992164,-11.104399705817302,-12.663107785983067,-9.652865182761612,-11.488261392676671,-8.800704133401807,-14.359969864398632,-8.710486615833272,-7.410153410250312,-11.667293332737293,-10.59615038431099,-11.474975672985508,-12.447525086183235,-10.517887411439467,-9.908048984870105,-11.088110133202076,-12.67135383597517,-11.419677719547408,-8.996869247126345,-11.869526702866237,-10.48775173923038,1.490311878474264,-14.359969864398632,-7.410153410250312,6.94981645414832,200,-16.29363130965046,1.5876889873549411,-19.91903627992105,-13.970149337966426,5.948886941954626,236
165,P0165,1,Rice,0.31390136,-17.663472363162043,-10.488123098975732,0.593774705411218,7.175349264186311,79.13093149481303,11.070433319611128,interpreter_1,2026-09-27T12:40:59.478Z,00000000000000000096_0,-18.02871490205396,-20.409793471016403,-22.00822744608907,-17.663472363162043,-20.084792113445143,-23.81625290790536,-21.70121532336916,-19.707525728342247,-19.070498942952856,-20.47927817051404,-15.87775221415096,-15.316422089210784,-14.997721580669698,-14.382951157932256,-13.46238602006666,-14.43302666798174,-13.830938448703474,-15.097320145177788,-17.661049895939566,-16.93463412183689,-17.53758341133331,-16.2322736877175,-14.954630512412558,-22.149214805334022,-19.46859409268896,-21.12058192262138,-17.351560095971564,-21.701617480111697,-18.70296839389876,-11.165266253280672,-13.854449412812311,-15.184005684730202,-8.350230559147903,-12.03415110570361,-9.378364433081195,-11.170622061398277,-11.444501170057867,-11.938901862973712,-8.367611872970466,-6.243455197947205,-7.219121157294792,-6.905651714092008,-7.077122770688207,-7.103373261184399,-8.613415766790975,-10.040876352745556,-10.95627972845423,-11.153639524659472,-8.983692856333432,-10.273614475309042,-10.441465107280328,-9.791068399706052,-14.087900486684354,-13.069295233058822,-14.87416705153487,-10.488123098975732,-13.209685208802286,-11.943729619864223,-10.529785566467664,2.4222593811676094,-15.184005684730202,-6.243455197947205,8.940550486782996,32,-18.075275796986546,2.843126487265489,-23.81625290790536,-13.46238602006666,10.3538668878387,80
168,P0168,1,Rice,0.42331883,-15.911335403590757,-9.685112292479586,0.6086926110736073,6.226223111111169,79.34032878754128,10.8785531749232,interpreter_1,2026-09-27T12:41:11.078Z,00000000000000000099_0,-15.04518250881728,-15.420890494482,-14.958371144558814,-14.827658207505207,-16.77607209638805,-15.90285389764351,-13.844719885757211,-16.958772440398448,-17.515025275815827,-17.559182896455688,-17.24941815136968,-18.32010854687985,-18.84308069314074,-12.956963261660809,-14.593518383370052,-14.054348046441572,-16.12470894902168,-14.704540018056694,-15.761557474363917,-14.020918078693065,-17.988905504496223,-15.911335403590757,-12.933648899556411,-16.373905440292436,-18.689304420161623,-16.92974735815435,-16.920107715758984,-14.818151546466565,-18.210141475964512,-7.042493987752916,-8.265798104604059,-10.353287977134563,-9.849750553488212,-10.815651441847333,-10.63393078750766,-10.890630669126898,-12.367441333610984,-11.095921186766311,-9.685112292479586,-11.561128429325173,-8.91560146992905,-8.369521398006238,-9.078597393572004,-8.996282152339456,-10.32074573443766,-11.322204451993615,-11.803250388638125,-8.50041143403891,-8.878073410337262,-8.969498027239114,-10.47658710693794,-7.547711065562334,-8.634899428230622,-8.817027867173366,-10.13260711671206,-8.994637887572033,-8.195294008138788,-10.327763177107824,-9.68420207867621,1.306107616181592,-12.367441333610984,-7.042493987752916,5.324947345858067,104,-16.007349593629726,1.6510861450587044,-18.84308069314074,-12.933648899556411,5.90943179358433,164
169,P0169,1,Rice,0.5638031,-20.640463838837828,-11.851760531379238,0.5742003001443478,8.78870330745859,79.42441109813487,10.875319239900367,interpreter_1,2026-09-27T12:41:12.951Z,0000000000000000009a_0,-21.42095789625662,-22.779372534193225,-25.882464177965225,-20.002787777908782,-20.92032598087996,-15.501325709744192,-17.476732919954486,-21.628437140626605,-22.370081151328137,-24.32071651186011,-28.83560525071252,-26.72392674380397,-22.73519785796936,-20.640463838837828,-19.92676436140307,-20.249072312470307,-15.24228592727226,-16.132129594937027,-15.676059935520804,-14.866871179420489,-18.17837018894946,-15.049930341694427,-12.898346025727832,-21.78688496060223,-17.161731758463855,-16.894853688559955,-21.093131635973403,-25.039335157893603,-22.77472595194425,-10.583277142058003,-17.76458240629381,-11.78471116294662,-11.9062797189429,-12.186209127178053,-11.869522721639733,-11.941656598952164,-12.546220897160858,-12.88524734047381,-14.907835145372276,-20.39602008623273,-10.16990562254323,-12.194824450210549,-10.665751711570238,-10.836430389605573,-11.453053697460456,-10.582928905506025,-11.287647293697404,-9.510612234490292,-10.525609351767738,-11.35866086409397,-9.435649830342973,-7.660554235859762,-11.908152145749394,-12.183441717265069,-10.596538660327168,-11.851760531379238,-18.416527393677462,-14.073585009773089,-12.189075737674848,2.66116328307242,-20.39602008623273,-7.660554235859762,12.735465850372968,140,-20.145134086650827,3.9191860570552137,-28.83560525071252,-12.898346025727832,15.937259224984686,140
176,P0176,1,Rice,0.62808067,-17.86909403819231,-10.8547201780835,0.6074577790504255,7.01437386010881,79.27897385363592,11.019498843001552,interpreter_1,2026-09-27T12:41:49.003Z,000000000000000000a0_0,-14.95228950835972,-17.516629168500508,-16.749963977004004,-17.137853348088303,-19.772062403166625,-18.410692442633792,-22.288617165717515,-21.38257483092616,-22.42391234358103,-15.88678026059979,-20.918019374922245,-19.23425502216913,-19.752533986195264,-17.86909403819231,-17.21910972954362,-18.5579662465134,-15.91715998771071,-15.24392456342624,-17.370503386579287,-16.595101945741227,-14.980654149166458,-17.99562677927441,-13.427111398140418,-22.53080438675916,-19.18461413376224,-25.272646894000545,-23.052390089496416,-15.376279571303332,-17.09061887643134,-8.959583628989206,-10.53588482232458,-11.433088080636525,-9.658279229591749,-12.188961429065213,-11.582310475102007,-10.921769744777718,-10.6620131961317,-12.080675665727592,-8.233720510245943,-11.255477684471431,-9.746395934944362,-10.425228732780862,-10.872275176546804,-10.403615164115408,-10.534298569156366,-11.077582283264135,-11.496077659709847,-11.80817444044574,-11.058785332400491,-9.698883028334729,-11.78761639447374,-9.077408046557949,-11.11840824128653,-9.415174408739256,-12.0934654283645,-10.8547201780835,-7.169930504452391,-10.415926452821038,-10.571232084260044,1.173789566720029,-12.188961429065213,-7.169930504452391,5.019030924612822,56,-18.417578965789836,2.818602792096337,-25.272646894000545,-13.427111398140418,11.845535495860126,320
180,P0180,1,Rice,0.37771055,-17.5025781680134,-9.9563984794886,0.5688532502991063,7.5461796885248,79.09787349235742,11.12936280224937,interpreter_1,2026-09-27T12:42:02.957Z,000000000000000000a3_0,-17.73887596150201,-20.14766661167009,-23.26824245294681,-19.311450460490963,-21.5230222312405,-15.872973734404209,-18.6318865806716,-21.71035712402216,-19.1162434543061,-14.229901158084616,-12.460286356250636,-16.142598284911937,-16.11218424545458,-16.606965036580664,-13.122287147136598,-14.464677290497043,-13.383793667394286,-13.430634265064946,-14.772350157984617,-15.859623765315613,-17.5025781680134,-17.67413120163504,-13.22452725932668,-17.774659523301604,-20.104399290929784,-17.767483248951095,-20.740827403854563,-16.355404123075857,-17.86043877799782,-11.034151474578504,-11.419119590437935,-12.297900701834362,-9.9563984794886,-14.526620922716308,-3.734648197294765,-7.506612014923384,-9.461987047056835,-10.23709199258642,-7.855226046451191,-5.819810357336697,-9.767753687964834,-9.222804613110272,-9.975810011719878,-6.819088731081521,-8.944908892452554,-10.358944112100923,-8.286181888656243,-8.485136159079829,-9.652831726508856,-10.730848607008172,-11.63508475705232,-7.915977074366567,-10.019064020164546,-11.081638686086697,-8.611048609522753,-11.333408637487157,-11.39764356825112,-11.939666498790228,-9.656117486417568,2.107729143635811,-14.526620922716308,-3.734648197294765,10.791972725421545,56,-17.13484375803503,2.816572456995237,-23.26824245294681,-12.460286356250636,10.807956096696175,32
181,P0181,1,Rice,0.5623995,-17.07591655511309,-9.784252462988634,0.5729854928378008,7.291664092124455,79.08511741532293,10.885110876497272,interpreter_1,2026-09-27T12:42:04.553Z,000000000000000000a4_0,-14.389686527160206,-13.745921450043252,-14.660879450859133,-15.467897661467024,-18.06950324298808,-16.92614697439296,-18.66191157477192,-20.97650446204744,-18.67887481115657,-17.35606142652513,-17.607243151311675,-24.652537853939474,-23.394454957649064,-24.3870103737406,-19.166021443054525,-19.172023644538523,-17.07591655511309,-17.182513099434516,-16.906235560455592,-14.866577952141672,-16.952783121726164,-12.7630317044481,-12.59135356430871,-17.725372324048458,-13.651921922003776,-21.69594076401678,-15.30883727772194,-14.372135501566977,-15.09894841983595,-8.823711501716176,-9.441094895644213,-9.26434828975461,-11.354455430853784,-12.401731747875546,-12.463397453276354,-11.804102785158864,-12.123675174341786,-13.671821759993346,-11.920703165791965,-10.143702367325885,-17.557630515802135,-16.4574499666941,-11.212557498751252,-9.444548689215848,-10.856414514385133,-10.33087020311967,-9.659709415854978,-9.12119139516799,-9.145171673620428,-13.711829018069432,-8.313156365368704,-9.341173705917267,-9.784252462988634,-6.304467929674168,-9.535110027096064,-8.892336617152013,-9.436428172153338,-8.341155788276009,-10.719248225208265,2.3794602256934363,-17.557630515802135,-6.304467929674168,11.253162586127967,152,-17.362215405947147,3.2004278184355703,-24.652537853939474,-12.59135356430871,12.061184289630765,152
186,P0186,1,Rice,0.47025,-18.21783355890705,-10.709676278417056,0.5878677200440713,7.508157280489993,79.1757574274906,10.959221887437131,interpreter_1,2026-09-27T12:42:20.753Z,000000000000000000a8_0,-15.806963803170216,-16.64374300563607,-15.95982233347131,-17.906468415856747,-19.317272844707286,-18.90450281447125,-16.843484956031702,-16.127827784087064,-18.71550118958471,-17.37883828121815,-21.448540732094592,-21.3551415206646,-22.19980318731784,-24.035646403618177,-21.47529083525494,-19.45817603151805,-16.571782212567527,-16.397681037261272,-19.13014498492411,-15.618751255489297,-15.14727736582713,-18.21783355890705,-14.607342296065823,-18.60799313544045,-19.534121958283816,-20.044732923366617,-21.84643870786354,-16.46630275714851,-17.17714732078384,-8.437792903802348,-9.74163740472465,-11.131566820091123,-12.909562319228144,-12.897711292734986,-10.709676278417056,-11.174461863748943,-12.11037358064738,-9.848896691884049,-10.45364005130578,-13.83957286337637,-13.36682708741823,-13.726763602840377,-11.282930436249163,-10.60004250930942,-8.478123713675485,-9.220150742598005,-6.319699095231078,-7.2160125531852914,-8.535997828646849,-9.699094363290808,-9.983537285325998,-9.89567642761066,-10.798659386944314,-12.101219502449606,-11.971447378934956,-12.780250047335937,-12.079662759694864,-9.568323186507024,-10.719976206110651,1.8735953505119576,-13.83957286337637,-6.319699095231078,7.519873768145292,140,-18.37739909147006,2.366306251213773,-24.035646403618177,-14.607342296065823,9.428304107552352,176
187,P0187,1,Rice,0.6675,-17.179396692577665,-10.78076906293246,0.6275406090127879,6.398627629645205,79.10910243340892,10.897238132832886,interpreter_1,2026-09-27T12:42:25.446Z,000000000000000000a9_0,-15.494923017201693,-17.27937097762178,-17.493717798007673,-16.16261391842652,-17.692877546552396,-19.663302139773663,-15.597183310420508,-15.91887945980714,-18.933333164311243,-24.89868207043813,-21.20951922391756,-21.74360624605857,-18.64666698651557,-16.54408356845915,-19.27457310656525,-19.403585419458977,-18.03957097659972,-16.76705156942592,-17.285296703191847,-17.179396692577665,-16.138618240199317,-15.560277628320703,-12.528546292795909,-17.455771432748296,-16.674538560685065,-16.55904174778565,-16.8500384924949,-16.020396001351326,-15.873982816793117,-9.050435877980608,-11.354627813362812,-11.304595455942826,-11.236929336523191,-13.311904228986544,-14.50191708036597,-9.261123525977982,-13.086941029381444,-12.033678703282945,-16.591614574413068,-10.316625349121749,-12.409599135933764,-11.318169156688644,-10.263267299268254,-11.261397617150417,-11.324984680531037,-12.580443678530456,-10.78076906293246,-11.37137220415182,-10.076210981887035,-9.474839743124363,-10.176030254685234,-7.243234726224259,-10.44909565408917,-10.72052130201454,-10.55463870143969,-8.04681465977693,-10.406038250004697,-10.114427941219748,-11.055939587068677,1.8163283159344183,-16.591614574413068,-7.243234726224259,9.34837984818881,128,-17.547911900293286,2.2918647163071126,-24.89868207043813,-12.528546292795909,12.370135777642222,128
190,P0190,1,Rice,0.7066515,-17.561774814996042,-11.4255585843652,0.6505924773963556,6.136216230630842,79.42441109813487,11.015905581865074,interpreter_1,2026-09-27T12:42:34.566Z,000000000000000000ac_0,-17.561774814996042,-13.927754537284684,-16.239131238054775,-15.585788106179596,-17.20172707286304,-19.26109029416086,-19.56525552535509,-22.62894323642653,-25.030293051511016,-21.513836396587944,-21.86811465390241,-16.462342631465066,-18.180307716511223,-15.691056613594633,-16.42278040395087,-16.343401904866504,-15.359165368218306,-14.122382922170186,-16.481563794350787,-16.811233557327686,-16.42460391611586,-18.258880840774555,-15.82536484364928,-19.08949959624981,-21.773185501819228,-23.23349620731349,-21.451875674806864,-19.24526518881495,-19.12796454812004,-10.31277661930008,-10.392736831644916,-12.55061624497429,-9.181915614793835,-8.05758340980696,-11.99638303337865,-11.472489260847276,-12.015781337533468,-15.446836580716871,-13.583218554123794,-12.355853454044,-11.045173300899624,-11.4255585843652,-11.00835765731899,-8.895663085738017,-9.828029040875537,-12.230877124099273,-11.2731029743515,-12.014329616864304,-10.098809469690895,-11.550889320497292,-11.307745713045117,-11.473000237933537,-13.643806164343184,-13.087876772314004,-12.135888056342624,-10.838564629500237,-10.078675525181396,-11.166235389873329,-11.395474951875803,1.494655804803963,-15.446836580716871,-8.05758340980696,7.389253170909912,116,-18.29958897094625,2.812896023165991,-25.030293051511016,-13.927754537284684,11.102538514226332,116
193,P0193,1,Rice,0.6377692,-18.556431127434184,-11.714049128616969,0.63126627357233,6.842381998817217,79.43051964206688,11.065312922491648,interpreter_1,2026-09-27T12:42:44.536Z,000000000000000000af_0,-17.290829511494508,-18.104372702261514,-18.70735601561908,-18.35725070364565,-20.942073193746985,-18.935231580974065,-18.874074834513976,-20.709966621540552,-20.084015553217096,-19.677615556089883,-16.67606414223747,-18.21450031247716,-18.887650475972105,-18.06283763231864,-17.86364971020134,-18.251421872895644,-17.41193308164959,-16.832292280800214,-18.556431127434184,-19.25385904249254,-19.592914807032336,-21.09109982248555,-17.17047576044321,-21.10761797702235,-19.33986521542566,-18.13594075618892,-19.0663737831686,-16.113428645621376,-17.06960375069189,-9.812132172449932,-11.65100490974946,-11.699849285924245,-13.13538541528368,-13.729902723649396,-10.128663338049147,-12.465378948186874,-13.79315127456383,-12.233669795046954,-13.133401011666406,-11.187228505183702,-11.714049128616969,-11.04688348851558,-10.579573055377027,-9.952808286095449,-10.876134299188054,-9.81783390965114,-12.099483401112607,-12.005121137091155,-11.93549854088918,-12.456333183610235,-12.256797695487675,-10.896754646137383,-11.50857537627074,-9.402342019359844,-10.842664181046494,-12.715168042757938,-12.834742021225878,-12.790116102197736,-11.67933261704775,1.1762363467826755,-13.79315127456383,-9.402342019359844,4.390809255203985,104,-18.63381884378145,1.3178430395022085,-21.10761797702235,-16.113428645621376,4.994189331400975,296
197,P0197,1,Rice,0.6670646,-18.038991039452288,-10.63881269251142,0.5897676133462086,7.400178346940869,79.23172246969123,10.853669841553089,interpreter_1,2026-09-27T12:42:57.729Z,000000000000000000b1_0,-14.556120563644416,-13.9187581171197,-17.85672745874195,-16.650958261920614,-18.242835578098152,-15.755503026214411,-14.491204146403817,-15.853968270123689,-19.63856032520315,-21.53713368930779,-22.615099878918222,-20.28689732750644,-20.32834524801835,-20.13484811593498,-17.860047833368803,-17.299774188837485,-14.802406658534592,-16.206318437502787,-14.367087108996664,-13.534115432361084,-19.291360292312888,-14.8676288989364,-18.372247348118915,-20.62786976462544,-22.941504973578404,-19.32174518253125,-19.77700378915927,-19.6397432401276,-18.038991039452288,-8.896245266473674,-9.1189538977771,-9.43851893347171,-11.514211080719182,-9.732090933076703,-9.34344413693657,-10.514262330736306,-9.446816280845384,-11.898285060910627,-17.173228383265982,-11.958098894717148,-10.446903779985089,-10.83581530795484,-10.79657537141032,-10.63881269251142,-9.126348262956457,-10.704294729281136,-9.89673259135442,-9.630160852108965,-8.820772611855691,-11.207249736187674,-10.729277946693683,-11.72858074566477,-11.343783260809248,-12.973879717126088,-7.443336502650038,-9.630013166044357,-12.53003885977986,-13.352712236274794,-10.719635985157902,1.8025921490808972,-17.173228383265982,-7.443336502650038,9.729891880615943,128,-17.890165661917223,2.635018770079616,-22.941504973578404,-13.534115432361084,9.40738954121732,308
198,P0198,1,Rice,0.37458745,-15.651305494034954,-9.312503002740996,0.5949984815190138,6.338802491293958,79.16812174757557,11.09765227271995,interpreter_1,2026-09-27T12:43:01.394Z,000000000000000000b2_0,-16.12709288073919,-15.215711919374188,-16.11727085271908,-17.131195867348445,-18.88353735609548,-16.16639684199081,-17.2713113758969,-17.208206953612233,-16.291068836135658,-17.16348900198966,-15.61444965812994,-16.4287810672389,-15.597137228548178,-15.296390979784393,-14.411598969676223,-14.510951991027738,-13.679997640137046,-15.102468447487452,-15.444550234525938,-15.321262880273558,-15.795795611967709,-19.33907487745697,-13.412963589274067,-15.651305494034954,-13.510152049656927,-14.162793412098033,-15.527898397575012,-15.78557923582001,-16.76969950960197,-7.249389897318138,-11.195127585631472,-11.665284500433796,-11.136456201415758,-9.881706373534549,-10.346015447886174,-10.825916952168196,-11.387282146335536,-8.86930995485462,-11.026628509881563,-6.257824704333702,-8.593194807536854,-9.500084720333588,-7.494437466034963,-8.631447979306921,-8.254050914930444,-10.328262538943369,-10.58271760873405,-9.274415606589464,-8.739460502298561,-8.527793323543612,-10.790417430861618,-6.106558059855487,-11.079233927446555,-9.312503002740996,-8.742952390428382,-11.254617581494168,-8.42770931202621,-9.19182835427372,-9.471469924178358,1.5073775066303483,-11.665284500433796,-6.106558059855487,5.558726440578308,32,-15.82545286759368,1.377488258574293,-19.33907487745697,-13.412963589274067,5.926111288182902,272
199,P0199,1,Rice,0.4207012,-19.04815695156729,-11.9602265309046,0.6278941611682022,7.087930420662685,79.2269613986854,10.987608650415307,interpreter_1,2026-09-27T12:43:03.779Z,000000000000000000b3_0,-17.676787448089616,-17.668212122284068,-18.22861336373235,-20.28293557387302,-21.867164237707147,-20.534856839310457,-20.638557428231707,-24.373374712548003,-25.157049099586946,-22.269984784581624,-20.01191831868227,-18.11115687486916,-18.12808627767616,-23.712620591417792,-18.647571604886007,-19.38254654494213,-17.767643872374094,-19.04815695156729,-16.680345403662216,-18.49042910481992,-16.031463203818788,-18.254578462256564,-14.499157156788304,-14.860125020250075,-21.826389616679727,-21.143675185522923,-20.692834584590592,-21.03473298643493,-16.87128629183912,-10.422835221864911,-10.376504835537954,-11.474903418384487,-12.168722214297274,-12.87837141113494,-14.376180572331084,-12.664770745047084,-13.314543477147378,-15.040494599761075,-11.94386326649034,-12.393638263800986,-11.46017180225275,-12.35054986682892,-14.547843654782485,-11.657275985097524,-9.02125718741075,-9.898395550870177,-10.41195459454869,-11.66544783175966,-11.9602265309046,-10.729856685961948,-14.374736990561711,-10.486472033658302,-9.23017590199301,-12.784928506110472,-13.416009934667343,-13.169575596060696,-14.215823876897256,-10.450543758699018,-12.03055428671941,1.6066045673723977,-15.040494599761075,-9.02125718741075,6.019237412350325,116,-19.44456047113873,2.58557525893612,-25.157049099586946,-14.499157156788304,10.657891942798642,116
202,P0202,1,Rice,0.3568507,-17.63525173888539,-10.430479882419974,0.5914562511983295,7.204771856465417,79.40168372144664,11.1491257385,interpreter_1,2026-09-27T12:43:59.014Z,000000000000000000b6_0,-19.731870685532098,-21.17445412478013,-17.751848994458012,-19.052592294984564,-19.038970779164075,-14.389629626119447,-14.826972815937278,-18.243584285093284,-19.064989164185487,-16.06897769618819,-16.18932228124091,-20.55122693383865,-16.853361893247353,-16.580034723873545,-17.63525173888539,-19.54754031742068,-15.69800975826344,-13.962950910782514,-13.670877567670498,-14.147186626705665,-14.12874378038532,-17.051390922863916,-14.333141048920504,-19.24512003395619,-19.11481546604421,-19.66035518814824,-21.311873802246453,-20.401547535340296,-16.44589145379229,-12.400080185321274,-9.534985016266798,-9.164919241167976,-10.430479882419974,-11.90064021075834,-9.681812491906497,-11.863112706169064,-10.234631205736871,-12.19957330062022,-10.998034174898166,-9.591782425787322,-13.26387511684044,-10.870229080286611,-12.686713753936363,-8.029000270579301,-9.47074472835845,-7.303406265685496,-9.16069405629048,-8.586234827787205,-10.28151440426253,-9.548267311103343,-10.514595997399578,-8.77536296695246,-12.01544628199763,-10.92160371300765,-11.331783655754345,-12.338501266160044,-12.668966226346082,-9.721758030739611,-10.534094786018628,1.50857555466575,-13.26387511684044,-7.303406265685496,5.960468851154944,152,-17.44388042931271,2.3433261176531355,-21.311873802246453,-13.670877567670498,7.640996234575955,332
203,P0203,1,Rice,0.5435641,-17.58748654453332,-10.352451281232948,0.5886259673899099,7.235035263300372,79.3847953941052,10.935147037822729,interpreter_1,2026-09-27T12:44:01.860Z,000000000000000000b7_0,-14.760118510025588,-18.00463926476057,-19.83157462655935,-20.58405161514809,-19.00715073894222,-17.58748654453332,-18.53616459934518,-18.96662979221658,-20.58492757462203,-20.66551503705519,-18.057275676604068,-20.03638924359024,-19.617081674434,-18.642983220475983,-16.331812688872517,-15.850647269794946,-15.584087868605788,-17.247220638124304,-14.53441068525025,-14.151600971346918,-17.773094558186354,-15.853783616971969,-14.601435710808715,-16.54431682579707,-18.73966867766537,-15.6877334597506,-16.04831880129415,-16.09319533776944,-14.734886805641874,-9.028644234786904,-11.45175758500594,-13.189570272491402,-13.98723451565206,-12.955805095055563,-10.352451281232948,-14.205407516740152,-14.162848683163055,-12.65954111523734,-11.726537592120142,-8.873365679386772,-14.264887301550688,-7.012234479533981,-7.8332384319939905,-7.905083940343413,-8.579914522950373,-9.623792330886426,-9.647559614020851,-9.339719851925862,-8.832876961746388,-11.057906340905868,-11.207808637450306,-8.364817106329966,-10.644168078981576,-10.84289479760056,-9.829377487793147,-10.363139338759426,-9.2242011698168,-8.92700378701287,-10.554958198292235,2.0674969524854907,-14.264887301550688,-7.012234479533981,7.2526528220167075,152,-17.402006966696295,2.004161640795288,-20.66551503705519,-14.151600971346918,6.513914065708272,128
207,P0207,1,Rice,0.55816865,-17.72329675791381,-11.323300970471298,0.6388936056952956,6.3999957874425135,79.14629268617146,10.858700407144156,interpreter_1,2026-09-27T12:44:13.609Z,000000000000000000bb_0,-14.006745230130845,-12.669753274410576,-17.642810567680655,-20.98719860696182,-28.599433991981563,-23.445479957898808,-20.26472472426847,-19.5578559371144,-16.894751986946204,-17.21133602305904,-17.06521098375126,-16.350907608192035,-24.160007301346653,-17.72329675791381,-21.85376925575873,-18.11393565666089,-14.837465145825652,-21.10400509315373,-19.59419328856244,-18.26516811646527,-16.749292692133526,-15.584407142888674,-15.511701873625166,-17.441693018048458,-20.074026277583776,-15.453146004873249,-16.82803830020503,-21.97314061624575,-19.659481140779995,-8.286662101688862,-7.764389214578905,-11.364339571782708,-12.19672680150717,-13.57597196173395,-15.062803870438977,-13.146756935843822,-14.112320221469703,-9.902282380718152,-9.560878453550814,-12.51742916569878,-11.323300970471298,-17.6611315672668,-9.35665557077838,-12.505468073799994,-8.987818936829928,-7.73552464052158,-10.404867029577794,-9.135778410228482,-11.279292868933943,-10.156430830138774,-10.314566447558205,-11.704120366334836,-11.799006582134409,-11.826199363554878,-9.01477853769162,-9.554554871286754,-16.19027202189698,-14.086962121002646,-11.397492754793763,2.430994678201738,-17.6611315672668,-7.73552464052158,9.92560692674522,164,-18.607688847395394,3.308465047806352,-28.599433991981563,-12.669753274410576,15.929680717570989,56
214,P0214,1,Rice,0.5780645,-15.367196644175197,-8.48366393422445,0.552063211701017,6.883532709950746,79.37042234955929,10.86714457081488,interpreter_1,2026-09-27T12:44:52.976Z,000000000000000000c1_0,-13.18772578401174,-13.75562858046244,-14.75199525541262,-15.343652498192611,-17.13062510385871,-16.09311768765658,-17.054699245497417,-13.829501828574104,-16.977120404192924,-14.489084102974662,-16.040306827280368,-16.0630107393576,-15.279959706637296,-17.336245956145945,-15.955247571894688,-15.40957441415749,-13.51760993400491,-15.681958771132596,-13.967394782421104,-16.10937582292032,-15.108085452382731,-14.405381858396147,-15.367196644175197,-16.40249654554677,-15.437960130301674,-15.310637783933846,-18.375252623007395,-13.440219642464688,-14.740078045807104,-4.899269047390672,-7.563994881841668,-7.895819919685849,-8.491935864486303,-7.691362212138875,-9.721355009295134,-10.303812846136642,-10.788845647804056,-9.110148811112474,-8.478667570310948,-8.124646998930038,-7.835942320403184,-9.59573172223339,-7.661814550753347,-10.526424928570624,-9.240919172527478,-8.505854474704389,-8.677828811520998,-8.48366393422445,-9.614396922386062,-8.24888533408384,-10.50314288398951,-6.5375626198116095,-9.942827581482971,-7.934717981900466,-8.035560796611191,-10.149917741809324,-6.026515259702144,-7.244234764117906,-8.546062089998811,1.3712710326286492,-10.788845647804056,-4.899269047390672,5.889576600413384,104,-15.398660129062122,1.2640442729801171,-18.375252623007395,-13.18772578401174,5.187526838995655,332
215,P0215,1,Rice,0.57212603,-16.075077043552593,-9.445915311117597,0.5876124441286067,6.629161732434996,79.35883408239415,11.128374655436838,interpreter_1,2026-09-27T12:44:55.973Z,000000000000000000c2_0,-15.52796079420694,-18.066036232189816,-17.522503292472532,-16.249559165342944,-15.284503529354769,-14.786468771840946,-15.54867800684124,-13.80305049648383,-16.79668397080315,-15.458944838820228,-19.73626634092256,-17.741537971304666,-17.118935535724003,-16.025792117020107,-14.323112640294156,-17.170533106530147,-16.95936724795828,-17.655877990171824,-17.51148857881065,-15.427530658512172,-15.32498744154359,-14.861889501832202,-12.443410844815908,-14.096158798465146,-12.919263943977082,-16.075077043552593,-17.519122701493263,-16.13296762316555,-16.98544479292458,-10.306304477234216,-9.5208465670322,-10.20584815022975,-8.315635720345425,-10.198715543159844,-9.958033814392383,-9.77899314334822,-9.731616988806064,-9.937730987316684,-9.17076479633642,-10.984011847599112,-10.53431503627531,-11.070586562854212,-9.886789305787971,-9.085122482115962,-8.138805165131174,-8.079996504655485,-9.372550707524963,-9.445915311117597,-8.80935863742547,-9.358885257698518,-8.883158033774679,-7.406538909926008,-8.605882956849927,-7.046065227653004,-10.317323586032892,-11.904595224765728,-7.301652601903761,-9.321505697385971,-9.402674111885483,1.1257364097048943,-11.904595224765728,-7.046065227653004,4.858529997112725,332,-16.03700530956465,1.6005844650253434,-19.73626634092256,-12.443410844815908,7.29285549610665,140
219,P0219,1,Rice,0.3209091,-18.10863603381221,-10.43697350159723,0.5763533753789875,7.671662532214984,79.11206687384652,11.10537778416338,interpreter_1,2026-09-27T12:45:08.403Z,000000000000000000c5_0,-17.937132143125886,-22.290560509109845,-20.72492054976089,-20.37292953350013,-21.62648354822816,-20.76566119968956,-20.9503735345932,-23.354703819501463,-21.6867060641219,-21.27339227114985,-17.684399994603794,-15.861494659464944,-16.057445833817024,-16.878403094151,-14.420151367698947,-14.515536680272964,-15.58285927664986,-18.10863603381221,-16.21599553677976,-15.34192820227456,-18.710722382539505,-18.60047827387754,-13.460371009525048,-20.21239526415391,-21.060727361685384,-19.12893779850083,-16.78948844197326,-16.267390784940037,-17.452418522731243,-10.940043975964674,-12.497443074514628,-10.500690080131976,-8.971229822940252,-11.978013813030604,-9.030888997826349,-11.326527630339225,-11.012462637923942,-10.777369482493135,-11.240310279710243,-10.078271260007233,-7.084460367845339,-7.477624011062431,-9.149566397743218,-7.169736569707869,-8.593340852236883,-9.360951300333962,-11.105011045504302,-9.922857476056215,-10.074855782704768,-10.43697350159723,-12.130809516978982,-8.75677407718451,-12.34435470138729,-11.8462225154733,-12.5528333528034,-9.135593048454565,-10.19964374613224,-11.68202415599435,-10.254375292209762,1.5410414812129327,-12.5528333528034,-7.084460367845339,5.468372984958061,320,-18.390780816973542,2.6396628499105965,-23.354703819501463,-13.460371009525048,9.894332809976415,104
224,P0224,1,Rice,0.40513927,-17.716709230128345,-9.61457309560718,0.5426839132888749,8.102136134521164,79.40366001507171,10.862742825922696,interpreter_1,2026-09-27T12:45:23.421Z,000000000000000000ca_0,-17.285496300652888,-16.35155636711638,-16.748915379145075,-15.626682486065718,-19.02425672479444,-19.127942378686804,-17.716709230128345,-20.287454327180665,-19.28731075459392,-22.461570850270725,-22.49151673747481,-19.15344372363812,-19.589210036629098,-17.81767236654978,-18.242162283881576,-17.15176240223958,-16.722344230343815,-17.161635393696564,-14.709914263537629,-13.772999452920944,-17.807382764940634,-14.00568262307315,-13.977407825730088,-17.22597349789143,-17.89895849000286,-17.209484008817242,-21.17444802902673,-19.141645457659987,-17.319850800658056,-10.272874302471136,-10.082139184880592,-10.063172725985089,-9.041044771990292,-9.461018903138577,-11.375465255625803,-11.77889628889503,-12.900960350194476,-9.049319726612596,-14.480375947264143,-12.84957107351474,-9.082890124994073,-8.678568205129496,-8.176015521437703,-9.794311263841704,-10.4471444374621,-9.61457309560718,-8.628403665801477,-8.47990187150873,-8.596284793619054,-10.378763490801235,-9.082243875408672,-7.139688123007359,-10.609848244863503,-11.513616828482496,-11.367978607990686,-8.37547360181983,-9.059401226523452,-9.477020511520646,-9.995067793806616,1.5955789548851582,-14.480375947264143,-7.139688123007359,7.340687824256784,128,-17.810047903011966,2.194782469546616,-22.49151673747481,-13.772999452920944,8.71851728455387,140
225,P0225,1,Rice,0.37648076,-16.637488798519666,-10.665628375193672,0.6410599883404674,5.971860423325992,79.11925339611948,11.062887471224524,interpreter_1,2026-09-27T12:45:26.241Z,000000000000000000cb_0,-16.842139075525353,-21.085341639822992,-20.219793751140507,-22.535010709412827,-21.07432076269269,-22.25116846013052,-21.76126499377661,-21.74710377106621,-20.32399120407845,-19.45291413136115,-15.0774939343546,-15.348623817878629,-15.496186913721214,-14.579932004359486,-12.58810983958685,-14.281897922507763,-13.824755295632162,-12.92603423249883,-16.83449088731846,-14.5466078103128,-16.47657145039628,-16.637488798519662,-12.096353035563997,-16.56937593220139,-16.764223604614592,-15.956976772314288,-14.802863767316188,-17.973108318504398,-17.871842055099172,-10.665628375193672,-11.74528710045669,-10.727048684065752,-11.959362243507988,-11.35950907731528,-11.39251951591472,-11.185453657949038,-10.569301167764593,-9.281228711294398,-9.197909058288076,-7.09591513302107,-12.06626934709686,-9.636578604045171,-10.534608161440133,-6.862908253830319,-7.825216079695776,-8.845091035243707,-8.89107913235786,-8.818049154694034,-10.937380246281863,-11.09787062674608,-11.291030942172393,-8.923727484586198,-11.838842050161686,-10.526386940401649,-11.975421029414273,-8.886338761280888,-11.74035698850467,-11.14883573744094,-10.24224666552296,1.468556537494031,-12.06626934709686,-6.862908253830319,5.20336109326654,152,-17.170551203162347,3.049898529330646,-22.535010709412827,-12.096353035563997,10.43865767384883,44
227,P0227,1,Rice,0.8082603,-14.97356988379008,-10.27738794009399,0.6863685827666234,4.696181943696089,79.23342926873106,11.144005341380518,interpreter_1,2026-09-27T12:45:38.344Z,000000000000000000cd_0,-15.803301488784216,-17.099837574435618,-17.79872572921224,-16.006968357362513,-16.69997637783847,-14.370970341455262,-17.35763891956937,-15.97211271856205,-14.571039493268229,-14.407466333466257,-16.331407043730216,-14.97356988379008,-14.449687328501035,-14.545452030896612,-13.996489379914047,-14.272613110219233,-14.836962002713213,-15.175919832862276,-14.522530512703632,-13.711949575122825,-15.712324763322504,-15.74007687464146,-14.974024008973243,-14.211048565786626,-15.71732368777814,-14.871005260165258,-14.539198739268029,-16.40345272562709,-14.46218139476316,-10.27738794009399,-10.009946350962265,-9.938604729383814,-12.748569976447472,-12.756295155259297,-10.483152255699576,-10.66436767852241,-11.786961559142457,-9.51419150814581,-8.047164684921306,-9.642332632910673,-9.61369526131332,-11.255573165973958,-12.357715194457471,-7.452854268177454,-8.793196477532362,-9.27086273150856,-9.713106753042211,-11.983921834581736,-9.919320936652182,-10.142402514413805,-10.399086603643257,-9.522061178773711,-9.30782916506072,-11.511439057290708,-10.940854424134685,-11.893180775794123,-11.72225788904418,-10.598791420307876,-10.423004280110048,1.2977427715435694,-12.756295155259297,-7.452854268177454,5.303440887081843,56,-15.294319105335616,1.0530373903882018,-17.79872572921224,-13.711949575122825,4.086776154089415,32
229,P0229,1,Rice,0.40700427,-16.8716181001282,-10.32137808403782,0.6117598218963594,6.550240016090379,79.10802445506798,11.02174463121185,interpreter_1,2026-09-27T12:45:43.573Z,000000000000000000cf_0,-17.315840254918026,-20.384813887387136,-21.50111907483734,-21.945117226550632,-21.6507129348722,-21.969568984837554,-19.715351294395,-21.83708063979332,-21.565892234864485,-16.109972638308427,-18.49918440286353,-16.29001795570472,-15.104207915038652,-12.83545868222443,-14.244575358633488,-15.20363760160075,-17.76834400829783,-16.953681153584007,-16.94655735733134,-15.557779246922273,-15.018173984433565,-16.748074387632606,-13.849862023031864,-15.757888765719237,-16.18351195692442,-15.396550870829556,-16.8716181001282,-16.273974062625726,-17.561006165259677,-4.220756917824261,-10.32137808403782,-11.200160755639262,-12.625801114549889,-13.194302905921347,-12.350920973909258,-10.131136159027122,-13.05971279388734,-11.147963620171844,-8.956286227699298,-10.16172733418687,-10.78129350343005,-9.835759592406792,-8.53361430818542,-9.536255061124445,-11.175920004314028,-10.831281769065685,-11.172532001230284,-7.346730557087686,-8.649963204770016,-9.84117674444836,-8.680624275949286,-8.492480538938647,-9.74867653246882,-11.753066300533572,-10.885085363107326,-11.799257773675976,-11.723933748067113,-9.631065798926572,-10.26858151602015,1.828005792872278,-13.194302905921347,-4.220756917824261,8.973545988097086,56,-17.48481286791552,2.658282426288028,-21.969568984837554,-12.83545868222443,9.134110302613124,80
233,P0233,1,Rice,0.66189855,-16.45935002600835,-9.67608343386012,0.5878776147642765,6.78326659214823,79.25337186803851,10.894543186980526,interpreter_1,2026-09-27T12:45:56.135Z,000000000000000000d2_0,-13.843606806322851,-15.80742342708926,-15.68158016999944,-17.530480226896646,-17.645473122018917,-16.390011339892816,-14.675530331186987,-15.664049273713282,-15.92622577008975,-14.047124668457512,-14.975962075626269,-14.86761947004894,-18.16893799618894,-20.525594104533194,-20.91541385931299,-19.30374557420229,-15.108437412210083,-16.45935002600835,-16.89915107564967,-15.579412063642252,-17.19867536737601,-16.9715447550592,-14.950318981697365,-16.443342760432852,-17.59222861987667,-18.79847596748594,-17.567046914152687,-18.68480501347508,-19.096511024679835,-8.58229418171431,-9.67608343386012,-9.03635047318669,-9.554503181993107,-11.234451248631432,-9.04392578969582,-8.7824736024039,-8.758423075160676,-7.38786944340843,-8.647280767597064,-9.156749832236086,-7.681715657225231,-8.661752744197415,-12.231773645174131,-10.802373823957154,-10.789180913793125,-10.045089040685529,-9.651194178780315,-10.045786157227283,-10.111407842364803,-12.13265547537938,-10.774141164611,-6.689877206754989,-10.493412107542127,-10.839260181151516,-12.094134612023462,-9.96745538212225,-11.91404627086782,-9.003128304080697,-9.7858203357871,1.394379927803968,-12.231773645174131,-6.689877206754989,5.541896438419142,176,-16.80407166197676,1.808112793822222,-20.91541385931299,-13.843606806322851,7.07180705299014,188
239,P0239,1,Rice,0.54560715,-17.14993939097221,-10.797071789596547,0.6295690931292833,6.352867601375662,79.13704003874504,10.972606785170512,interpreter_1,2026-09-27T12:46:16.191Z,000000000000000000d8_0,-16.422523057835697,-17.241599482923256,-17.99975477627037,-21.05090017756148,-19.94316521982745,-17.743979300481506,-16.223177271747325,-15.877307315087794,-17.051903361172894,-15.654265697041073,-23.4099788021752,-21.610729878589417,-21.32899967689058,-21.259162048896663,-16.758524104956887,-18.76898984520641,-17.838734645813147,-17.14993939097221,-16.80112536919178,-15.551856028810043,-16.236255521943296,-15.26108169429408,-12.479797087799566,-15.701228349343232,-20.422702010310463,-19.182639729165224,-19.73806712753125,-14.794057615786851,-16.2983241594028,-11.14763951875842,-10.52631388716447,-12.54110877268786,-11.097031177258437,-12.52755336675725,-11.412587098469448,-10.070641103918312,-11.866540315675769,-10.0216524262817,-8.509409978859846,-14.19786744063224,-11.373045804889232,-14.01684910977633,-10.258300221950265,-8.84787469123976,-11.13512933168995,-9.768087418065097,-10.717718945914774,-9.843089138306992,-9.865206243242126,-10.797071789596547,-8.38654237059076,-8.785376405914642,-10.27612193834617,-12.683503685843371,-8.631823886888482,-11.023917301823884,-10.846427865061152,-12.127680528308543,-10.803521095307303,1.4822875308714163,-14.19786744063224,-8.38654237059076,5.81132507004148,140,-17.78623340506993,2.4431882444521107,-23.4099788021752,-12.479797087799566,10.930181714375632,140
240,P0240,1,Rice,0.44041452,-17.00118481892003,-9.378587373671808,0.5516431633185178,7.622597445248223,79.17683540583154,11.026505702217683,interpreter_1,2026-09-27T12:46:20.643Z,000000000000000000d9_0,-20.810871443173067,-21.383089240896403,-24.034904836321505,-20.31708366320838,-21.346272486157623,-21.389027995625696,-21.32946767856156,-21.811280650359496,-21.368751148726368,-17.91628376779581,-18.78686830164346,-15.947732405885567,-15.41369149245998,-17.00118481892003,-13.98323218834414,-12.843891900658305,-15.445233517870388,-17.115577935223595,-18.60063593420616,-15.540895945026952,-16.917151693108888,-15.175073616684813,-13.961268965343104,-15.308488471321583,-14.285515593518522,-16.094149955353103,-14.918938161740568,-16.22706865237297,-17.36096920537005,-9.378587373671808,-12.860968004614726,-15.566396539680428,-9.70252395540237,-11.958249745757517,-11.520559428147031,-12.05664312255325,-11.894697666479972,-8.329159220668538,-7.848957404896374,-9.905726542828802,-9.834751792574725,-8.036091897182699,-9.485718909517018,-5.564881065756202,-7.914436625478455,-8.370741515559953,-10.103278563971733,-8.63130442519796,-5.657871027196984,-7.677888883714563,-8.306447084327745,-6.087647705294267,-9.379873922376015,-7.790378301745679,-7.452826909060547,-7.809578740219861,-10.398946492338045,-10.283796374609224,-9.303756180718016,2.188539220279952,-15.566396539680428,-5.564881065756202,10.001515473924226,32,-17.677055229857867,2.9354994127212457,-24.034904836321505,-12.843891900658305,11.1910129356632,32
241,P0241,1,Rice,0.6442661,-17.475875578002245,-10.379342550817473,0.5939240357079715,7.096533027184773,79.21734942514533,10.860856363826043,interpreter_1,2026-09-27T12:46:23.013Z,000000000000000000da_0,-16.895869252414183,-15.388973222820216,-18.547536326623923,-14.613501241991491,-19.726783992546423,-14.194348368519451,-16.711587668007688,-24.296955754349824,-23.399339544246523,-22.181388437227763,-21.056122790964928,-15.751126539933962,-18.92200108106272,-15.329259627546126,-16.696071127143323,-16.564630449108453,-16.838098075835838,-18.32975737058415,-15.64957912039038,-14.478889150598114,-16.558734812171174,-17.475875578002245,-14.61407885716999,-24.607754611325632,-22.06685655976909,-19.954995126503377,-23.902933304308306,-18.31634454791513,-18.278386567260256,-10.379342550817473,-10.846108202498142,-9.679755484322152,-10.500641786189258,-11.529064426391816,-7.273512307559439,-8.470417664170656,-13.40884281180313,-13.5118339965657,-14.486019149309154,-11.256592486221145,-7.765691636152443,-9.479899000867253,-10.526359180026764,-11.25497352509967,-8.874676977018831,-13.972467471536175,-10.72941305550835,-10.426869525961882,-7.942732194718642,-9.933869679257018,-9.280284130098169,-8.765222077871075,-17.623383247872457,-8.269332637252793,-8.562440364075222,-11.74948694135785,-10.042932677077236,-9.52641466082137,-10.55408896029039,2.256769852758792,-17.623383247872457,-7.273512307559439,10.349870940313018,296,-18.322337210563468,3.110546513271035,-24.607754611325632,-14.194348368519451,10.41340624280618,296
247,P0247,1,Rice,0.5640373,-17.87444205977398,-11.022100670236894,0.6166402639801484,6.852341389537086,79.25507866707835,10.958233740624602,interpreter_1,2026-09-27T12:46:44.002Z,000000000000000000df_0,-21.03933496186669,-18.927788869902,-16.579357179379713,-16.096228726699394,-17.511607623425558,-14.183642039565568,-15.15412932440837,-17.87444205977398,-18.931869174997736,-19.01734250356624,-23.15234446954012,-19.30005695327798,-20.76685445764708,-17.345329098398395,-18.9781788163493,-17.349147730778625,-15.740441194922088,-17.29149456410118,-17.440594865182323,-14.392755397552987,-15.31148445018035,-16.90606019199327,-13.79404297866336,-19.536111261073334,-19.388608444530703,-18.53745832919976,-20.50414040141696,-18.800621954313584,-18.93280862739715,-13.25500108763337,-11.921806085772849,-11.627037089613616,-11.425319566717388,-10.404927767548616,-10.829936809713931,-12.386605464424306,-12.983451292777774,-10.091531126730269,-12.308595261233604,-11.683977327873368,-11.549042231648706,-13.233634849498657,-11.022100670236894,-8.391355163352003,-8.702482713929617,-10.666127399915329,-10.653357900971818,-10.47588300985492,-10.597714836222794,-11.0872812961581,-12.492184680183714,-9.352381368425725,-11.271880277861657,-14.79576079668436,-9.411244588838436,-10.88802644301104,-10.683350368118738,-9.52472141145194,-11.1626454788415,1.4053329049073051,-14.79576079668436,-8.391355163352003,6.404405633332358,308,-17.88911298793461,2.160085354278611,-23.15234446954012,-13.79404297866336,9.358301490876762,140
249,P0249,1,Rice,0.5861981,-16.972571967930524,-9.137597178436272,0.5383743368831581,7.83497478949425,79.25148540594186,11.126308530283364,interpreter_1,2026-09-27T12:46:49.468Z,000000000000000000e0_0,-15.603050854783705,-19.04320561566824,-17.485951775776453,-17.545958191200615,-16.915312009040722,-15.820249961006542,-14.850628663856082,-19.264881179689134,-18.26547846006592,-17.758931378344748,-18.94147128122832,-17.901445553695243,-17.311257571189927,-15.136862837398349,-15.642232922162426,-16.316223156712148,-16.08391217569482,-18.09165154946341,-17.41526557538362,-17.302936048788563,-18.689968769732783,-16.565112760311894,-13.95589553821883,-16.011752306535982,-12.821959284377453,-16.032607460425584,-16.44301001376172,-17.714402656385136,-16.972571967930524,-5.104588909519675,-7.819620401154571,-11.494740341684428,-9.26699487596075,-10.0293969425523,-9.847653704486282,-10.131948959996455,-10.787538978343589,-8.999897409711544,-9.177345879412028,-12.5224805077548,-12.433572485406676,-11.58753344131173,-8.892159604650102,-7.088914701496631,-7.5198717261311,-9.424011248410798,-8.688808063915374,-9.137597178436272,-7.564846250012513,-7.322845813558791,-10.485544874274115,-7.054934753288789,-7.930411814435142,-8.86043023922603,-10.173787022113553,-9.8281444279099,-8.100890239412859,-8.258007024516647,-9.156362683416672,1.670548725944083,-12.5224805077548,-5.104588909519675,7.417891598235125,140,-16.82428232823548,1.4896040294919868,-19.264881179689134,-12.821959284377453,6.442921895311681,104
252,P0252,1,Rice,0.5208989,-17.96891282087946,-10.099761921166408,0.5620686138245782,7.869150899713052,79.09634635637443,10.99820877076792,interpreter_1,2026-09-27T12:47:01.798Z,000000000000000000e3_0,-18.660082581098496,-18.30594551068602,-19.746722075536447,-18.04571296642336,-20.084176792484417,-21.244465986454696,-17.902779457909613,-20.83882014935728,-19.56246429960421,-19.66304313498153,-20.03416202062702,-16.759878075605158,-17.96891282087946,-17.44279683601154,-14.178174483575814,-14.5286643603525,-16.764250869050045,-15.986808414389271,-15.98310745047266,-17.595553155730496,-18.85736075975391,-21.81594665401749,-14.762985468023794,-16.18340848770428,-19.483578085478783,-17.53718652235279,-16.366470644419717,-18.053114369162525,-17.03933306190568,-10.099761921166408,-12.080862705675797,-9.887095738373398,-11.130261171767842,-11.188430149154826,-11.566563127224365,-10.261511199227318,-13.562388996711196,-9.844349862915568,-7.786960385664474,-8.5273746758795,-10.13154704308972,-7.9679419696601,-9.398753131299522,-7.917419513089761,-8.914233407205959,-9.406087963397368,-11.55926261790075,-9.781729090208897,-10.918125307011165,-11.558826172651504,-13.036478159078762,-7.824414070693195,-10.008434002094294,-9.592089647807358,-11.298922715812768,-9.74260430738489,-11.330332900360132,-10.7981763973067,-10.245549598269433,1.4622413333840345,-13.562388996711196,-7.786960385664474,5.7754286110467214,104,-17.979169154967206,1.940980922016774,-21.81594665401749,-14.178174483575814,7.637772170441677,272
253,P0253,1,Rice,0.4391421,-17.592737919456532,-10.944541722396892,0.62210565362273,6.64819619705964,79.38677168773026,10.87163614723548,interpreter_1,2026-09-27T12:47:03.979Z,000000000000000000e4_0,-16.364992917488014,-14.77795048519896,-14.752334488364864,-18.73519842990177,-19.659556682644887,-19.794392813966176,-15.810986854398298,-18.741599616562983,-15.55870400711505,-24.02519523656654,-19.636785812683776,-19.00383607410277,-17.592737919456532,-15.939266921572884,-17.202366725358353,-17.74671088602162,-17.576386548722617,-16.562668013293614,-14.030061338513333,-14.448992814383583,-19.75897886220485,-17.188563357383547,-12.766984545778357,-18.553476731056108,-24.08315118780063,-26.220615080861165,-26.23493752659913,-18.846113300508524,-17.14245933538687,-10.149635732013918,-10.153128652501628,-10.944541722396892,-11.470219432607887,-11.63931948825195,-10.925563799714515,-7.120495718345241,-10.364609734551204,-6.217687786151737,-14.365936123738582,-11.127776486606024,-10.580446909918315,-11.133797405907464,-11.033638289607406,-11.527797872268357,-9.808075624349891,-13.50659639741872,-12.718579507590809,-9.216753548522036,-9.311805928194254,-12.549571699655164,-11.631072249072842,-7.881440703328515,-10.943932853159898,-12.126839031499454,-14.52268727132232,-14.514317313534365,-10.344375490308725,-9.944520108966907,-10.957764237293278,1.938359312459703,-14.52268727132232,-6.217687786151737,8.304999485170583,320,-18.23296567289296,3.3262508708769007,-26.23493752659913,-12.766984545778357,13.467952980820773,332
263,P0263,1,Rice,0.45752952,-17.636315745506025,-10.449557128937675,0.5925022708668826,7.186758616568348,79.13362644066538,10.85322068391103,interpreter_1,2026-09-27T12:52:16.491Z,000000000000000000ec_0,-23.1076410177596,-20.53086854886707,-20.35903382173306,-19.19054240324676,-19.16549907716592,-15.458586040553996,-17.272559207717926,-17.636315745506025,-17.201358020094187,-13.45477746363484,-20.143903800754703,-23.287665908400463,-21.891352053098284,-19.988448086697165,-19.575718269557665,-16.29425677660634,-16.55086957466407,-15.895087054072045,-16.417124081567522,-16.34865865261732,-14.428015119878449,-13.34233486363568,-14.228800522322674,-16.746643775363026,-17.242362925675337,-22.1620196050992,-22.03392898230076,-22.362024294826814,-24.426769749160343,-14.782339408542338,-10.013768156289917,-12.348157473944315,-10.449557128937675,-10.081003665077915,-8.996674053700854,-11.518491089030436,-12.015812734230844,-9.65273673605308,-9.835003175462804,-8.789074359176524,-10.18118373409726,-11.101731266562233,-10.400034158481857,-9.280958614129826,-9.253673408474022,-11.112004381075486,-12.037657999851186,-10.363341624989737,-10.713328318080242,-8.655380537906092,-7.406695271723147,-6.938923979846356,-11.3092952346137,-12.183995967732098,-11.614355245606252,-11.789313761426476,-15.733301721114302,-15.406317603851056,-10.826348648620964,2.022164728565361,-15.733301721114302,-6.938923979846356,8.794377741267946,344,-18.50838501526129,3.081139479039991,-24.426769749160343,-13.34233486363568,11.084434885524663,356
264,P0264,1,Rice,0.39044654,-16.36672398949466,-9.539138755413854,0.5828373938203368,6.827585234080805,79.11548047192618,11.007551249722765,interpreter_1,2026-09-27T12:52:21.455Z,000000000000000000ed_0,-14.7307758800334,-20.13401333100237,-18.63871777052664,-19.208935158277363,-17.81607225810051,-20.202957592034668,-16.36672398949466,-16.896491927111438,-17.00493158986533,-15.788148100062184,-14.709461569931449,-13.916787000610888,-13.284722287801076,-15.441886144665268,-15.795136607522416,-15.959546020834864,-14.547253576999111,-15.822594255825502,-17.727696238004576,-13.258700165285974,-14.110443535400902,-16.742831239015,-13.290109191400198,-15.861567028953989,-20.48549430599157,-18.177740047135483,-18.88882498207321,-23.591732151499755,-21.485937863638952,-7.597138691442002,-10.475238229280995,-9.301528788554696,-8.55523201728211,-8.7517915114712,-12.856345304804616,-10.507117237452066,-8.978589995785844,-9.695678036049342,-8.654701102555206,-10.198091997022145,-8.045116530223416,-10.217640241065206,-10.590115041965484,-8.836856705969419,-9.73380523012105,-7.36596457544667,-7.841965788545427,-9.492468054588782,-8.140879436020969,-8.393743666453311,-10.154092422338936,-8.038179875420257,-9.539138755413854,-12.272638563332244,-12.65953365353054,-10.85112092266846,-14.17139715764294,-13.379833633897771,-9.837791143667069,1.7633423876843408,-14.17139715764294,-7.36596457544667,6.80543258219627,344,-16.89262868307237,2.590481573051517,-23.591732151499755,-13.258700165285974,10.33303198621378,344
265,P0265,1,Rice,0.5887147,-15.687352856517045,-9.575186482486997,0.6103761781905191,6.112166374030046,79.38452589951997,10.89975341562842,interpreter_1,2026-09-27T12:52:24.359Z,000000000000000000ee_0,-12.869667412252374,-12.08572726627315,-14.6474536826887,-14.86482594722888,-15.614623526309856,-15.453651450347074,-15.658495892773605,-16.383360386484533,-15.39613077327648,-19.52322314483804,-25.09946171585989,-23.368510996980746,-20.3055404865748,-17.14214136531292,-16.033045517657232,-17.61580533433705,-16.00033609534931,-15.376248885779251,-13.556497828898411,-12.563944660667918,-16.61356559167712,-14.648328822560956,-15.687352856517045,-17.65455651423799,-20.30807852667604,-18.33599899953668,-14.333209939784986,-17.11954768930407,-14.160292183417855,-6.79215226605452,-7.243585999747647,-7.465890675437348,-7.999760798706776,-8.418496096325725,-7.667214967974988,-9.682054875287124,-10.73418091509024,-7.975392067999287,-13.24830412347847,-19.874608405700084,-13.71354527472925,-9.733562071555498,-11.868838004974627,-12.04471164221246,-9.575186482486997,-12.67175608888789,-12.855034758399643,-8.905743317557125,-7.163084625683722,-11.975638268012768,-8.459516397886075,-5.372347676798438,-9.651233594526095,-10.064223463443811,-10.366664689173376,-8.19494379682949,-7.66722933974425,-7.51824589632481,-9.82424643382857,2.8600552543348106,-19.874608405700084,-5.372347676798438,14.502260728901646,140,-16.497228396331135,2.928715342979858,-25.09946171585989,-12.08572726627315,13.01373444958674,140
267,P0267,1,Rice,0.50171655,-18.49824462161673,-10.701526399324251,0.5785157791036362,7.796718222292482,79.44615032801056,11.101694691498489,interpreter_1,2026-09-27T12:52:32.832Z,000000000000000000f0_0,-18.49824462161673,-15.205056289587498,-18.32283548088081,-16.550128574860782,-16.99463664885305,-16.067284116291244,-17.2535607755298,-19.549057060506502,-21.24955626452469,-21.7313332613806,-23.59126190550925,-20.83067035446268,-23.257989797972023,-19.515976173356485,-19.211365425261683,-16.492543530470453,-18.53217783101833,-16.116824879155214,-18.22102167369478,-16.923443365918665,-14.842142582521024,-15.202504271279487,-13.487562020705322,-18.8291754544545,-17.72166976322547,-19.697300758196228,-18.977906465772,-24.685985278794483,-18.93593432265081,-7.258690850954101,-8.48610147904382,-12.178475078389802,-11.825725399137657,-11.659503490891904,-12.061526647941648,-13.944210808068156,-14.218157736402649,-14.186348494202363,-14.258537965257966,-15.4760690896304,-13.90529276659609,-12.564232553073262,-7.015828439853625,-8.534719312064222,-6.770852515705421,-8.281443232963596,-9.312081540968776,-10.445925865120335,-9.866912088667563,-9.50340335879049,-9.829972679548137,-7.89155730711384,-10.701526399324251,-10.286003857384063,-11.005502017705869,-11.785552118163752,-13.0909044139552,-9.87663032686868,-10.904196132199573,2.393888131730463,-15.4760690896304,-6.770852515705421,8.705216573924979,140,-18.499832722360367,2.636245535278316,-24.685985278794483,-13.487562020705322,11.19842325808916,344
276,P0276,1,Rice,0.35171565,-16.90733633781257,-9.796757044431205,0.5794382301676435,7.110579293381367,79.14746049604082,10.875229408371958,interpreter_1,2026-09-27T12:53:20.018Z,000000000000000000f8_0,-12.30354949302047,-14.479060224299367,-18.63143587855128,-18.5570650127471,-18.707577675700136,-18.174147858470967,-15.599446913736076,-16.730152744596104,-16.671525841943765,-23.44415943205688,-21.93962635459007,-24.14131161831505,-21.424080547451343,-19.775295479755847,-16.880186583440633,-17.487649293490122,-14.456505861251683,-16.415199171699363,-14.57254566121012,-12.599119674495771,-14.692175884779983,-16.90733633781257,-12.9281829523772,-15.840850978564918,-16.580058279738793,-17.41265260890827,-18.25980137920933,-20.381709466810285,-17.369746662146472,-4.973642703355038,-6.201542104771264,-8.958378313388751,-9.67955711066787,-11.326450777237945,-10.678825976955356,-7.195890202071061,-8.259427234549854,-9.378520630508602,-15.563717544896893,-12.919354884463091,-12.632581924873357,-11.533653889888791,-11.576321540898167,-10.298018686726955,-9.898281126947332,-9.796757044431205,-9.45099143751376,-9.55961083673096,-8.848643115858252,-9.294677736656649,-10.448900815901416,-9.62412319150074,-8.52954857887227,-11.027508571997206,-10.390853960391697,-10.790477984995611,-7.682016206855984,-10.545374905411482,-9.898746518597155,2.0154131561520927,-15.563717544896893,-4.973642703355038,10.590074841541854,128,-17.35731571969552,2.9332828868194256,-24.14131161831505,-12.30354949302047,11.83776212529458,152
278,P0278,1,Rice,0.69475204,-18.216778885231253,-12.00290930354896,0.6588930666156345,6.213869581682292,79.31805056849512,11.04474150248531,interpreter_1,2026-09-27T12:53:26.544Z,000000000000000000fa_0,-21.266032178441392,-21.5737376811785,-21.61240961766888,-17.878626650060973,-15.844915191527576,-15.04126153499906,-12.27320213111768,-19.03093507497904,-21.282528176616545,-18.1158110950124,-20.87869178814506,-21.61271861268032,-24.08823386678462,-23.50123757578749,-17.223081404144715,-18.266134215238743,-16.184122072317567,-18.236352005575533,-16.044292747360696,-18.16722433455739,-14.779701340044378,-15.45757263821068,-15.68563186748863,-14.91453147263666,-17.880173016690513,-18.216778885231253,-19.012959108046143,-19.722654417147552,-20.259200289382548,-13.63683050617682,-15.626528819867776,-12.958598771147567,-12.00290930354896,-11.482549984073112,-10.333458470050545,-10.890544074756454,-10.918481897407691,-10.845168617293488,-12.975281514112766,-12.755089201696034,-13.917753505538602,-14.182767954716155,-11.449252351907752,-13.473606099689146,-13.209909145675462,-13.545849472737368,-13.602146366574395,-12.960255688115096,-14.08866484682918,-11.383101420638416,-10.941617597128326,-6.32764285158884,-8.758738167244184,-9.984196864242312,-9.918393270533908,-11.824803730793093,-13.513748766429377,-11.362667550743984,-12.030019200388164,1.88417639436597,-15.626528819867776,-6.32764285158884,9.298885968278936,20,-18.415543137554224,2.797536291818913,-24.08823386678462,-12.27320213111768,11.81503173566694,164
280,P0280,1,Rice,0.5506849,-16.93679606229895,-10.418255945186154,0.6151255471734134,6.518540117112796,79.26576861895937,10.959940539664428,interpreter_1,2026-09-27T12:53:33.241Z,000000000000000000fc_0,-17.621325438730196,-18.15650992861568,-15.056584432992038,-14.620433480442593,-15.638698567585704,-17.666803690786093,-16.80751246597477,-17.894835477565685,-17.093723986553996,-23.179892912269224,-22.141114715604463,-16.93679606229895,-16.51541442185384,-16.87585944903669,-16.416633114830105,-16.225670501599154,-15.583387654409751,-16.691674266282995,-15.758234479316176,-13.504613711107076,-15.083895712927973,-19.55163502553116,-13.598147468799803,-19.92886514868783,-20.14919257487872,-23.21693912719506,-23.99172126618321,-20.54210246801189,-17.29801695373698,-8.90491845543703,-11.734167476815887,-9.068465541623857,-8.929348840725082,-10.492296818668157,-8.168749619494912,-9.180652355786451,-9.505253757472472,-12.0393121143475,-12.669560612441607,-8.982747581399513,-10.195375654100706,-10.59310588543286,-11.641818298081684,-9.75396956716392,-9.733885271525782,-12.44602082371448,-12.139723568434846,-11.076202799855228,-6.947626824450268,-9.60112160581173,-10.418255945186154,-10.244240379699557,-12.003916782615958,-14.13069037574186,-12.37719210042232,-11.24928408229755,-12.40944754297054,-9.29333918042965,-10.549334133177505,1.5924762707348457,-14.13069037574186,-6.947626824450268,7.183063551291593,308,-17.715387396683028,2.764078056398238,-23.99172126618321,-13.504613711107076,10.487107555076133,332
282,P0282,1,Rice,0.6548586,-18.013012092305548,-11.706889714885383,0.6499129437594787,6.306122377420163,79.35748660946797,10.994795172688264,interpreter_1,2026-09-27T12:53:39.815Z,000000000000000000fe_0,-13.645071414797446,-15.296934657121067,-17.35202918828914,-18.013012092305548,-23.342090197521035,-20.94879814721862,-22.392512491678687,-26.85765508436447,-24.46422745984956,-20.5708826383345,-17.520020614281226,-18.320267614510847,-17.470442744619678,-17.026453531478914,-16.49694508680853,-15.204868302212065,-15.878271059716065,-16.194258622088405,-15.62772046631749,-15.385995180321371,-18.7484623012467,-21.880528630194902,-14.989669182678348,-27.243128432133403,-25.647288649158824,-22.292983025411107,-20.07253759805557,-17.897022100658084,-19.091668020608385,-9.191474312121766,-12.06651383038831,-12.104852182657895,-11.706889714885383,-12.97510819052202,-14.229731053291918,-14.82628753251889,-12.42831100855314,-14.268330008879202,-12.992817445175143,-12.023121470099444,-11.028515512926642,-12.058603878676514,-10.433429608850952,-10.993846802098556,-10.830851164364192,-9.79963676132994,-9.987950569246964,-8.967284764456902,-10.602949487889738,-11.65210673567124,-13.304560112725673,-9.1597942605733,-16.604986343424024,-12.270496908360766,-12.377647445672151,-10.83809209475084,-10.636510234194208,-9.759735622988924,-11.728290864044638,1.775625912111857,-16.604986343424024,-8.967284764456902,7.637701578967121,296,-19.167991190826896,3.690118709249633,-27.243128432133403,-13.645071414797446,13.598057017335956,296
283,P0283,1,Rice,0.7415986,-17.078889784726304,-11.281508945138492,0.6605528279260621,5.797380839587811,79.25193456358393,11.105647278748616,interpreter_1,2026-09-27T12:53:44.144Z,000000000000000000ff_0,-14.93678624305111,-18.41203518754591,-16.422247980574657,-17.45096950212647,-17.746785998809177,-15.633231648879995,-16.682550928571533,-17.08060514628371,-15.34376574048622,-16.367439602712903,-15.945100810503964,-16.07297299936187,-16.993505831418855,-18.462818495889376,-17.694847272948113,-17.970169270463416,-14.771814211132687,-17.380262102545913,-18.478929037788177,-16.811877990818118,-17.078889784726304,-17.49872232668118,-15.59525386699212,-17.63562249236849,-18.831048650410374,-17.04114009937022,-18.83726660355236,-16.29887092786666,-19.378767276844144,-9.187930914459182,-9.685078586884824,-11.993726005436985,-13.05276273626834,-11.314237890658587,-10.525640394207096,-11.281508945138492,-12.300903077552157,-10.629352457994086,-9.828644266450246,-10.10267486494999,-12.709103586070148,-12.66258357499346,-11.408182811822636,-10.397547755396104,-11.21952878826269,-10.590197701875583,-12.103902955102562,-11.438378762914176,-10.860697827346495,-11.715590692225849,-10.44807419638812,-9.3975964576243,-10.750030929538983,-13.612523446703808,-12.765491180697808,-12.82538811036509,-11.090908314641528,-11.773244944792935,-11.299014902646976,1.1328857947071396,-13.612523446703808,-9.187930914459182,4.424592532244626,308,-17.06394131140427,1.1850516609145645,-19.378767276844144,-14.771814211132687,4.606953065711457,356
284,P0284,1,Rice,0.4272704,-16.19218458124169,-9.769702138248034,0.6033591137273738,6.422482442993656,79.2848129029827,11.122894932203709,interpreter_1,2026-09-27T12:53:48.320Z,00000000000000000100_0,-13.794542195879602,-16.003870300710517,-15.235810479905115,-15.13999181320872,-16.19218458124169,-15.756310102934927,-17.959329347228458,-19.71874295336821,-18.74467060885448,-18.232395479507737,-17.36153316695838,-16.726219895966757,-17.51027004153097,-15.807461012429815,-18.51867100678231,-16.04348694334464,-17.695972620254008,-17.351085779534237,-18.02765097260865,-20.610104061497765,-19.67115221899856,-18.85090164649161,-15.693963909469936,-14.959583425660924,-15.334011987564937,-15.00843064013502,-14.665667424620178,-12.90650585571456,-15.75402960760988,-8.82763838754878,-9.709556515030988,-10.229515607238373,-9.290129646685015,-10.605775827068404,-9.477720803694794,-12.477977888044723,-10.497805005626113,-10.641162503214154,-9.769702138248034,-9.878698107572628,-9.610584449375954,-10.248760318637084,-6.949140917960265,-5.622546034449815,-7.700219589801821,-7.853892946201036,-10.93901556341036,-10.085746198271332,-12.580935497581802,-11.160725196480126,-9.574289876580591,-8.854579159225286,-10.484655899120655,-10.220970746744332,-8.937057299287808,-9.402528126001036,-8.744356717470016,-10.956778206224504,-9.701119488717096,1.4403443250547845,-12.580935497581802,-5.622546034449815,6.9583894631319865,248,-16.733605175172844,1.8344513699269716,-20.610104061497765,-12.90650585571456,7.703598205783205,248
285,P0285,1,Rice,0.42705005,-18.22522721786313,-12.007831385771604,0.6588577054338364,6.217395832091526,79.18626771631479,11.105108289578142,interpreter_1,2026-09-27T12:53:57.639Z,00000000000000000101_0,-17.92998137216011,-20.600264403500148,-23.79225791331826,-21.99934548395707,-23.623249923674443,-22.864108334030245,-21.93554685768729,-22.260072118320394,-24.530467966146908,-19.33531692158356,-17.16093355238138,-16.701282693627387,-19.47922555151244,-16.134363146239792,-16.563559652979492,-14.60923049140738,-15.889477205757492,-17.683736988247745,-16.579307867394395,-17.235298170716128,-18.94631045387012,-17.746471111584782,-16.742853401918868,-18.570725432228752,-20.1557327474673,-19.99440747666104,-18.22522721786313,-16.753082946875928,-17.001386782174244,-8.33312706119935,-12.755001636631649,-13.109623532169328,-11.546128249340516,-13.04843507800144,-13.04789258787884,-13.762704343095749,-14.4929050237086,-13.985785362236609,-12.09918721008048,-11.310501821335263,-11.545966572723296,-11.376677930092086,-9.901944504966204,-9.642486698602342,-10.163699901504812,-11.010984838943331,-10.876213876248896,-12.286661269833438,-12.229375494096823,-10.410852913172093,-12.007831385771604,-10.943876153038165,-13.50217675862076,-13.28443104257989,-12.892335392232102,-12.57663616434638,-10.77170864904908,-11.224900923750887,-11.866898357767242,1.413904836349476,-14.4929050237086,-8.33312706119935,6.159777962509249,104,-19.0014904891478,2.648637749681084,-24.530467966146908,-14.60923049140738,9.921237474739527,116
294,P0294,1,Rice,0.5642155,-17.103163925080157,-10.53049853048936,0.6157047068377441,6.572665394590798,79.30349786089239,11.06091117759946,interpreter_1,2026-09-27T12:54:55.579Z,00000000000000000109_0,-18.35010978188318,-17.103163925080157,-17.2030102955499,-15.222407302785305,-16.082629266072274,-14.813830210909348,-15.777706726582414,-15.088210930910952,-19.115319563547963,-16.29064597424796,-17.028735547585317,-17.923329760017353,-22.61003067674245,-18.561058731558656,-17.76178158068175,-21.01509761877433,-21.160498204828905,-18.85628144958904,-15.417321041903875,-15.270956545114878,-14.495777591192727,-14.44480329826279,-13.248893430440107,-13.860916276904003,-13.867733361191323,-18.1371203121668,-25.14166497593093,-19.166820300388373,-20.65212764458358,-10.53049853048936,-10.473277399424088,-9.901087279019793,-10.264475567417842,-11.635341732869083,-11.11295668637382,-9.63714021073051,-10.696254070295597,-12.347339655136215,-9.68843207023459,-10.97958982627069,-11.327663897439598,-12.808123969408545,-12.269321166910771,-8.91989294514118,-12.87062955408275,-9.443681211400833,-12.87664471537632,-9.576239996216666,-9.452132187834938,-10.525003155662915,-10.719114743035153,-10.221419501796378,-8.537381156646441,-8.799314356094785,-11.094692406251252,-14.046834635668487,-10.186258221268368,-12.503915102346255,-10.80843641209804,1.3683550720503237,-14.046834635668487,-8.537381156646441,5.509453479022046,332,-17.367861459497473,2.796059886796608,-25.14166497593093,-13.248893430440107,11.892771545490822,332
297,P0297,1,Rice,0.557008,-17.176491103942077,-9.54525603270726,0.5557162970565382,7.631235071234816,79.3382626623878,11.12100847010706,interpreter_1,2026-09-27T12:55:03.577Z,0000000000000000010c_0,-17.515246671817277,-18.660158340523164,-19.131020711242453,-17.249703278529356,-16.526191534331815,-15.720146265985427,-17.176491103942077,-16.464103276805258,-16.366049836922862,-14.664087420517935,-19.01955587077275,-18.88863865558917,-18.18853394184504,-18.744634256635084,-15.30531836422032,-19.15138662576329,-16.05331448447198,-19.285152223886808,-17.525825196609503,-17.270602805019927,-16.037537341583395,-16.38735720038245,-14.43301140198191,-15.112465475053476,-13.863163428531342,-16.93705579126479,-17.77260967879467,-14.74724732619043,-19.42145219350249,-8.877317751487727,-10.605101801296104,-11.006298666137075,-8.623003362375592,-9.084610345734164,-9.049190008547882,-8.450775452824278,-10.001007016194231,-9.986562307310017,-11.108200170117826,-11.77065868068884,-9.551018931801922,-9.422921206399806,-11.484436860739596,-12.038312430265856,-10.801051015894654,-7.781657597112561,-9.54525603270726,-9.04962545024354,-8.91317967777536,-10.807690133385409,-9.931033354565455,-7.38572934575801,-7.619502112037706,-7.432832873984778,-8.53502597392573,-9.654501567815863,-8.406395027701599,-9.831799210891845,-9.543265322955888,1.2638220989538975,-12.038312430265856,-7.38572934575801,4.652583084507846,188,-17.0213124380247,1.6033832070822458,-19.42145219350249,-13.863163428531342,5.558288764971147,356
298,P0298,1,Rice,0.459706,-16.083664953037836,-10.127338989177588,0.6296661251492164,5.956325963860248,79.36278666964428,11.138974775789448,interpreter_1,2026-09-27T12:55:05.751Z,0000000000000000010d_0,-19.508391638343365,-19.378717497745964,-21.33889860011784,-16.147271549009496,-16.96565686846357,-15.164085924948074,-15.87674444688917,-15.878960966690023,-15.805980334427252,-14.383882462207737,-16.083664953037836,-18.45562898970493,-19.18480019167333,-18.450193918123706,-16.177997595039077,-15.690092745118804,-15.08820623188547,-17.895350141859865,-16.00132205847604,-15.293273749809725,-16.033517695485997,-15.475615542351544,-14.003879106044089,-14.363983728135604,-14.65797269257408,-16.692206398389484,-18.54306740722788,-16.726136532383606,-18.28904868876461,-10.265397295596475,-11.451381979084578,-12.44983606614693,-11.195712627538333,-11.951660359753976,-10.3579759634727,-8.839351224678085,-10.118595232294512,-10.127338989177588,-8.556701322427546,-10.109855105761463,-10.451585185148296,-11.67534891225904,-11.158945511225582,-9.948697875104864,-8.079185547075753,-7.657079217882221,-8.742999872330987,-10.38027344567954,-8.681907784280181,-11.938683925963884,-10.1181207344984,-8.04467013347984,-10.322414779125271,-10.814670800558853,-10.097544823095534,-10.063475443645206,-10.28846315808855,-8.580310264377424,-10.085109778612129,1.2356906584121785,-12.44983606614693,-7.657079217882221,4.792756848264708,32,-16.674294781204427,1.7817182829389766,-21.33889860011784,-14.003879106044089,7.335019494073752,32
299,P0299,1,Rice,0.48643464,-16.66081251543321,-9.267441233031024,0.5562418534177986,7.393371282402185,79.09562770414713,11.1100490236408,interpreter_1,2026-09-27T12:55:11.821Z,0000000000000000010e_0,-14.236785492814564,-15.835220171267716,-17.98501719561568,-17.527903250031546,-23.71454236155393,-16.597012954409294,-20.514563940973822,-25.50221619823131,-21.82132663756223,-20.42709015409361,-15.846451793003816,-16.66081251543321,-14.737745819427046,-15.823910211551242,-15.125106825970072,-16.466119544078424,-15.109436273217929,-17.904894683070378,-18.652505593787524,-22.57002087275628,-17.494286544829404,-14.611637856799042,-12.46958662945702,-15.174217446762508,-19.134498541071885,-23.88025337798992,-20.08524087431993,-15.374005524525614,-16.15911622562742,-9.029134288099192,-8.070617369540013,-9.608588985792483,-7.7048385570227875,-11.587826796035316,-4.290534302540776,-10.104475607318628,-10.006699535046543,-8.433282550079714,-11.266455381629958,-9.654422976166344,-8.404333428428854,-7.402098662143356,-8.830838520578713,-8.309349220719255,-8.793730277620645,-9.267441233031024,-8.42573980728985,-10.450563500759626,-10.64891309937084,-10.441741285309403,-8.643223282082682,-6.093545899247424,-9.76027266026488,-12.142081981413646,-13.533712797516635,-12.337086940537038,-9.29427615397218,-8.697414338773903,-9.352870325459715,1.8378252936797672,-13.533712797516635,-4.290534302540776,9.24317849497586,320,-17.842811224490767,3.210892797689871,-25.50221619823131,-12.46958662945702,13.03262956877429,104
308,P0308,1,Rice,0.29265353,-18.482903137950554,-11.642560239369889,0.6299097145331279,6.840342898580666,79.21465447929296,11.143376520681636,interpreter_1,2026-09-27T12:55:41.750Z,00000000000000000115_0,-17.67610144283389,-17.728663743848983,-16.53316079703538,-18.482903137950554,-24.31219233885702,-19.439076758343056,-21.583732931498435,-22.32369276193809,-22.916897071767966,-16.734637573353194,-19.091545628347983,-20.3016926318908,-18.69145457646493,-18.936953500105915,-18.75396949663605,-19.68385836472565,-18.330740149576243,-18.073933378041403,-18.343513630541647,-17.98460724579502,-17.848951982358532,-19.34146856683627,-16.223899455770546,-18.434723914006504,-15.944484573918272,-18.890029564289456,-19.112933535221178,-17.407956879264027,-16.47665950297292,-9.691850838133616,-12.19384650675896,-13.270811915460346,-14.725736467878868,-13.493709715475513,-12.21217627460604,-14.52450003194896,-15.22447805703746,-14.022312012732945,-10.904155399062782,-11.903671213267964,-10.766862371976645,-9.21723016844793,-9.937112870735811,-8.515219232508018,-10.169239770875524,-6.048781048431417,-9.466859912116195,-10.871471887760492,-10.618788044425846,-12.156451868225682,-11.642560239369889,-9.341354707277064,-11.795453264515746,-10.390387352688691,-11.642651869175182,-13.75751481038871,-11.577255226449898,-11.90357440910848,-11.447793706442782,2.010331062400688,-15.22447805703746,-6.048781048431417,9.175697008606043,104,-18.81394603911,1.9311857048233971,-24.31219233885702,-15.944484573918272,8.367707764938748,56
312,P0312,1,Rice,0.5738355,-17.54179679962335,-11.624515724032689,0.6626753152380768,5.91728107559066,79.1991136248777,10.86112585841128,interpreter_1,2026-09-27T12:55:51.914Z,00000000000000000119_0,-17.15496911488521,-22.58097367597297,-23.79128804518057,-22.368751900103028,-17.54179679962335,-16.509987527872998,-17.173125856225198,-17.43380478385186,-18.76052126297853,-24.271076797599,-24.72635028237916,-19.25582759184345,-18.747060829040063,-18.969309993849965,-18.05093243982129,-17.943282491360442,-15.042443965160146,-16.428975153543323,-18.1381160340632,-15.975441808223522,-17.78349397659033,-15.17706143382247,-14.114489364806705,-15.35142905012748,-15.527993726124109,-15.55978726544112,-16.357081027885513,-18.80836644347365,-17.471885171189264,-11.518169333909736,-15.109901944767302,-16.797945401816303,-11.624515724032689,-8.245700093487715,-10.13674715047448,-9.01805872382404,-14.340767361207485,-10.362973646971325,-16.827866450708534,-17.231058328245496,-11.71362805514554,-10.816574508788346,-11.668375542857213,-8.46793251119417,-11.935844665244664,-11.7880837758192,-11.710887993922714,-12.16186895990135,-11.617608878299126,-10.372523018698702,-11.303043242041946,-11.305562975974798,-8.350340772024474,-9.286950215632922,-11.929614102215854,-12.663906918778029,-13.06210060987889,-10.108568991956083,-11.775073099924796,2.3540804540493947,-17.231058328245496,-8.245700093487715,8.985358234757781,140,-18.17295254527717,2.7933333967422853,-24.72635028237916,-14.114489364806705,10.611860917572454,140
314,P0314,1,Rice,0.5774522,-17.663542743518292,-10.52244710744801,0.5957155515310916,7.141095636070283,79.33529822195021,11.05255684545715,interpreter_1,2026-09-27T12:55:56.200Z,0000000000000000011b_0,-21.588026535769032,-19.24847105027489,-17.61802552875235,-19.49100893131257,-19.92547757918805,-16.191131105455682,-17.04343066669508,-17.549469248789052,-18.134724403068866,-15.433301303668236,-19.101207501495423,-15.77766511426166,-17.663542743518292,-17.693080138379102,-21.00047381995063,-21.93020431959272,-18.50749383519757,-22.384053978827176,-17.6740142466702,-17.859595646751615,-15.508519729104044,-17.80487236040102,-16.22352715999541,-16.688090021942173,-16.27635454602695,-15.02943996825977,-17.176137700044315,-12.375164603661252,-15.954494768711507,-13.986536819791787,-11.488443271676472,-11.43125171985158,-9.576731919114277,-10.801470503627336,-11.936992883987118,-10.78566927816582,-11.23286587659143,-9.777792135266385,-8.911733798633783,-10.522447107448013,-9.47278272566541,-10.740151371242678,-9.067913332289557,-12.410098472109052,-10.278161655387157,-13.12447210102977,-9.959896103286454,-10.255720655875852,-9.2626015412824,-10.920044124403708,-11.862584513275747,-11.244726769385451,-13.94583639063555,-9.387405082207671,-10.332968292477409,-10.249827118422882,-10.140288868788613,-9.090062954423784,-10.76543025470149,1.3412247297890596,-13.986536819791787,-8.911733798633783,5.074803021158004,8,-17.75348270881947,2.19382982124671,-22.384053978827176,-12.375164603661252,10.008889375165923,224
315,P0315,1,Rice,0.5246953,-17.362472678087148,-10.509047568307455,0.6052736705855687,6.853425109779691,79.39620399821352,11.082111418304684,interpreter_1,2026-09-27T12:55:59.161Z,0000000000000000011c_0,-14.976305015263154,-14.528955833914008,-14.611569550986978,-17.362472678087148,-24.3262455918702,-20.5031475163157,-17.235744598158938,-20.27252476283252,-19.949765974276552,-26.390458170365644,-21.68981544017434,-21.96932073239271,-17.818180903656536,-15.5164911350265,-15.907891124062044,-16.095220653447345,-14.504319531889696,-15.912654225908868,-14.965872748141608,-17.010228833228922,-18.136150098065382,-17.256258633800343,-13.84128237451047,-24.83559491576544,-25.71543386363544,-23.4220558579307,-19.48703673171198,-14.737727035660477,-18.16537375593504,-8.690083463326708,-8.118156624205442,-10.386398452124029,-12.464991081580107,-13.76769321395791,-15.298302505182988,-11.69963775637215,-11.687253973689389,-10.330585622822635,-18.79038689836588,-10.61831942591342,-10.23497036505644,-10.46352214968529,-10.509047568307455,-10.017165146416076,-9.065299710988151,-7.92567357433626,-12.516210347703044,-9.708490738527004,-11.149777601583374,-11.074211262212016,-8.809219411612666,-6.923531161923471,-11.498632446999189,-16.32107257934926,-13.423283205406364,-11.05890838063252,-9.181300822148556,-8.4823017148897,-11.041876800183363,2.5546787011965666,-18.79038689836588,-6.923531161923471,11.86685573644241,128,-18.52221028575913,3.6584600621677374,-26.390458170365644,-13.84128237451047,12.549175795855174,128
316,P0316,1,Rice,0.6970069,-17.358204209978222,-10.25501509526789,0.5907877895210426,7.103189114710332,79.37033251803088,11.07187062406572,interpreter_1,2026-09-27T12:56:01.348Z,0000000000000000011d_0,-16.26634801459256,-16.249480374019758,-15.108244643794013,-16.063887824745933,-17.573114581856483,-17.358204209978222,-17.10017071720894,-17.73097742649729,-22.82878651780387,-21.235286886179352,-19.76746476221198,-20.06466747642441,-16.82266819856209,-16.998776583461595,-16.17312191950543,-15.505534471467486,-15.761321840395937,-16.686007272414074,-15.051620672353629,-15.948977028601767,-17.55924192276749,-19.833622851647,-14.824533522658529,-24.70421829805001,-21.762506281578204,-19.091804854645385,-19.8265443672474,-19.377846806361,-17.92491269673118,-8.469677837915057,-8.208187757801188,-10.25501509526789,-10.443009923888384,-10.190889267666703,-12.108438215868112,-9.429584454917228,-8.772931266826827,-13.429322342871718,-12.599779351340365,-10.279943483947784,-8.980711791385689,-9.884042466621064,-10.618842147748865,-9.60082850219178,-9.43307311919493,-11.048109935533414,-10.763711678763624,-8.102242422004329,-7.802138290682189,-9.653906338712735,-10.06464087377661,-8.845565768003205,-14.048870203940355,-12.87083667273122,-11.666820722405395,-10.572692281385926,-10.997964141888406,-10.798943294808463,-10.342783436209984,1.555623432799116,-14.048870203940355,-7.802138290682189,6.246731913258167,296,-17.972410104267624,2.4323079353860675,-24.70421829805001,-14.824533522658529,9.87968477539148,296
317,P0317,1,Rice,0.70364547,-18.68023265932181,-11.871458525850937,0.6355091364414479,6.808774133470875,79.39323955777593,11.036566833399824,interpreter_1,2026-09-27T12:56:03.300Z,0000000000000000011e_0,-16.77688232559224,-15.904839605311558,-17.99828412278545,-19.125166799552403,-19.569764417378654,-21.55713374056809,-20.8261305370689,-31.15361767172224,-27.75540936751003,-23.87044374764516,-22.34600943128236,-17.496852282472137,-19.01470310243349,-18.68023265932181,-17.752494036024686,-18.92006711734489,-15.336037710930846,-17.46805105352805,-15.344711664320489,-15.173711813233668,-18.91548677605103,-18.67354868609863,-16.133762637749527,-17.16081490696404,-27.696452409017848,-23.45727340397908,-19.944985198421342,-16.396047301398816,-18.220326515093365,-12.158680819262509,-12.88052305249165,-14.377721719936137,-14.019384982077748,-12.805694874300322,-11.755186928081606,-11.871458525850937,-19.551377853223293,-14.215115380279874,-14.588294086028297,-10.674762473145552,-9.42586582681857,-12.241700744440784,-10.907499407406329,-11.970688334008251,-12.854745036450318,-10.915423846802186,-11.53746855097003,-9.55755770245112,-9.07422026701086,-10.915401075360345,-11.383098751103,-8.877791522216363,-9.141094419285308,-16.067347241570726,-12.77023918058619,-10.165851195703064,-10.486117359151423,-12.686121820550634,-12.064704585398736,2.265095022605884,-19.551377853223293,-8.877791522216363,10.67358633100693,104,-19.60928417382072,3.8838527729299264,-31.15361767172224,-15.173711813233668,15.979905858488571,104
318,P0318,1,Rice,0.65522766,-17.465748234974214,-10.500532491354493,0.6012071369681,6.965215743619721,79.25588715083406,10.851334221814378,interpreter_1,2026-09-27T12:56:07.803Z,0000000000000000011f_0,-15.675682445994331,-14.703831249982937,-16.208947644412476,-20.192977540041632,-20.46988701502368,-15.46633408454124,-15.254220144910862,-18.29984478641223,-17.25655109202274,-16.361403344112702,-25.54972392762929,-19.92159608180499,-20.538422970892167,-16.816088571856604,-17.465748234974214,-17.6518092446884,-15.062203609002164,-16.69640644905667,-14.78187958924769,-16.278611686046297,-17.85077285673061,-15.940291844810396,-16.818014602759497,-22.81709702224244,-25.04379028182268,-21.622760889185145,-17.91700427716528,-17.830009061671525,-19.033444494070583,-10.863986814265434,-10.500532491354493,-10.052091772413212,-9.832842131625528,-9.52484554710842,-8.927949644884038,-8.360884113161418,-10.11890449842703,-12.445321872805252,-10.226047310743152,-14.43008491338654,-9.13178281960324,-10.02385681089622,-10.982587108956295,-10.738195719090058,-9.349971141435844,-11.328194140019823,-11.788343616670389,-10.007857282190123,-10.440904208298608,-10.993740227164857,-8.692263756056969,-10.56034474874047,-15.22632476692754,-14.624971961683976,-10.847278447207628,-13.248548518923036,-10.53591300972631,-10.21150696717445,-10.82814056417036,1.681898324301062,-15.22632476692754,-8.360884113161418,6.865440653766122,296,-18.121563967003844,2.831741089596417,-25.54972392762929,-14.703831249982937,10.845892677646354,140
321,P0321,1,Rice,0.38872787,-16.990142651256825,-9.58057294648126,0.5638900828047226,7.4095697047755635,79.1450350447737,11.051478867116208,interpreter_1,2026-09-27T12:56:19.588Z,00000000000000000122_0,-15.900972974736677,-19.63039294035788,-20.32851974490484,-20.069756175811246,-19.99720935396096,-20.64203721093394,-20.490555409593245,-21.674221786982,-19.136871250847843,-19.119640772460205,-16.49310484521218,-18.62875358956933,-18.45577099095457,-14.271620134146,-15.827835710707488,-16.43625787802941,-16.332819839801623,-17.01885233782381,-17.852927533264044,-14.741976644355836,-14.389441146746648,-14.090820129459797,-11.55504409463154,-14.505139818224508,-18.766268761377027,-16.990142651256825,-12.196819901841948,-15.292193125051613,-15.343369543803576,-7.141456656634725,-12.283459874653056,-9.58057294648126,-9.96906468636102,-11.32673667765548,-10.490113102893543,-9.737579737374446,-12.019736534099918,-9.73746246728184,-9.561923236225052,-5.956020653620175,-8.955420673870137,-11.062525408528051,-11.679584997564064,-8.12228772562327,-7.290770901571713,-8.819408450787122,-8.772294164968027,-7.409103740746784,-8.607449806289114,-8.325795742049172,-10.070958485500691,-7.869171099661841,-10.191217250783382,-11.896695305298936,-12.113235872235563,-11.218363487730208,-8.930406501073183,-9.13826312773318,-9.595761355699825,1.6386053787489312,-12.283459874653056,-5.956020653620175,6.327439221032881,20,-17.109632286098158,2.606741562001284,-21.674221786982,-11.55504409463154,10.119177692350458,104
333,P0333,1,Rice,0.53336626,-15.884393231227904,-8.939748964438545,0.5628007840339445,6.944644266789359,79.24879046008951,11.124601731243535,interpreter_1,2026-09-27T12:57:05.034Z,0000000000000000012b_0,-14.058776081340088,-17.94315604390762,-16.8338969392416,-17.14226662347206,-17.85836238029902,-15.884393231227904,-15.121582614931038,-15.72908641585174,-15.430600319908947,-13.632093062146184,-15.961305979835975,-15.720230207742697,-17.77050318912756,-18.915018264112792,-17.56701919569938,-18.763664695998084,-15.759865948710656,-17.375008492634024,-17.285533103789433,-15.441391694452468,-14.181788103661397,-15.36067581713676,-14.077789014758226,-14.386877928229325,-16.36088504088361,-16.725997215994422,-17.90062535363855,-15.318012425081657,-15.413510854266043,-8.618799916458515,-9.549901212923222,-8.939748964438545,-8.35860451935488,-9.238900204106628,-6.525424710916969,-9.803650792536898,-8.219828131504391,-8.276691029079679,-8.568008756485057,-9.523948833765774,-8.433038027066223,-9.662841556102885,-10.602915285575376,-8.75848288254836,-9.39606418450034,-7.354363269028074,-8.261702618750018,-9.137003216599814,-9.30275026785338,-9.178445080467323,-12.270096591187494,-7.132707457644194,-10.08071917222144,-8.064684601740495,-10.203755631357756,-9.223694828909393,-8.598131687169722,-8.500309258880026,-8.95811078238527,1.0876330097640292,-12.270096591187494,-6.525424710916969,5.744671880270525,272,-16.204135042692393,1.4310300388667216,-18.915018264112792,-13.632093062146184,5.282925201966608,176
339,P0339,1,Rice,0.29993966,-18.277228950568155,-9.801454594455707,0.5362658979085024,8.475774356112447,79.40878041219119,10.935326700879552,interpreter_1,2026-09-27T12:57:30.449Z,00000000000000000131_0,-19.62040891081748,-17.54607128818319,-16.016463300047082,-15.918739120820524,-16.31740235071693,-24.254099108161945,-16.705896541476662,-21.48570523742245,-21.77603505568415,-15.510523221513983,-24.247532108622384,-24.2743915157578,-25.076757481748885,-22.22793869808905,-18.297642204086905,-18.277228950568155,-17.50737692933636,-14.487982180198388,-13.799900765502455,-14.166297976363014,-13.058961430502938,-16.23460422367605,-15.135445663110865,-20.4067155670037,-22.038013074313994,-22.12905243580661,-22.519950489467814,-24.203078634131924,-16.15691164717259,-9.618842817547977,-9.48354756019927,-12.968362933257453,-9.503575952346944,-12.614701657695433,-11.902775982483709,-8.660981499865073,-13.721537534061298,-16.487624669647328,-8.634959448935142,-13.194728613218969,-12.527279476104416,-13.50697548479028,-9.525792343234096,-7.637291180932198,-8.716780841341404,-8.027161169782882,-7.8447350027725715,-9.801454594455707,-7.28874882349002,-5.907312046861795,-8.885759909743143,-7.50371906129555,-10.351186716373968,-13.827139239108249,-12.066973412910688,-14.67088846079513,-12.152869279026294,-10.619333212866426,-10.60872548017736,2.5673786897673136,-16.487624669647328,-5.907312046861795,10.580312622785534,116,-18.94472848656222,3.6674944177068416,-25.076757481748885,-13.058961430502938,12.017796051245949,164
344,P0344,1,Rice,0.6047904,-16.079905816887425,-9.089042298662536,0.565242259635442,6.99086351822489,79.17899136251341,10.922390960788231,interpreter_1,2026-09-27T12:57:52.457Z,00000000000000000136_0,-12.491159548021368,-15.250517546436337,-15.0206176092553,-17.786152873907746,-16.25296970943144,-17.269881838464983,-17.180361428063982,-18.01506287999627,-16.079905816887425,-14.046460004417172,-16.676646299436676,-15.631005984665322,-20.44973683390608,-16.815757093061656,-16.563051483914194,-16.485671145298937,-14.97954341539833,-14.739469937149597,-15.732685440923516,-15.448016506811534,-16.08202569430921,-15.749430255661323,-12.777337499752663,-16.06212207045961,-17.243761990232844,-17.08537777821719,-16.455957415955176,-13.522952232527386,-15.288780620115745,-8.716231857059801,-8.460423830175369,-10.851729121265464,-10.898418507404193,-10.962398104019336,-11.351855053271995,-12.449249959393692,-11.995331194818036,-12.453202948470082,-7.1900373611278745,-8.49407791282074,-7.639407490057249,-12.55403219791007,-9.71486871933889,-9.608405958934355,-7.8418027864475635,-8.80183749190819,-8.234436294097419,-9.089042298662536,-8.844287034701257,-11.930245890774088,-9.175583989387045,-5.83953180461462,-9.69055978409654,-8.599063865459211,-8.510255338438046,-8.843500537855814,-9.116090008837642,-8.229672799083264,-9.520192418635531,1.6891370017327012,-12.55403219791007,-5.83953180461462,6.71450039329545,164,-15.971807550092375,1.5822893191815723,-20.44973683390608,-12.491159548021368,7.958577285884711,164
348,P0348,1,Rice,0.6827864,-16.856010052409335,-10.466584839543046,0.6209408280488651,6.389425212866289,79.2405259594756,10.981500106483296,interpreter_1,2026-09-27T12:58:05.303Z,0000000000000000013a_0,-18.17830903194029,-16.34858886043019,-16.71473993311189,-16.18600402528464,-17.52596888900646,-17.938597327502702,-15.875665872198809,-16.126498350035835,-23.289128159433453,-22.29420182166336,-20.816154731097267,-17.925419900208368,-16.063405471218218,-16.280259881693127,-18.388865372137097,-15.680648921729102,-16.856010052409335,-16.386590422295576,-15.431508842926036,-14.17210067148303,-16.705397582410807,-17.383756380532965,-15.35290351466602,-18.642310633320346,-22.88182592112182,-23.42962979464868,-21.22416942093325,-17.935741379745373,-16.829160360083925,-9.43002286777039,-10.978887244553658,-9.988499156656168,-10.753098973698128,-10.170415089872238,-10.039689851673096,-10.528092717512187,-9.03422775041501,-13.92310866478619,-14.740890596442922,-10.234978562588362,-11.558096082056776,-10.327767364389738,-10.634920886143018,-10.865110549998873,-10.507752220513328,-10.193625811294275,-11.474668485632176,-9.757221249240771,-7.472277673659116,-9.311030274300236,-10.484903361106095,-8.417562317889688,-10.466584839543046,-13.319879606988042,-10.522972285044974,-8.065886260567856,-11.70607008359821,-8.217352203152666,-10.452606656244388,1.5782447914616036,-14.740890596442922,-7.472277673659116,7.268612922783806,128,-17.891846949147173,2.5046432937319274,-23.42962979464868,-14.17210067148303,9.25752912316565,320
349,P0349,1,Rice,0.41166154,-15.914766311809547,-9.334652959457038,0.5865403724169208,6.580113352352511,79.31984719906336,11.148407086272703,interpreter_1,2026-09-27T12:58:07.996Z,0000000000000000013b_0,-15.4461289489938,-16.830874214179662,-18.905920507315955,-17.304066463782537,-17.987327574317224,-16.762319357710595,-16.416268381974803,-18.499446650430485,-17.810761385412995,-16.124913111651964,-16.685588655075726,-16.28756666041092,-15.723092142739208,-16.291155273071713,-14.8912344114655,-15.737097329987185,-15.267683654266133,-14.884582351359583,-14.793228227981391,-15.89224682439992,-16.983707226253344,-15.914766311809547,-15.055276634616668,-15.323246288294804,-15.723064949258427,-15.440291135988748,-15.436920977483515,-14.977166045382768,-17.333510660711383,-7.472334445722949,-10.51109632324753,-10.169883414626735,-9.55936203543854,-9.893973142600572,-9.777675926301905,-9.845696517468667,-10.64372035609654,-8.578341713948944,-11.390652090067226,-8.660258404408395,-9.704985084014153,-9.817941268855945,-8.10235989576171,-7.110212415427906,-9.334652959457038,-7.311200775556726,-8.768669439256731,-9.88815770087551,-8.575997788047955,-10.126674634093156,-9.365073196999267,-9.250581538012632,-8.696497721759995,-8.695764375706426,-7.664690056919731,-9.304369333090222,-9.190321860375652,-9.816938835773998,-9.2147614913763,1.009425243103664,-11.390652090067226,-7.110212415427906,4.28043967463932,128,-16.232050081252638,1.0977093388420232,-18.905920507315955,-14.793228227981391,4.112692279334564,32
353,P0353,1,Rice,0.4966398,-16.924011043863537,-10.52249892895933,0.6217497082510279,6.401512114904207,79.43213660957831,11.045909312354668,interpreter_1,2026-09-27T13:00:48.335Z,0000000000000000013e_0,-16.924011043863537,-14.633826636199633,-16.125304229208666,-19.09535223083598,-19.76699552885958,-20.36460718318217,-21.90458236902272,-20.01270440339343,-25.544417460202027,-25.94035203917653,-21.10034049681588,-17.29823711205551,-21.01762918389451,-16.496458372065113,-16.43154779411003,-16.225935440523024,-16.435994391285767,-15.399370695715568,-11.921693262832456,-10.938502251699278,-16.434202749340674,-18.11955023754279,-14.593697760045,-14.03741745899245,-20.62081803372571,-24.139014432651464,-22.469994692939327,-16.59624372125291,-16.407030904368135,-11.214674289475868,-9.303623120956948,-12.67888759469264,-11.483465089727162,-11.118356333280996,-10.52249892895933,-12.05324287092012,-11.47266412179464,-14.24213788606659,-9.666351398032932,-9.322593831553744,-10.892620829301162,-9.373109435395255,-10.116828846980592,-9.834363999928444,-7.50724733821661,-11.712888754663826,-10.769948128981923,-10.549605873437285,-8.966330301750403,-9.94883250237607,-11.725551038221036,-8.737951287266574,-8.15659787152857,-15.96213275255365,-14.49282900025322,-10.23171238840118,-7.393319468533185,-7.722348928271999,-10.592162559018,1.9976228273196237,-15.96213275255365,-7.393319468533185,8.568813284020464,308,-18.17227007295861,3.649445037027004,-25.94035203917653,-10.938502251699278,15.001849787477251,128
358,P0358,1,Rice,0.47924528,-20.00547843332093,-11.039239801926168,0.5518108371524529,8.966238631394768,79.25642614000452,10.986530672074366,interpreter_1,2026-09-27T13:01:04.142Z,00000000000000000141_0,-22.400107739019944,-24.976483428360744,-20.436780458811818,-18.74437646754261,-17.262114988678935,-17.605066675736506,-17.789126510349824,-22.69427565721948,-20.042666433737143,-19.15315483258352,-18.679066973106902,-21.681211109806515,-24.04797505682251,-22.25525444519175,-22.097309660984514,-20.00547843332093,-21.70457555346004,-19.53366019531736,-17.718174600436527,-17.66641514053316,-16.569334810791464,-19.00419013100928,-16.69560391227011,-16.505677302150538,-22.12431551892973,-19.918876292765844,-21.71364101802988,-25.8124774911936,-21.61469300583834,-10.672321132711971,-15.427858953031295,-11.926027971460933,-10.736420359950165,-10.078612593084664,-12.376698490737937,-13.479833198316127,-13.307695922759528,-12.61660446847429,-9.38243637497105,-10.108585912033652,-11.969366689851883,-15.018346098055469,-8.574101094990265,-8.500153480752937,-8.51454252604935,-10.086225753510494,-8.569554084391772,-8.487295868561546,-10.72180910580694,-12.8117693886343,-11.20072727780244,-11.039239801926168,-13.619638847314226,-11.731570625798437,-9.6102859735823,-11.210053085346782,-17.53554979592054,-10.490782919854176,-11.372555441230398,2.2054853984854788,-17.53554979592054,-8.487295868561546,9.048253927358996,344,-20.22248564979309,2.4976658493977903,-25.8124774911936,-16.505677302150538,9.306800189043065,344
359,P0359,1,Rice,0.8180147,-15.746076123777726,-10.789080796933206,0.685191708214906,4.95699532684452,79.07038504466337,10.943770864550276,interpreter_1,2026-09-27T13:01:06.773Z,00000000000000000142_0,-13.740841124291588,-14.3842194322584,-14.716608723911698,-18.47592066286176,-19.24398751674608,-16.36934766316961,-14.728900916281,-18.39333785457255,-17.44333515564483,-14.833005417207932,-15.849751230926216,-17.050590179579824,-17.525212497994765,-15.475654929727371,-15.699078150155826,-15.634053616253594,-14.440522915884635,-16.23953550125953,-14.58236593233394,-16.041284026148013,-17.131906292724672,-15.746076123777726,-14.38516965990032,-14.337437629263734,-16.83778366000539,-17.32631891876403,-13.802033077347875,-15.650943522702851,-16.78052753061139,-7.460701204567252,-9.429381296070789,-11.246867063062282,-12.808230835093008,-13.04220900407394,-11.651925445269503,-9.77430168887475,-10.946220777679333,-12.035250648163728,-10.266399725066622,-10.13105745515274,-8.636703247079375,-10.616730752692758,-9.589164409320826,-9.589566829272634,-10.773785790089958,-10.03771143796159,-11.375397746704843,-11.189858943006874,-11.43179701230151,-11.201915166582111,-10.720387233446251,-8.608275012381807,-10.789080796933206,-10.783063279668191,-12.89588801562713,-11.039499595543164,-12.553656722244382,-12.52669816713636,-10.798335355209206,1.3252774939316971,-13.04220900407394,-7.460701204567252,5.581507799506687,56,-15.960887926286452,1.4394625640522745,-19.24398751674608,-13.740841124291588,5.503146392454493,56
360,P0360,1,Rice,0.4692124,-17.79694602555069,-10.86272325503562,0.6103700735755586,6.934222770515069,79.20378486435511,10.883493908985855,interpreter_1,2026-09-27T13:01:08.136Z,00000000000000000143_0,-20.35311134155899,-19.528765112919267,-19.2122452021706,-16.922194735572027,-15.91611997592535,-15.8341078422399,-14.475835915348858,-18.184379207034183,-20.48657409842409,-27.078556309398344,-24.33799778854412,-21.93251499393465,-18.988598172576083,-17.639623950468607,-17.652928676819265,-16.399356695911123,-16.122096779652413,-16.352615609732165,-16.34877555704351,-12.78243343780952,-17.79694602555069,-18.337436067361622,-12.409761723858892,-16.580725626313978,-19.98906613001765,-18.13319496715813,-18.818938602433647,-17.52001695828025,-25.072492120163883,-12.285650927159285,-10.116938539430826,-10.684373769453195,-9.620692960972711,-11.226182986304238,-11.318882361980258,-6.18979238195286,-10.34970437417046,-11.88546240395202,-15.10232858683633,-14.587340701434632,-10.086141258173136,-10.722768616958092,-11.17768968576863,-11.489029074112045,-11.761618137573809,-12.022903389998902,-9.902591174057235,-11.389913187427734,-6.737069131003185,-12.62522364341378,-10.86272325503562,-6.564613358302466,-7.53148257874223,-10.4336548611339,-11.314567659548253,-9.981672566536464,-9.512810755213918,-16.587407687644887,-10.8300424142859,2.269605359823679,-16.587407687644887,-6.18979238195286,10.397615305692028,356,-18.317496883593854,3.2249180597500424,-27.078556309398344,-12.409761723858892,14.668794585539452,128
361,P0361,1,Rice,0.56722474,-16.40170766114354,-10.932402184356969,0.6665404853091226,5.469305476786571,79.32927950954662,10.868132717627413,interpreter_1,2026-09-27T13:01:10.884Z,00000000000000000144_0,-13.720274961078529,-15.214317965376049,-16.176981433716087,-16.25391879125739,-17.603428396019403,-16.2272556268167,-16.32901079124612,-17.230741073364623,-18.692158462599306,-20.613620739873006,-23.67714280078785,-19.94374451157283,-20.633844670082308,-15.51062133439843,-16.98293461416561,-16.40170766114354,-15.68094126190899,-15.894691610963644,-16.211852668875856,-14.14774159065804,-18.29930093969608,-14.17713386463214,-13.895565830628565,-16.043570867510528,-17.03946070834936,-19.922728340126632,-21.723329885544462,-23.972826182236155,-21.124911851692385,-7.667163154359565,-10.635690577885311,-9.536184687198157,-10.498673448086244,-10.323175644261577,-9.953091563993656,-8.921630311668409,-9.223175288702826,-11.994791285077133,-13.1583652089868,-17.43858148356609,-11.034643367970446,-11.713427375427742,-12.184178950115571,-11.368762567707291,-12.06038715275576,-10.789455276861768,-10.135816934605892,-11.816477685073018,-10.93240218435697,-11.296971654407235,-9.83565272650268,-9.60849673219552,-10.798702944205845,-12.596619640604176,-12.69626701412803,-14.538198569237773,-12.172039119360766,-10.340599741835153,-11.216193872108182,1.8215494479641412,-17.43858148356609,-7.667163154359565,9.771418329206526,140,-17.5636468771145,2.759308607314343,-23.972826182236155,-13.720274961078529,10.252551221157626,344
363,P0363,1,Rice,0.6858476,-16.297765733210518,-10.801394230116642,0.6627530673180723,5.496371503093876,79.21663077291802,10.968205040278328,interpreter_1,2026-09-27T13:01:22.248Z,00000000000000000146_0,-12.694218267556344,-14.293007357547571,-15.795235221405656,-12.94517265288578,-17.626721423559985,-13.753381082904657,-15.389175785975658,-16.070420557027994,-15.817662043747866,-14.0330516766197,-15.954443460458869,-14.57053940712359,-16.186206383783343,-17.896660743563512,-21.09249699851299,-24.841185951062023,-19.17171914267303,-19.60860894476121,-17.610059877362843,-15.926109889070789,-16.769802169489083,-16.297765733210518,-17.288652545157476,-17.481619606183692,-17.644903041940477,-17.669976733868182,-18.968949199269083,-18.86641208578036,-15.502972305621944,-7.121980237528462,-7.987978528296598,-8.202718295904381,-8.019301477345778,-11.5721087291269,-7.47197791500239,-8.974698042749594,-13.060116672695116,-13.75464064435774,-8.213598064224142,-10.38502849999839,-8.607663959679797,-9.282166641022426,-11.742120552269078,-14.523391379811509,-13.338386962132402,-9.16142491081354,-9.760339105638918,-12.146375651696772,-10.88256613503782,-10.801394230116642,-12.37631734498908,-11.864119083960924,-11.244702635128869,-10.801359596158612,-11.093921004682608,-12.268192383559311,-13.018912274372942,-7.90246762796892,-10.537240296078265,2.058463006671187,-14.523391379811509,-7.121980237528462,7.401411142283046,188,-16.819556216831874,2.480808360415661,-24.841185951062023,-12.694218267556344,12.14696768350568,200
364,P0364,1,Rice,0.6527407,-17.182805707620517,-10.408750996093527,0.6057655061232102,6.77405471152699,79.09481922039141,10.85052573805867,interpreter_1,2026-09-27T13:01:24.367Z,00000000000000000147_0,-16.753831051569886,-17.910158510102733,-17.165602423871736,-15.970560442768797,-17.195152101355575,-21.617939670901805,-18.60516657098744,-16.952174378581773,-15.709573528326343,-19.598120222146765,-22.841944618647133,-22.47466483142383,-22.577579236216163,-21.158782677494,-16.005204954239748,-16.13004153637587,-14.953091634659057,-17.182805707620517,-16.084029718096012,-15.131455828626114,-13.95048776908384,-14.79145777109797,-13.058920855343768,-18.515873800374152,-18.86615973883533,-18.354243457488494,-16.98731766703451,-17.240124845252865,-18.166628425273583,-9.591835738884283,-10.04959873465907,-9.78919418346241,-10.6514048458202,-12.157644505886571,-13.216987229270831,-10.351384938193751,-8.047999823472027,-8.576653829229212,-10.721392657582944,-15.589245952532249,-14.313569464955936,-13.216839616126297,-10.093297168675695,-10.22275071803944,-10.693721281223594,-11.158071784084155,-10.98162807792674,-10.408750996093527,-10.501508617054451,-8.589471390723897,-8.446474696848531,-6.514584166056445,-9.397205804769465,-9.993533583246908,-10.8760923337631,-10.500506711246206,-10.334446679699472,-10.927028433332351,-10.548718067684815,1.8170840371140249,-15.589245952532249,-6.514584166056445,9.074661786475804,140,-17.653417033579167,2.5154697045225665,-22.841944618647133,-13.058920855343768,9.783023763303364,140
368,P0368,1,Rice,0.33760685,-17.991432914074576,-10.062848033858312,0.5593133177283626,7.928584880216263,79.38650219314503,11.084177543458155,interpreter_1,2026-09-27T13:01:35.763Z,0000000000000000014a_0,-15.009652875534876,-18.75150750695842,-18.376517100923152,-18.03966420640369,-20.86002693761327,-18.64844381881411,-20.067067722184923,-19.77282659105551,-16.52332027723585,-18.447132675588016,-20.404728329969508,-19.86847239278343,-20.57630016001144,-19.66389918220134,-17.991432914074576,-19.20397700663608,-15.304751135269989,-16.219436382594733,-13.78694658260866,-12.366166243111024,-17.769622156298187,-16.877619032295684,-14.372995848866994,-18.850571663639965,-16.412598655604615,-15.838982748041566,-17.63566942544601,-16.253451052350712,-17.82089688314144,-8.540106594473544,-9.455780892692031,-9.889610752556692,-12.18450801678256,-14.286874245606164,-12.200512791738978,-12.597240395122586,-11.160310956214538,-10.123892044163338,-9.910733391000797,-10.281255133919537,-10.062848033858312,-9.84214141677634,-9.043789482276534,-11.211685751132364,-11.36333406740312,-8.253157888954908,-9.442625496634648,-10.671570604741902,-9.590713651002003,-11.688668145525751,-9.266180180762529,-7.629814779634442,-9.919431151855864,-8.987451411651586,-9.6775882926121,-11.892157636744829,-11.346542929113223,-10.58201496363524,-10.382846244778843,1.4203152579563405,-14.286874245606164,-7.629814779634442,6.657059465971722,56,-17.645333707146822,2.117655487803924,-20.86002693761327,-12.366166243111024,8.493860694502246,56
372,P0372,1,Rice,0.55215085,-16.334300222798298,-9.911615351207129,0.6067976721386065,6.422684871591169,79.42216530992458,10.949250587783403,interpreter_1,2026-09-27T13:01:54.000Z,0000000000000000014d_0,-12.144116426115076,-14.624346442689538,-14.956826382012704,-13.726086677827649,-15.025004679212678,-14.880321355299692,-15.776298248806054,-15.683833108361576,-20.46678605722919,-23.490919314705025,-20.75769749892112,-21.893878599815643,-17.473121918239197,-17.09196119763209,-16.334300222798298,-18.937106444854304,-13.844442275314703,-15.90576094935459,-15.035915433129572,-12.346336759501655,-19.412043296429047,-13.907105519730433,-15.332322443059388,-19.540380034396264,-18.14624523374868,-22.694321163323696,-20.30679087304612,-18.503490015069328,-18.29454948522151,-5.141815623914391,-6.318816212041606,-7.257341946074786,-8.010731811519925,-8.411426047255224,-9.242533827458937,-9.943851515332373,-8.536437174661224,-15.189460119645451,-13.979575726567056,-9.515524077558736,-9.81183656100812,-9.911615351207129,-11.598522345749798,-11.771531950430036,-12.076164853257282,-9.707642419720804,-12.01107234502724,-7.876378922150936,-6.924830941621005,-12.927469557263914,-9.471606742099722,-9.077381881968485,-10.181329475798812,-11.459296003569955,-14.073196904877893,-10.579855938679302,-10.483273048808858,-11.294116448086204,-10.096021923219142,2.31525486709326,-15.189460119645451,-5.141815623914391,10.04764449573106,116,-17.121803726063614,3.0049182384732416,-23.490919314705025,-12.144116426115076,11.346802888589949,128
378,P0378,1,Rice,0.6681844,-17.44964731596702,-10.671708840209526,0.6115716064040188,6.777938475757495,79.29801813765926,10.88322441440062,interpreter_1,2026-09-27T13:02:35.894Z,00000000000000000152_0,-12.569091060153331,-13.30804105904453,-14.909120576668062,-17.010215422555405,-20.43361141871287,-17.25954734247505,-16.13170134659107,-15.53804239330125,-16.010462771192127,-17.944505342531073,-17.635120809458243,-16.72772185653152,-23.19156609154961,-22.296408802304214,-22.345544688419977,-20.062589019831243,-18.972675344186992,-17.44964731596702,-15.65800205339198,-15.346251446412357,-17.158470431656212,-14.560459132360448,-13.80361600497782,-20.778179453036834,-25.2704435385002,-22.855524410573725,-24.36199113002727,-20.39700074269785,-19.22915003122455,-10.631170263691851,-7.761212743227142,-7.578964113332508,-12.152976052347649,-10.361913861566006,-7.874838963858322,-9.722621557255524,-10.671708840209526,-9.91162644818098,-11.808831991605246,-10.39313071950254,-8.753327399513651,-17.182844187909435,-11.647457585443505,-10.140014501233097,-9.68774333965982,-10.084630851331776,-11.126784436475337,-11.408387323982424,-10.929053380761523,-11.270544336624308,-9.222389061157386,-9.698635477607784,-11.202484051655034,-14.227636782395171,-12.641373780568834,-13.829890638314852,-11.474428567427172,-13.000985761230064,-10.910262310967878,1.9917396657992044,-17.182844187909435,-7.578964113332508,9.603880074576928,164,-18.248782794356305,3.354577089759845,-25.2704435385002,-12.569091060153331,12.701352478346868,308
383,P0383,1,Rice,0.5003025,-16.275124683984185,-9.728117243402178,0.597729199148643,6.547007440582007,79.39216157943498,11.081841923719448,interpreter_1,2026-09-27T13:02:51.068Z,00000000000000000157_0,-12.469363507159448,-14.602874017879518,-16.506896053715135,-19.05605081826753,-20.59108278045881,-21.14672050248287,-19.425967251984,-24.62939833412168,-22.952036640323712,-18.31406417488324,-19.045390975120537,-16.41145174939519,-19.433727875371893,-16.097141198513793,-18.13535175651985,-15.781425601507754,-15.37870469220367,-15.406522943985175,-15.233707051342044,-14.89444342641635,-16.275124683984185,-19.41879253635477,-13.932776707747587,-19.183758034856304,-15.98892026245952,-13.422438844198034,-16.148205472684776,-15.82498095655819,-14.466870521770351,-8.372972762618838,-7.404650546760094,-12.459125648723065,-13.412158145897102,-13.027776001411942,-12.054172521024707,-8.319607480716055,-13.747061527989027,-14.444687593269736,-10.975671333662367,-10.536990491331023,-8.60402337966695,-9.116704879343033,-9.122277266319308,-7.86577772891005,-6.26656209598057,-8.746545523548651,-11.87162979821295,-11.684245796770906,-8.400878555864685,-10.653946170537148,-10.487291876916336,-5.836398533915441,-9.728117243402178,-8.053282708405908,-7.858110829041676,-10.74217585011824,-9.773524879272074,-7.665279373975487,-9.9045395359864,2.220760695798748,-14.444687593269736,-5.836398533915441,8.608289059354295,116,-17.24738584042296,2.816002410938656,-24.62939833412168,-12.469363507159448,12.160034826962232,104
388,P0388,1,Rice,0.5954953,-17.348798885965316,-10.261421505603474,0.5914773450918652,7.087377380361842,79.29029262621583,11.089747098219698,interpreter_1,2026-09-27T13:03:09.030Z,0000000000000000015c_0,-21.06351198036982,-19.71886085641305,-17.367117694458404,-16.676554850056114,-17.2934794888574,-15.331194788628224,-14.957942467269184,-14.767631826370485,-16.08384651093395,-16.607326512051447,-17.885067432243222,-21.273812287398016,-18.95769986582246,-21.17634581178524,-18.62758394468242,-21.6823382632467,-19.1820225557918,-21.495103623177457,-15.495300025875318,-14.67521603454544,-15.525176639370972,-15.407678479283382,-14.26643482100744,-13.140242371170563,-16.014940011979313,-18.26173004943087,-19.92894751420316,-17.348798885965316,-25.74453590836076,-9.389295255970598,-7.740965239423597,-6.398880230528415,-10.742964404918457,-10.530098200261332,-9.51677541556986,-9.108428197233616,-8.55715019541796,-9.28804071108988,-8.354876531755577,-10.317365358499607,-10.682163645773734,-10.304016552220371,-12.03568340764243,-10.693576649253968,-10.098662498911628,-8.128864198924527,-11.67174361607091,-9.01034645778548,-11.455300997994762,-10.619624669105344,-10.765517914980425,-11.866685035719442,-8.668870629747387,-10.261421505603474,-10.332370930605034,-9.191968313645694,-6.54991876364695,-10.414734051084764,-9.748148606185694,1.409095993692509,-12.03568340764243,-6.398880230528415,5.636803177114016,176,-17.791601431060272,2.824353638426649,-25.74453590836076,-13.140242371170563,12.604293537190197,356
390,P0390,1,Rice,0.4512195,-19.792936020899283,-11.729264901530271,0.5925985356162111,8.063671119369012,79.08125465960121,10.94529800053328,interpreter_1,2026-09-27T13:03:20.069Z,0000000000000000015e_0,-19.33506148612979,-19.826805924652525,-21.30587236347958,-24.320301143792065,-22.746959132779164,-23.06836159917953,-19.1076077982804,-21.93026393241213,-23.01115032923265,-15.601402606821315,-19.792936020899283,-18.714009541076177,-19.21970955726657,-25.335588397392137,-25.31452780685621,-20.472794906831773,-20.163287224226806,-19.99313482380044,-19.021677373791405,-17.460674246770566,-17.904808795946852,-15.704959008299152,-15.607061686300977,-17.355262775090946,-21.05690690551652,-22.684118675071296,-17.74736383291831,-17.352304864112543,-16.756420726228146,-13.23159211351954,-13.404292607548,-12.961322896927722,-15.49207343170904,-14.780575329800907,-14.425633431589445,-12.14072859795978,-12.109209102942884,-11.47863177964534,-6.684173348495875,-10.318549775119898,-10.408931242452082,-10.858239620511643,-14.592474884187048,-16.912658844141855,-12.343100244866584,-10.330507759315651,-11.117480688509318,-10.428658793340214,-11.451806402601296,-12.07869369402428,-12.475080881344718,-9.565479779233712,-10.86352058482306,-11.729264901530271,-11.809318839887332,-11.406806520967054,-11.250958324448607,-11.362740619006608,-12.00043120829137,1.962004858695482,-16.912658844141855,-6.684173348495875,10.22848549564598,188,-19.927977016729493,2.7374800175720693,-25.335588397392137,-15.601402606821315,9.73418579057082,176
403,P0403,1,Rice,0.45129013,-18.177170073551743,-9.486825692279924,0.5219088369582623,8.690344381271823,79.15922842626279,11.036566833399824,interpreter_1,2026-09-27T13:04:49.478Z,0000000000000000016a_0,-18.61478387610852,-19.71125452067612,-19.916465686270985,-19.849731330378777,-18.687079096026725,-21.209677932622743,-18.596856300296587,-20.641859498225102,-18.177170073551743,-22.096132754460555,-19.06267951285637,-15.635595557653364,-16.973822272801634,-15.260372452996403,-15.353249802064823,-15.366749036252177,-14.431256618647248,-20.00050692537993,-18.834813550949853,-17.20742780259213,-18.041805437065385,-17.666873652432244,-11.609302889301713,-16.232188075042696,-15.13193520637036,-16.51095789130246,-15.13159003851374,-18.80818200007596,-18.52293582843349,-9.486825692279924,-12.825805817337532,-11.849319288576414,-9.234854228582588,-10.23250190410942,-11.170955085627384,-11.941762351700312,-10.768046981582556,-8.809820623600174,-8.87585928192992,-10.017343171173517,-8.378334041015087,-8.272957444906506,-7.030382706162241,-8.363727852190546,-9.989395762189895,-8.522636351488742,-12.653267065371669,-12.290111461976256,-9.176835334230349,-10.624472950223458,-8.2605149171768,-5.447671655072858,-7.957879393913939,-8.856260251539583,-10.857844969940892,-8.615977134599088,-10.96352740022626,-11.960252955098428,-9.773625657718014,1.747188808879076,-12.825805817337532,-5.447671655072858,7.378134162264674,20,-17.699422607563786,2.301851321281468,-22.096132754460555,-11.609302889301713,10.486829865158844,128
410,P0410,1,Rice,0.4906139,-18.685802785330445,-11.671737434599953,0.6246313079876351,7.014065350730494,79.44336555062979,11.077530010355671,interpreter_1,2026-09-27T13:05:14.419Z,00000000000000000171_0,-18.685802785330445,-18.217049572001603,-16.51334288561868,-16.668619263808402,-16.85979571589822,-20.095185724125507,-20.343863152428533,-23.46481879410992,-23.64189634939063,-22.35220925345017,-30.96316808930933,-23.38821132803188,-22.27079560120888,-18.870794979952727,-17.766635720108763,-17.613995811337148,-19.18030150082373,-17.596894939881054,-17.096811833618,-13.306124097692038,-14.892008371203776,-17.745176173273972,-14.201603488927988,-18.51241787273219,-17.137665443788734,-19.072950305771705,-23.25081256500524,-23.72378691319373,-20.210638891461127,-7.7402247912625,-11.72450406290261,-11.701742024595454,-12.321268107303856,-9.499896981332837,-11.908238507693046,-10.67926068611384,-11.671737434599953,-16.65283450196785,-15.487370247619308,-16.826454892355578,-12.167067908919162,-10.959829604597832,-12.663096136162512,-10.291035609270986,-9.22041492097955,-10.457506782901069,-11.837562390697736,-12.440904321771171,-7.994330524576795,-8.72429058987627,-10.293743915345257,-10.057351978931315,-11.33247227472392,-7.926851827998773,-9.893036352163808,-16.629497263063495,-12.21798311578914,-12.098714500608448,-11.497214560556,2.403454033976879,-16.826454892355578,-7.7402247912625,9.086230101093076,140,-19.43597853184428,3.5658000714793463,-30.96316808930933,-13.306124097692038,17.657043991617293,140
413,P0413,1,Rice,0.4378245,-18.75208858307293,-11.811355163851871,0.629868780297556,6.940733419221058,79.21321717483838,11.00611394526817,interpreter_1,2026-09-27T13:05:23.664Z,00000000000000000173_0,-15.591976218893574,-17.801295966896586,-18.34260251686992,-18.72428244889309,-19.888993217155683,-20.899656770986653,-21.433695497011733,-20.849720716663708,-21.77540375663093,-18.6780054144326,-21.428711411185823,-18.75208858307293,-19.486308272164425,-24.3000058739924,-21.93849993951378,-20.343124655125155,-19.03369800887662,-19.006673520954426,-17.55701469670105,-17.794145675116138,-17.65570683095007,-17.305742628131643,-16.576247204433066,-17.711178852781252,-20.74661496761689,-18.53630492729717,-20.611993829032688,-18.27918850994561,-15.74956918072641,-8.437513353229955,-8.99274277441813,-10.513086323741806,-9.314034252972972,-13.451145786895072,-11.616404501265254,-12.33543345932496,-12.61527595869716,-11.986398025901774,-11.27878810931352,-11.359012606905354,-12.410179633751238,-11.033296747301351,-15.250564158353844,-13.265691496781525,-12.445128402615168,-12.019174523209122,-10.006348576930188,-11.50529026465302,-12.037144871224674,-13.33225507470048,-11.776675397462174,-11.836864418811022,-11.811355163851871,-12.565318891003924,-11.553746341881435,-11.903630083775951,-11.22189248090454,-11.500615464149623,-11.702586453242318,1.354816335704289,-15.250564158353844,-8.437513353229955,6.81305080512389,176,-19.199946554898347,1.95972777432524,-24.3000058739924,-15.591976218893574,8.708029655098827,176
418,P0418,1,Rice,0.41622576,-19.70414772666308,-10.527443062230526,0.5342754839370747,9.17670466443255,79.41506861918003,11.107713403902087,interpreter_1,2026-09-27T13:07:07.073Z,00000000000000000178_0,-13.040909267038089,-16.520946500801532,-16.808126866503216,-14.678113457685496,-20.432796283490056,-21.39552813221746,-18.736696770327004,-21.39637403794172,-22.284701942248088,-14.12003937582017,-24.195295031881905,-19.70414772666308,-19.985008902837645,-21.72189981396864,-23.48820484425281,-23.3898671788163,-18.83632283880289,-20.127134241031985,-20.449116466051347,-19.96455235350304,-17.67325671993048,-19.33725643048315,-16.0828708495657,-15.11350254949874,-16.458083346727634,-13.0722259184296,-23.91893960211113,-18.29643791293276,-21.461583006654763,-8.332392181948233,-8.739982896128009,-10.911475785120368,-7.991479778996631,-10.143689992309843,-8.006011075449203,-6.968961522628381,-9.223718372047,-10.959965621879316,-6.59395020542642,-13.543959649786288,-12.46858081278759,-9.089844634619128,-10.508692136756023,-11.65035095113647,-11.133548292898992,-8.932554986854338,-9.92660273716313,-11.017979211063796,-7.847717693153906,-14.9329104944855,-11.008889089377616,-10.527443062230526,-11.127429557897004,-11.78339905145332,-11.331405533412529,-10.239793870032647,-12.127135794316596,-13.054290252338651,-10.34910880150681,1.9327998178033712,-14.9329104944855,-6.59395020542642,8.338960289059079,260,-19.058273736835048,3.1660631056199326,-24.195295031881905,-13.040909267038089,11.154385764843816,140
421,P0421,1,Rice,0.5597484,-17.844393038644437,-11.649364521162571,0.652830527546345,6.195028517481864,79.25678546611817,10.96371346385773,interpreter_1,2026-09-27T13:07:16.432Z,0000000000000000017a_0,-17.296635899460608,-17.652953650607397,-15.324941402387914,-16.889683774501027,-21.48266430483037,-21.24305164248645,-17.00274399173582,-19.906378208788663,-20.286348175889337,-19.86629392858815,-15.307292580183647,-24.87696808323936,-21.77877469030834,-21.955788595329068,-16.32405464854549,-17.844393038644437,-15.69694913756494,-16.89739264765041,-15.62412642404711,-17.209942257740806,-14.888390259015132,-17.147980391601788,-12.540893562534288,-21.39678324434741,-21.20281627360521,-23.291863817356088,-21.856820431914933,-22.82210677169885,-20.77027247319885,-10.59518095941828,-10.465528644639686,-12.582482247510038,-12.197932162483689,-11.739705375871148,-12.269946243008178,-12.786126181155131,-12.01637276591532,-11.441427388670594,-8.737742710277429,-9.717846236763773,-13.158206183544586,-15.554117629574698,-12.509923851334475,-9.449211895047474,-12.094334286635345,-11.063817462168316,-8.926860738256732,-10.850178284750044,-10.187777027922484,-12.00974966342338,-11.915031331002444,-8.246580350461626,-11.11573076515759,-11.649364521162571,-15.596138810214352,-12.086138929875752,-11.478797336538484,-8.118199002510135,-11.39863617190668,1.7626001675886789,-15.596138810214352,-8.118199002510135,7.477939807704217,320,-18.840872562338,2.9964872565150595,-24.87696808323936,-12.540893562534288,12.33607452070507,152
429,P0429,1,Rice,0.35129833,-18.36507008728353,-10.612832219826004,0.5778813894739564,7.7522378674575325,79.40500748799789,11.065762080133709,interpreter_1,2026-09-27T13:09:27.760Z,00000000000000000181_0,-12.531666698756624,-16.72368620567832,-18.2132030578442,-18.328596166131884,-19.26168297777852,-22.15685414079152,-19.06201886031749,-20.67302890837842,-23.936699442137886,-18.46005673758675,-17.202520493855037,-19.85437978242819,-19.8382786348206,-20.443925089215973,-21.06705951793645,-22.79488649627423,-22.21356551052004,-21.48567847339388,-18.161855880632093,-16.004439573767556,-16.409733196452688,-15.32805386567252,-15.354846188803917,-14.378759654355695,-16.50486438816867,-18.36507008728353,-17.421760423342207,-17.50763530291915,-18.410329753891087,-8.978955237100509,-8.02100636337594,-10.3890426842173,-11.146253194061504,-10.612832219826004,-11.070978254046066,-9.743538788100006,-13.129534363217791,-14.792102465500152,-9.976209677540032,-7.511295833797547,-10.828418795022252,-12.648801181770008,-10.05191297249809,-10.866561254454496,-14.507521671935985,-11.334416035624203,-13.826355508980502,-9.461923869584265,-9.354190544330498,-9.507035041732378,-10.480837221565222,-8.717420929058035,-10.841450012042731,-8.236432579563425,-10.716404115305163,-10.751092092978912,-10.5085251630914,-10.727074314465575,-10.646142151199518,1.747526212175877,-14.792102465500152,-7.511295833797547,7.280806631702605,116,-18.5550046727288,2.6128456033794243,-23.936699442137886,-12.531666698756624,11.405032743381264,116
432,P0432,1,Rice,0.6045627,-17.83952651486588,-10.795296685359189,0.6051335878428916,7.044229829506694,79.29074178385788,10.972786448227335,interpreter_1,2026-09-27T13:09:40.715Z,00000000000000000184_0,-18.221653830292123,-16.88803506296743,-13.870631311308696,-13.758522236736544,-20.050996001809867,-17.839526514865884,-17.302087126691116,-17.783250220562586,-19.76701891265477,-16.59149943480905,-18.305589547941565,-16.91403153040373,-21.381110069524407,-19.174133014695933,-19.111747605550192,-18.96104189946962,-18.91520919159184,-16.652016774772274,-15.559416547114974,-15.260244524824737,-15.270382896506424,-18.4614687583599,-14.500565173595737,-16.398317407829595,-19.02469225851229,-23.47117901380311,-19.02570468775941,-17.915696533429063,-17.75878025054623,-9.28416960705972,-9.19592880328971,-10.488960274313651,-7.335069384041272,-10.52815447270649,-10.803221271083736,-11.404136168264367,-11.094817308762092,-12.670963590482849,-10.589783306135622,-11.124728908468466,-11.094374753717206,-10.802084632030354,-11.987621565713704,-9.622105778637165,-10.83764158623962,-12.948941055878755,-8.951128021285024,-8.335920913445047,-8.160784786548119,-10.407119875664462,-11.246503591418051,-8.073906381398087,-10.735041602213338,-12.832983501934116,-12.40612369008073,-10.795296685359189,-10.659234016840111,-12.16901465505713,-10.571922765105798,1.4383451529660365,-12.948941055878755,-7.335069384041272,5.613871671837483,212,-17.728777528928585,2.125406853524462,-23.47117901380311,-13.758522236736544,9.712656777066565,320
435,P0435,1,Rice,0.55936706,-18.13100584498735,-10.698391191797704,0.5900605450830777,7.432614653189645,79.10245490030644,10.968205040278328,interpreter_1,2026-09-27T13:09:48.705Z,00000000000000000187_0,-16.88638105270021,-19.80319023479374,-20.84060106138527,-21.06019192371994,-19.39314257847288,-25.88211901076664,-16.656664337148907,-19.95642122385077,-19.09417437497582,-22.84258199313108,-24.649918973652703,-26.822086469538387,-23.66714895958043,-20.554751848172373,-18.13100584498735,-17.90075904965002,-18.22218938242803,-17.875130367309296,-16.470604927839023,-15.6363682145834,-15.472144862464676,-15.570808317056146,-14.854372271673835,-13.536679956931104,-21.854027106028447,-14.060957791661515,-13.262922627336112,-12.46605030470892,-13.073933662384988,-11.044619301724484,-11.304085999508898,-11.029808560790638,-10.888292829940616,-12.81879323323732,-12.481425966750288,-7.516994407391573,-10.121112566839711,-10.267334938234493,-16.829083572171697,-14.568997335359406,-15.781860172887631,-9.262356353593692,-7.966780881513019,-10.516796070625285,-11.389713999363604,-12.06501069729486,-14.464212818664704,-14.266002738872128,-10.698391191797704,-11.274561638692203,-7.159385274185086,-8.972187916992674,-6.704747241039486,-9.92160172250075,-9.558295362786469,-8.428104041174675,-7.326213674714746,-6.413432734086899,-10.725524249749473,2.656953657867588,-16.829083572171697,-6.413432734086899,10.415650838084796,128,-18.499907887204557,3.839656399049717,-26.822086469538387,-12.46605030470892,14.356036164829469,152
441,P0441,1,Rice,0.45116836,-17.877047095032175,-11.397667674728371,0.6375587430149833,6.479379420303804,79.25876175974324,10.90577212803202,interpreter_1,2026-09-27T13:10:02.948Z,0000000000000000018a_0,-14.276063682029797,-16.771106199672037,-16.025263119807867,-15.567359283636788,-21.77346933870387,-20.85848003587667,-14.704696794250689,-18.37619872057243,-23.40770490236693,-23.34448855494766,-21.80321203717864,-17.8548887839658,-20.40857217918918,-17.877047095032175,-16.295410716690895,-16.76475125943828,-18.6351181297143,-16.487659619905312,-16.70124976600955,-13.40303714248438,-13.433086315960717,-21.545067587292884,-16.34366541031421,-23.10062521302762,-25.2005002229482,-27.63855748938005,-25.88712603381332,-19.81449678098938,-17.084183405053505,-9.390623788497182,-10.22897732992783,-8.846737692112965,-9.511162989136114,-11.542953098557373,-13.090514801466044,-9.490663957051671,-12.684115973610467,-13.385986191752073,-12.996356495855748,-15.347678150175462,-8.401493440386249,-9.483506477102951,-11.152892182342072,-13.170170429604454,-11.34519705749872,-14.452995118023328,-12.490592527031108,-11.901663344977024,-6.571868249288625,-9.981612635521511,-11.397667674728371,-8.837172094064675,-13.197880685398962,-16.653355532500335,-14.363717700965047,-12.664705003351513,-9.467592630385662,-10.541445307365828,-11.468665467540667,2.2728317486203946,-16.653355532500335,-6.571868249288625,10.081487283211713,308,-19.0132098558708,3.7607541379838594,-27.63855748938005,-13.40303714248438,14.235520346895672,320
446,P0446,1,Rice,0.6877842,-17.83236265295599,-10.828974868850846,0.6072652894963291,7.003387784105144,79.16794208451876,10.925714727339471,interpreter_1,2026-09-27T13:10:22.263Z,0000000000000000018f_0,-13.75896471720357,-15.340673818997152,-22.7057850745186,-21.4106375376211,-20.165440078690366,-19.635071151911777,-16.568383252634348,-15.308857053412144,-15.805597848957031,-14.420258362535629,-11.703785039940907,-17.727408137427798,-24.98636737931292,-23.788955051117856,-24.73187960253229,-22.80984309637127,-26.491757595301483,-18.582911890155845,-19.470192344569163,-16.436352950819618,-16.660752895726958,-17.87747232242108,-16.538117317062323,-17.03100733005855,-15.645260250574328,-17.970953024951545,-21.14898534064254,-17.484362796674176,-17.83236265295599,-10.79931123589897,-10.053714079429357,-15.801148772745687,-10.747303248844432,-13.732248142124767,-9.17358766989377,-8.918050844120485,-9.575439713290969,-10.51530931408182,-11.144116424112642,-8.47991327230513,-11.190192168904044,-17.58130422416092,-14.882127921421016,-17.890686014751513,-13.61790830854268,-15.414018742466151,-9.753988218165231,-10.129031321454942,-10.723469182517077,-10.41445495744378,-8.679777091242824,-10.919687805610518,-10.545363899332544,-10.828974868850846,-13.357143150835425,-13.023503666665022,-13.34182459059817,-12.404385180210667,-11.849585656207632,2.522946800020766,-17.890686014751513,-8.47991327230513,9.410772742446383,188,-18.62201365224477,3.572339946347818,-26.491757595301483,-11.703785039940907,14.787972555360575,212
447,P0447,1,Rice,0.36520076,-18.735442676125253,-10.154138018140904,0.5419748117870956,8.581304657984349,79.40069557463411,11.079416472452325,interpreter_1,2026-09-27T13:10:23.975Z,00000000000000000190_0,-18.735442676125253,-16.48315011769775,-16.63090618112018,-16.822293407863363,-20.2204583782886,-23.219377139397697,-20.45576884327621,-19.62997468528892,-15.379472608513865,-15.46341837392623,-14.79915792820691,-21.80254859828314,-23.21619009306764,-20.664762196131928,-20.99168439198684,-16.566014807679355,-16.227148056144276,-15.769108184050404,-15.509362722898,-13.971168566819305,-16.156332717581925,-17.825857793551602,-13.162101135945443,-19.68888370429477,-24.28189304400558,-21.250934155537777,-26.067981325389223,-19.498526386490468,-19.69117422250296,-10.252989990659504,-8.972068399053178,-11.409803958125986,-11.884152957081277,-13.42675666874856,-14.001193729864791,-10.592131948038537,-10.312726893057825,-5.806106974720782,-6.22377298012912,-6.268100011818223,-15.464963248898592,-13.689155820821451,-10.43262129962556,-8.876719614798626,-10.940999091177794,-9.342889212313704,-9.74650032168736,-8.256179247298792,-9.748759291521436,-10.187556065292044,-10.154138018140904,-8.665383045357371,-9.620554491613785,-17.40756631708052,-9.444788151580155,-15.449823171959466,-9.274849857646622,-10.00388132865982,-10.5467976588542,2.683056356213678,-17.40756631708052,-5.806106974720782,11.601459342359735,308,-18.626934222140196,3.212890945377433,-26.067981325389223,-13.162101135945443,12.90588018944378,332
448,P0448,1,Rice,0.51806587,-15.711483630282531,-9.483043385443937,0.6035740232173991,6.228440244838598,79.44381470827186,11.120469480936586,interpreter_1,2026-09-27T13:10:26.569Z,00000000000000000191_0,-15.072646175384834,-14.674638300810702,-13.153235808446722,-14.803023155594287,-15.1495691532907,-14.043909920202804,-14.630449216852233,-17.1509265680249,-16.371648405986512,-13.886947375323322,-17.745358596606614,-21.13195376202413,-19.113815032199174,-16.511412540767346,-18.683109118163948,-14.003038832584942,-16.250130189337952,-15.711483630282531,-13.702698091826642,-14.907453496629554,-16.215258760593358,-16.872527061918387,-12.189248004316555,-15.4938099574597,-15.892750752619982,-15.79382166255667,-14.620515990060136,-17.541418354941754,-18.1811585336165,-7.053630916554576,-7.54006614394129,-9.464044962505824,-7.866037445099357,-9.108954219448862,-7.862827319286902,-8.851970553303088,-10.15722455857101,-10.463208223580104,-10.966213687697945,-10.329224085599488,-11.117505381616615,-11.188153635250655,-10.16167561337939,-9.043684333761824,-5.813735359063516,-8.70822938582209,-7.975502911904952,-10.745553360726603,-8.347909656509785,-9.691128415366014,-11.806018469277166,-8.767618766213708,-10.154797199173384,-11.39671110741274,-9.03012646605504,-9.745399503589809,-9.557295284576137,-9.483043385443937,-9.393016908645922,1.3814976016511578,-11.806018469277166,-5.813735359063516,5.99228311021365,272,-15.844757118911136,1.9084939618490293,-21.13195376202413,-12.189248004316555,8.942705757707573,152
460,P0460,1,Rice,0.5387017,-15.622698378802324,-9.135510844763797,0.5847588312374592,6.487187534038528,79.09823281847108,11.132506905743789,interpreter_1,2026-09-27T13:11:10.796Z,0000000000000000019c_0,-15.172567898180542,-15.622698378802324,-15.9132612270305,-16.700713497308776,-19.45767907724199,-17.033583454279356,-15.21182281390226,-17.37745428588171,-15.674111868004506,-15.85166393774043,-16.369356428931113,-17.515035318276684,-14.893480323169568,-15.767077342922596,-14.939456422789616,-14.855194121342052,-15.02776159377512,-13.767737514986464,-12.716298549681031,-15.008714635636707,-15.18039124062107,-14.319039259212156,-15.532364909431402,-14.400502361791954,-16.944114775834024,-17.9219880259907,-19.812779861143408,-15.58100548933129,-17.804936774186856,-9.331457422239946,-12.305502557332067,-12.100598299398191,-8.85427443458142,-11.75073654880836,-8.994843771705845,-11.250153054233218,-8.167769131364514,-7.972386150657186,-8.659576304391795,-9.699803618188964,-8.586192300549685,-10.361090622321152,-9.032798243961912,-7.3095895524740975,-8.614871492118962,-7.880567862790087,-8.736038658285416,-10.386398805807112,-8.289858768499943,-10.411818692358574,-9.135510844763797,-8.398871942052704,-8.161383973394752,-11.780756026115675,-12.319309045704292,-13.934936450509236,-11.24363008904849,-12.450210920183752,-9.86623915806349,1.719987651644378,-13.934936450509236,-7.3095895524740975,6.625346898035138,332,-15.943889358187109,1.5489115149294077,-19.812779861143408,-12.716298549681031,7.096481311462377,332
461,P0461,1,Rice,0.41381246,-17.177623710182154,-10.176162344741552,0.5924080371320256,7.001461365440601,79.090147980914,11.118852513425171,interpreter_1,2026-09-27T13:11:12.475Z,0000000000000000019d_0,-19.376447195834547,-20.324308911218665,-21.965121687855422,-19.028225960846594,-23.24842862671194,-21.57636421995264,-19.00034625123765,-23.54569665343287,-23.602005643986423,-22.46762527421557,-16.095932074708035,-17.055113117060365,-16.463231822214915,-15.557569537887677,-12.74259198182868,-15.017406492086888,-14.728025729579205,-15.30306635058517,-15.485632575406214,-17.00736070471512,-17.177623710182154,-15.939317733264362,-14.924597122588096,-17.80317842560145,-18.55302829553505,-17.068584634854734,-20.13995627137205,-16.611718471388226,-17.69937089231711,-9.44659721662869,-13.22658027806944,-11.4492817158586,-7.959199499038902,-11.481238668805712,-9.268242221420332,-11.621663015819424,-11.013445256347978,-11.7218182214779,-14.280153285975477,-10.269402893976702,-9.216814879332947,-8.278290191717655,-8.990573546355181,-7.031915150636784,-9.599235226464865,-8.382601702627067,-10.321940133719709,-10.119292276115392,-11.383901465351196,-10.176162344741552,-12.124627150511245,-7.750611824096731,-9.600758549871085,-11.047398652916822,-12.147211128362445,-12.70508089788636,-8.643406059777517,-9.240496178915883,-10.293032401131711,1.7186376645394257,-14.280153285975477,-7.031915150636784,7.248238135338693,128,-18.120961254085096,2.9003234848096167,-23.602005643986423,-12.74259198182868,10.859413662157744,116
470,P0470,1,Rice,0.33080673,-19.250726126705867,-11.309289110663066,0.5874733782106057,7.941437016042801,79.26190586323766,10.997220623955387,interpreter_1,2026-09-27T13:11:47.538Z,000000000000000001a3_0,-15.30914820594006,-15.610806511011807,-19.516795029392785,-20.30822615802656,-22.893048235598428,-20.91575194859284,-17.58342476696134,-17.99879078373256,-21.44568509295989,-21.6410266717456,-25.56413166864353,-26.81360970010886,-26.535825521341124,-21.697214934563128,-18.658957931906816,-18.93802961085708,-19.137884638445243,-19.250726126705867,-16.835102481157122,-14.359493500275718,-16.09236790905522,-13.042371987516423,-14.299271483858982,-17.05867042526512,-20.171828888690865,-20.966856715691733,-21.17649747932396,-21.59304227903518,-17.08608695057189,-8.070088669730744,-8.723453173725966,-12.09835646136394,-13.521897152791285,-14.077186656885443,-9.721399619014846,-10.203671191962044,-9.458906143349266,-12.14760319472436,-9.8604427124549,-19.07413712521176,-18.866340741762272,-16.2500527521736,-11.368501823316858,-10.281819955760351,-12.944422679026776,-12.71953628758794,-11.463437905647623,-9.801384425948612,-9.693373533454684,-10.845546785723384,-6.681722990749266,-9.104626708742565,-10.88490843005215,-11.823214546349195,-13.035911446719936,-11.309289110663066,-11.539918188493694,-9.766950754993257,-11.563382798909648,2.7745555045203374,-19.07413712521176,-6.681722990749266,12.392414134462491,140,-19.396574952999163,3.43473241141664,-26.81360970010886,-13.042371987516423,13.771237712592436,152
475,P0475,1,Rice,0.55218005,-17.566398348705516,-10.925694743565217,0.6219655575765958,6.640703605140299,79.06203071252106,10.92598422192471,interpreter_1,2026-09-27T13:12:10.088Z,000000000000000001a8_0,-20.20420549380217,-21.446374631639745,-20.75303941955152,-23.51010848455791,-18.3512291611684,-16.506234889208685,-16.206852054983756,-17.8199566006723,-18.363314457850088,-17.553206026246727,-17.566398348705516,-22.2512115899032,-19.197247281568146,-20.333670996515885,-18.56006511084214,-19.34705677404885,-16.623562784757,-15.353329163482716,-15.774387866683746,-16.806441739471182,-16.942671732134997,-16.92576792945683,-12.26411941925039,-19.05601306577548,-14.15981487816663,-15.30722284147123,-14.22875168780591,-16.28084251512954,-18.64255148626048,-15.62465630219764,-14.562750321291972,-12.71941614898944,-12.291939467194272,-11.751866879318314,-10.925694743565217,-11.39974579881861,-11.393104115228578,-12.250844491121171,-11.593075549984174,-10.38158501817044,-14.760214367562805,-11.694330876205456,-10.839165183895132,-8.37597581255764,-9.766062119915452,-9.97905538294429,-9.753292987453865,-10.389288650625724,-7.546134366316281,-11.152613280642402,-9.667539659930975,-9.888958128072964,-11.83516219351684,-10.503263871070727,-10.978034812438636,-9.17709367811893,-10.310050861590376,-9.760036282198463,-11.078308667273683,1.7516562758950127,-15.62465630219764,-7.546134366316281,8.078521935881358,8,-17.80467753210728,2.476971800597385,-23.51010848455791,-12.26411941925039,11.24598906530752,44
478,P0478,1,Rice,0.42695418,-19.09304016563689,-11.990002141364736,0.6279776315007184,7.103038024272152,79.21016290287237,10.98949511251196,interpreter_1,2026-09-27T13:12:26.056Z,000000000000000001ab_0,-16.136944152229923,-16.697211781047713,-15.407049962552614,-17.265925772374413,-19.04539259840124,-22.892602990023697,-21.340717353481704,-26.82196972448141,-25.92536378117537,-21.64641927953249,-22.105838401349253,-22.398821266175656,-21.30086575885506,-26.391115772106883,-21.11537930682826,-19.09304016563689,-21.62012171343292,-22.14254830632324,-18.40901417447709,-18.04768482155693,-18.58008613869874,-17.206525489039606,-15.687337573146785,-15.73642262239947,-15.908652919852738,-19.27396394668027,-21.55887337102442,-18.354685674875377,-18.73877008508555,-9.876890436225992,-7.945774509169659,-9.199471469254055,-9.490745108072986,-12.303656461132768,-11.391209692714444,-10.657225615893054,-14.627427983156734,-14.998826744377205,-11.25304685362719,-11.66684257059342,-13.1276550202135,-13.605000737468664,-18.968197719881257,-13.191363929805162,-12.031516851688217,-11.775169949671657,-11.199427969875217,-10.945155101693144,-12.283857867004697,-13.404092077204336,-11.990002141364736,-10.254625644713183,-11.206507636728752,-12.497707326016352,-12.623396083208574,-12.29196222957116,-11.446036619867408,-12.484363903999023,-12.02541918117905,2.0044360953294222,-18.968197719881257,-7.945774509169659,11.022423210711596,176,-19.89135672078778,3.153753402873525,-26.82196972448141,-15.407049962552614,11.414919761928797,104
483,P0483,1,Rice,0.62205565,-17.677700552732265,-11.287670362028749,0.6385259399749322,6.390030190703516,79.07002571854973,10.952394691277824,interpreter_1,2026-09-27T13:13:16.679Z,000000000000000001b0_0,-14.579733689346655,-16.549484186945676,-18.314073228148622,-19.30588510074661,-19.27933468346199,-18.85915097913572,-17.233799571628847,-19.49715218929755,-21.79873318913961,-13.769429381956693,-16.789004117292052,-17.245261028659954,-19.917930384943933,-18.432683053326976,-17.677700552732265,-18.38115936557418,-17.937686057538894,-18.070859435104087,-17.065933335574524,-16.633271540002198,-16.540887854209096,-18.02026152152442,-14.178149079005063,-15.026410198711115,-18.652081215246483,-19.926087122865667,-17.256215626899255,-17.110989956348487,-16.682089310781496,-9.98038809733419,-10.844456397774064,-12.354430406705138,-13.414405169784672,-12.329131458610869,-13.098663394886946,-10.21232781584063,-12.123249913177002,-13.023577342376818,-10.237040391601065,-9.918426931091336,-12.313937410718868,-11.020894643502192,-12.682442891540507,-10.555444304218518,-11.26549133748031,-11.11539567376968,-10.784701972926738,-11.287670362028749,-11.620832993200654,-10.053989928623906,-12.276059594760138,-6.923553788404733,-9.272504979738466,-13.0369156946776,-13.221725391026837,-10.536129363277416,-11.686272962672508,-11.678634768486765,-11.34029984069784,1.4017149814268108,-13.414405169784672,-6.923553788404733,6.490851381379939,44,-17.611428860556835,1.7660885302886635,-21.79873318913961,-13.769429381956693,8.029303807182922,116
489,P0489,1,Rice,0.4938616,-17.264595818935906,-10.395421786286317,0.6021236694625981,6.869174032649589,79.1623725297572,11.148047760159056,interpreter_1,2026-09-27T13:13:39.626Z,000000000000000001b6_0,-19.17662084016549,-21.30749642203329,-18.38293086559331,-19.19089220653748,-19.178970144217345,-18.592233410670293,-19.0807686281962,-18.78177081414437,-20.133512370214145,-19.022341928556656,-18.510362856920047,-15.274395396515844,-17.26459581893591,-14.426079450381694,-14.03163791727408,-15.471665775614712,-16.939174960759683,-16.302182676349503,-16.443848170436354,-16.57664548354301,-18.017641948532848,-16.361561892161202,-13.866745999825058,-16.450947599938104,-15.653871957251626,-18.235383887224685,-16.76791430772035,-17.589044992665617,-14.819804814463971,-10.916219723776802,-10.980535835665515,-10.93277077863392,-10.058542659888358,-11.648416151095557,-7.2488681321309025,-11.601363632079346,-9.8122409402139,-10.362580022402224,-8.009425005333437,-12.010981343144168,-9.036544606917172,-9.428634002986062,-8.609749219734065,-7.237507900053483,-10.50468399542315,-9.7609105165758,-10.107324717525785,-11.787376618550937,-10.83478069236406,-10.92962770172987,-12.258325166516627,-6.042351394132624,-10.645703372111909,-8.845500780620421,-10.602447633123996,-8.230349164987892,-11.138166136860976,-10.395421786286317,-9.99921895278846,1.5206071794890776,-12.258325166516627,-6.042351394132624,6.215973772384003,272,-17.305208397822163,1.858196145420375,-21.30749642203329,-13.866745999825058,7.440750422208231,20
490,P0490,1,Rice,0.42701766,-17.95604944316853,-11.023265667794044,0.6139026127480341,6.932783775374487,79.23333943720264,10.868581875269472,interpreter_1,2026-09-27T13:13:41.426Z,000000000000000001b7_0,-14.478053391361524,-14.723297678207034,-13.55293080957172,-16.038013256800618,-18.675377994359035,-20.211863521242304,-16.772267889223325,-18.43489174887408,-22.89200388985511,-27.11636602593158,-22.72582777932465,-19.856191488679137,-17.9305177991835,-17.95604944316853,-19.65586153315548,-17.732170241089438,-16.19825191890189,-15.40729888588211,-18.15195726816391,-13.109841044073834,-17.20691369050766,-15.701982704129968,-17.296394987165836,-18.644772164135382,-15.68096490133006,-18.18303235558725,-24.81449815052603,-23.85305881863985,-23.638096343006588,-7.348640640919712,-11.071844986019832,-8.32550174311181,-9.789422289600436,-8.356337645674621,-11.305281525153235,-10.353370111175472,-9.825329361787045,-11.691552325669289,-17.005554674626357,-11.023265667794044,-11.922397446802773,-13.055736560675728,-12.165058909965442,-13.405814247187458,-12.82033818350946,-10.349900073280038,-10.620530136808917,-10.787179790728704,-5.377845043842329,-11.567870751479312,-9.6310390490255,-12.02499184060837,-9.221234057237805,-7.541291601717059,-8.085730342321861,-15.548052548715726,-14.30227797390504,-11.924905833440588,-10.912010184923584,2.4510765204140754,-17.005554674626357,-5.377845043842329,11.627709630784029,128,-18.50478440420957,3.427487059207714,-27.11636602593158,-13.109841044073834,14.006524981857746,128
493,P0493,1,Rice,0.5578022,-18.88776631556032,-10.170093384921536,0.5384487088101627,8.71767293063878,79.17764388958724,11.1265780248686,interpreter_1,2026-09-27T13:13:53.931Z,000000000000000001ba_0,-17.333473010963544,-19.824946605227023,-20.29839142616714,-20.29924368312609,-21.92185840588783,-20.042309861521417,-22.131409948844592,-20.540162705552305,-20.349835716058475,-14.95562651769825,-20.253815373513344,-22.382358511064865,-22.10030498439672,-18.45594559366564,-18.432141485279697,-20.67341098895256,-18.88776631556032,-16.05714431396204,-15.615583462895769,-16.863442064795965,-15.239086998811178,-15.701818833540408,-13.295588824703628,-13.682524763711209,-20.873817602957004,-19.37953647148804,-17.442357789002514,-14.42245077011028,-16.976132032339507,-11.135244896559552,-12.944351927447643,-12.977211971890256,-14.87630470090676,-14.90556277658436,-12.430595078752544,-13.641152545168882,-13.10673797835642,-13.265646884472272,-1.6899846985023517,-9.263814304432511,-10.928160989388594,-8.43058633972501,-8.873889951194318,-7.111943357594475,-11.937395236670412,-7.92042209085542,-8.775743241441964,-10.136189865138434,-9.098913879320293,-10.422053130524809,-11.228635749356286,-8.967602114931838,-10.170093384921536,-11.04904544746502,-7.893285675127677,-8.207686589028313,-7.342274151564194,-8.618855948207479,-10.253427065707918,2.740048803482155,-14.90556277658436,-1.6899846985023517,13.215578078082007,56,-18.428706381441287,2.659091805028176,-22.382358511064865,-13.295588824703628,9.086769686361237,152
1,P0001,2,Vegetation,0.58428663,-16.589543266171237,-9.834747120168077,0.5928280822669011,6.7547961460031605,79.2255240942308,11.082201249833094,interpreter_1,2026-09-27T12:16:37.630Z,00000000000000000000_0,-13.19792089052916,-15.549889997620271,-14.763184094330589,-14.946939043691447,-16.10885503887208,-15.064184033789406,-18.354069019682903,-18.06896363314247,-16.534146549925907,-15.840999999822245,-16.159328359681375,-19.389821137552083,-19.17861125674669,-19.413237817091527,-18.229975234852585,-18.02745064808208,-16.642512129376442,-17.83121613658551,-16.898260683481865,-15.77023666990921,-15.9438995798433,-17.73005257295187,-13.08906016152656,-15.090020694782185,-16.589543266171237,-20.089306582481207,-18.157843285657048,-14.916214320198671,-17.840967496704785,-6.62611586349534,-7.991803772073432,-9.447530524025222,-9.6651260157252,-8.509504103643115,-9.807481258975688,-9.834747120168077,-11.787636417094683,-11.296041805680105,-10.296716169442044,-9.018731888852097,-10.268476184856729,-11.244968550322028,-11.126219090250322,-10.266331948863098,-9.386700377402168,-8.715830275667455,-11.0325821405032,-10.766969313356062,-9.894535882332056,-9.075520937443818,-10.891510613507757,-9.617219218350147,-9.159545476222329,-8.458762088751016,-12.041424263703792,-11.957870850398706,-10.154937698808457,-8.663073497222822,-9.896686667142657,1.246760880027615,-12.041424263703792,-6.62611586349534,5.415308400208453,320,-16.738507252933882,1.775931594516177,-20.089306582481207,-13.08906016152656,7.000246420954648,320
7,P0007,2,Vegetation,0.39990488,-15.903040963973096,-8.632392532552062,0.5428139531368855,7.270648431421034,79.37913600781525,11.043124534973895,interpreter_1,2026-09-27T12:18:29.369Z,00000000000000000004_0,-14.407551143826415,-15.694956255858711,-16.990452921109533,-14.877152097790136,-14.17637324441496,-15.278611806042909,-17.55542346683644,-18.72870042072075,-16.84681899870349,-17.94451138962229,-15.617316129897851,-16.961560426108065,-14.829781444436463,-17.562347469040624,-13.28713710096109,-15.086099753150052,-15.407518883048729,-16.064205501449976,-16.17822441027971,-14.913240928573222,-15.854550617318267,-16.77968964480256,-14.945859130459652,-19.57119623277132,-15.019648217299515,-19.856718202829,-16.111786377047707,-17.857723156420604,-15.903040963973096,-6.861709186250683,-7.47154657365366,-8.751499254113515,-8.632392532552062,-8.238252063301594,-9.60903313149747,-9.313768186080454,-9.756308905337097,-10.594177988315456,-9.034390441959356,-8.313011984802879,-7.466967163680173,-8.77515551416335,-8.886599670286051,-6.846865181545313,-8.612273164362055,-9.625138185798306,-7.23604466770288,-6.826914270538438,-6.981198939389661,-8.430938042055176,-8.153601408153584,-6.256077529767027,-9.961130269510296,-9.082409161549403,-10.483158403770696,-10.18658112591002,-8.852465913840092,-7.812209276806631,-8.519028211610117,1.1607548147431574,-10.594177988315456,-6.256077529767027,4.338100458548429,116,-16.21752401154459,1.5553495116767673,-19.856718202829,-13.28713710096109,6.569581101867911,320
11,P0011,2,Vegetation,0.61056995,-15.701861529502048,-8.25174448689048,0.5255265097954388,7.450117042611566,79.19183727107632,11.077440178827262,interpreter_1,2026-09-27T12:18:54.904Z,00000000000000000007_0,-15.288506412368005,-15.820507354345786,-15.701861529502048,-13.748394809751488,-16.617519830584406,-16.245055347306767,-14.108530575703654,-15.162953306598377,-14.012544293643083,-14.544024782102218,-15.016997115562676,-15.159379686362502,-16.1644738621644,-15.53974584124424,-12.783717033459014,-18.220703213339945,-16.723491045743366,-19.914488273665803,-18.39258495101256,-16.844239019089457,-17.518579017578755,-16.552592604607902,-14.940020023365015,-15.697266305392343,-18.10323676424212,-15.554128963787797,-14.891781807782376,-15.755024818019656,-17.03221371519821,-7.255006189208231,-8.143988269192299,-7.617677774429239,-7.128230720364095,-9.392079595698076,-8.257006612181822,-7.6857793911172445,-9.47245345255522,-7.16807650540467,-6.025598780990146,-8.575192209928963,-8.25174448689048,-7.307092206070895,-7.300021978829801,-4.797663488006104,-10.89058776894775,-7.890605186157958,-12.1589534344273,-11.421751142218648,-10.2907256029861,-9.942771377506393,-7.697215361482458,-7.425666381827989,-8.913995023269942,-8.693144992976645,-8.061602182622071,-8.874960161428234,-8.880901800744724,-10.312261302231231,-8.476991495851541,1.5579385473337846,-12.1589534344273,-4.797663488006104,7.361289946421196,224,-15.932915941500829,1.515784024855988,-19.914488273665803,-12.783717033459014,7.130771240206789,224
13,P0013,2,Vegetation,0.5891157,-16.529900703383728,-10.081412141059332,0.6098894555970099,6.448488562324394,79.12787722284702,11.083548722759271,interpreter_1,2026-09-27T12:19:05.779Z,00000000000000000009_0,-15.937449841699758,-17.462581540541006,-17.666050256376103,-15.85551399723147,-15.938316534925814,-14.056569116344289,-17.25337467435879,-20.66970070368772,-20.94466408967669,-21.953494999015444,-16.890995840461535,-16.529900703383728,-16.138209963858362,-14.436563539970756,-13.490293616563086,-14.884971462044938,-16.163132495789924,-15.0324553583815,-17.852282695392717,-14.23480492485062,-17.28237479805521,-16.485621805241383,-12.367638629413008,-17.242675457238704,-16.82627453581378,-18.033727763518936,-15.669719895345189,-18.3193014851874,-19.091367132146253,-10.186966886567085,-12.12400311818044,-10.030477337794892,-9.859476159752411,-11.109680512501557,-7.368700798197384,-10.470279579435635,-13.038550006456864,-10.081412141059332,-11.161216841047652,-7.478923235614733,-8.664195287477444,-10.39542355838009,-8.704593362399882,-6.842992539044557,-9.993927451689316,-9.372759906985786,-9.316984460414712,-9.259527048409788,-11.999065785708623,-12.332449477636375,-13.505119179321373,-7.08495348800772,-11.232742957057988,-10.736651920718,-9.690060221453546,-8.144729097233668,-11.61492120537234,-11.307489480786952,-10.107181829127798,1.7088558139253829,-13.505119179321373,-6.842992539044557,6.662126640276815,272,-16.714138891603938,2.1356838861732474,-21.953494999015444,-12.367638629413008,9.585856369602435,128
14,P0014,2,Vegetation,0.49174526,-17.9009142020467,-10.024078710015765,0.5599757977092399,7.876835492030937,79.06751043575419,10.990034101682433,interpreter_1,2026-09-27T12:19:16.033Z,0000000000000000000a_0,-19.09015952245357,-24.15085964106092,-24.636634690153087,-19.274040258096704,-20.738418552996745,-20.453776550112583,-18.14775788641473,-18.22883394603156,-22.1034569764692,-21.876507359885984,-19.77409196116244,-16.158664932371238,-16.1033082886006,-14.866828012740775,-15.205323401194368,-15.100768162705972,-14.634229187272458,-14.861020302245354,-17.382061351075965,-18.871777459721685,-17.19586161550926,-15.28019490236754,-11.481938200085429,-13.463599138870377,-13.94800665491224,-17.9009142020467,-15.097469524343222,-18.684770354062408,-18.16972236783965,-11.50795899958019,-15.62279994467298,-14.26795176964592,-11.718023249347144,-9.612168873941648,-12.284095475423884,-10.12681555950264,-9.914461544104636,-11.176135501158864,-12.044842733149643,-10.765592789093937,-6.924748697831673,-8.238000593631762,-8.913234096563759,-7.418797428597514,-10.024078710015765,-9.794932533855937,-8.747900081650572,-10.107358216379696,-9.402730032528051,-9.491326446960567,-10.973599030167517,-6.352492594412681,-8.070148010380247,-8.656589635426755,-11.126412004280832,-7.932010198397032,-10.517156175487322,-12.334951774154304,-10.140252162080811,2.031791233415166,-15.62279994467298,-6.352492594412681,9.2703073502603,20,-17.68555156561389,3.119638739189124,-24.636634690153087,-11.481938200085429,13.15469649006766,32
15,P0015,2,Vegetation,0.739207,-14.670568334723551,-8.217201528837201,0.5601147372994424,6.453366805886352,79.32326079714302,10.896249986020354,interpreter_1,2026-09-27T12:19:21.712Z,0000000000000000000b_0,-14.682530985618168,-14.702764731414762,-15.20304918718957,-16.999592152724187,-13.9418347242658,-14.59264629898476,-14.193080806717312,-14.192142377961964,-14.669885477960582,-13.18407620163705,-16.066080005562785,-14.670568334723551,-16.46644366795763,-14.09837558644857,-13.057820889428395,-13.52254444185384,-15.072562676646749,-14.598306786212309,-13.011232857698609,-12.440208747680012,-14.867090492627495,-13.605140258387404,-14.181100390435276,-15.915781994126467,-17.06204845647053,-15.883393640791372,-14.722117908911036,-15.428401554350696,-14.927357422396948,-5.724102531452769,-6.663229114727351,-8.650581187102171,-6.955947072645997,-8.074850117513456,-9.278737599224357,-7.779875266128601,-9.813755915213806,-8.915760281837747,-8.794876527412601,-9.1986246787523,-9.43870830296597,-9.136624969712262,-7.029119523955857,-5.080229452053824,-8.650610594439451,-9.046023386273768,-8.099037993847334,-5.703585052852996,-7.547261835581268,-8.765496266055614,-7.762194896956763,-5.649080531163668,-8.69083260605594,-9.824380846210683,-8.677967229410763,-8.217201528837201,-7.557530300966704,-6.567046944462841,-7.9756300880625535,1.2987391881826542,-9.824380846210683,-5.080229452053824,4.74415139415686,308,-14.688213070937373,1.1297587755308645,-17.06204845647053,-12.440208747680012,4.621839708790519,308
20,P0020,2,Vegetation,0.72032195,-14.721223456151629,-7.739757508439715,0.5257550455295524,6.981465947711913,79.31796073696671,10.918079047424458,interpreter_1,2026-09-27T12:19:47.322Z,0000000000000000000e_0,-13.401645006747682,-15.649442169005942,-14.895428219352276,-14.091647677046172,-15.39624511201447,-14.522162014726876,-15.943681498955424,-16.680287398479656,-18.03959724556849,-14.88994229092528,-17.54917800913274,-14.472835122850755,-14.560384228946004,-14.342943303709593,-12.724564510028316,-14.154712845837247,-14.721223456151629,-13.05381174278953,-15.520594944691036,-15.393208870780027,-14.625366652807246,-14.241882655958308,-11.444717327835509,-13.456191041164924,-13.194365020801564,-15.3797668588863,-15.85533737715656,-15.029685161019518,-15.574128122660731,-6.830512439524869,-4.116895627958489,-8.920924580433002,-8.599546670921981,-6.785432982999885,-9.451789360870409,-9.26261410138081,-9.463966310883364,-9.497773298518624,-8.538822707574418,-8.409857883113636,-8.707602665730555,-6.833040423402613,-7.742771308403862,-5.506222416687106,-7.096078276303956,-6.394681010425577,-6.834648402551142,-6.892580414695654,-7.107107964809165,-6.236914652635047,-8.071762138011906,-6.772440091906423,-9.24702932705853,-8.326665972304479,-9.40946459145476,-7.255231487349002,-6.928683799870658,-7.739757508439715,-7.688993738490332,1.3108704013197934,-9.497773298518624,-4.116895627958489,5.380877670560134,116,-14.786378478828617,1.3598820653740145,-18.03959724556849,-11.444717327835509,6.594879917732982,116
24,P0024,2,Vegetation,0.25652173,-19.15579850291663,-11.622490376285608,0.6067348419078424,7.533308126631024,79.1653369701948,10.966228746653265,interpreter_1,2026-09-27T12:20:16.638Z,00000000000000000011_0,-19.82284538631108,-19.15579850291663,-21.147814842397736,-20.48218512782908,-22.95245130246903,-18.879399379592687,-18.27747214689712,-18.854387398931387,-20.146000634457767,-21.554901815807952,-19.553101016091382,-18.281630353421463,-19.29526504943051,-17.87349953313711,-14.691017403408503,-16.118293654949664,-15.728601728869233,-17.741943401490218,-17.04752886213911,-13.586510885372276,-18.18356822410743,-21.27379493279112,-16.248894770755197,-19.59913874566848,-21.292725498554525,-20.1147735400205,-21.0667378819042,-20.004514690726783,-17.644300117873662,-11.242873562589148,-12.59638430663648,-13.734170496038178,-14.833594268451163,-15.202232776967795,-11.14660415784016,-11.45656966010375,-14.197314965539096,-12.642959157961515,-11.839231457670042,-11.648758581036596,-11.012259196277078,-10.82690953098126,-10.589748836714968,-10.313665876275294,-10.768854925476854,-9.709353749212884,-12.35497213374174,-10.95072492895354,-10.600056626977985,-12.450466908906554,-13.973086980385714,-10.469086221540154,-13.075543206839852,-12.785667105043732,-10.903064937802402,-13.098084217760238,-10.56609663965615,-11.622490376285608,-11.952097441022962,1.420575246075482,-15.202232776967795,-9.709353749212884,5.492879027754912,56,-18.84893437339041,2.139162374555423,-22.95245130246903,-13.586510885372276,9.365940417096754,56
27,P0027,2,Vegetation,0.34292683,-16.81346696670797,-9.49016701206444,0.5644384368111431,7.323299954643531,79.31589461181323,11.086064005554809,interpreter_1,2026-09-27T12:20:30.072Z,00000000000000000014_0,-18.843759071821125,-19.43603365562592,-19.58836858426225,-16.27969793434397,-18.004857445870897,-16.777349508375213,-15.932844032030305,-17.409108284609587,-20.39883236703943,-14.845805800727568,-17.654799281128565,-18.727226258282,-18.959251204472448,-18.14991082699428,-15.666356059652058,-17.12487903050828,-16.688902870762917,-17.929425426431877,-16.81346696670797,-15.709968736015067,-15.261681828427731,-15.57992131155335,-14.224491491072955,-15.578378257729122,-14.014804024532848,-12.950772384682834,-18.752391744502194,-15.739173031232,-18.257260213750776,-8.898934850205915,-10.364849745899692,-10.290866417830175,-11.037789436138905,-9.132150046347068,-11.18540136750966,-7.95404632659651,-10.906649309270405,-12.575905920366113,-7.960278044474355,-10.934691665065015,-10.56334241433106,-13.79047803476187,-9.49016701206444,-8.64456872493667,-10.18157508862128,-7.706752555129971,-6.918100075050039,-9.518417782939304,-8.734648140298102,-9.01596710609152,-10.155613434774857,-8.148523441918753,-9.10617434954016,-9.11568982216521,-7.779170843403033,-10.714985918543931,-9.828607561974357,-9.460010970796748,-9.659115738173972,1.4755930989186774,-13.79047803476187,-6.918100075050039,6.872377959711831,164,-16.94136957355674,1.80372391564903,-20.39883236703943,-12.950772384682834,7.448059982356595,116
29,P0029,2,Vegetation,0.66352993,-15.913491044707191,-10.043728481688374,0.6311455137952842,5.869762563018819,79.27753654918133,10.98769848194372,interpreter_1,2026-09-27T12:20:42.778Z,00000000000000000015_0,-15.874186163078164,-15.149551678402169,-16.501792462847472,-14.492377439252689,-16.65009226178931,-15.439709399520847,-16.797412150996266,-19.09215401426579,-18.13517746795571,-15.119086001268958,-17.98006783349456,-15.871111645258708,-19.57923422120792,-15.360491255739252,-19.42930617794029,-19.85366641777762,-17.98291902660873,-17.475462576033298,-16.029374990950572,-14.7169221958916,-15.913491044707191,-13.76674219912111,-15.0199632716504,-15.797499041002578,-15.14379144620328,-17.894617274330635,-17.944939746672667,-15.122414524575078,-15.15405166553122,-7.597932560438494,-8.90943498565703,-10.560524771230082,-10.39263446915622,-10.73406558218055,-11.457953213768196,-11.137024983991912,-11.033908833166509,-10.820355116683798,-7.48437313109353,-9.84728381413175,-8.904963215275876,-12.497403682577533,-9.745589616640544,-12.090049587210714,-9.503443764693795,-12.547020910287294,-11.288800425025997,-9.35277888200251,-9.80455333973386,-10.043728481688374,-10.460486082329826,-8.482418524991209,-8.339257367301583,-9.392263293836017,-11.260271201053795,-10.675947552612532,-7.2124235131804015,-9.219502938149915,-10.02746185655482,1.3926805372539544,-12.547020910287294,-7.2124235131804015,5.334597397106893,212,-16.527158813588763,1.6461600889306292,-19.85366641777762,-13.76674219912111,6.086924218656511,200
32,P0032,2,Vegetation,0.3992841,-16.831866344154477,-10.580708027957751,0.6286116947234621,6.251158316196726,79.35595947348497,11.019588674529963,interpreter_1,2026-09-27T12:20:52.939Z,00000000000000000018_0,-14.494850220010704,-16.366330487519143,-15.625207219546615,-17.160404721719086,-16.339712416883216,-15.937204151350704,-18.344695131636485,-20.97383680684027,-17.209850348787864,-16.511911441999118,-15.546262001787332,-16.37252939408007,-18.330449615960365,-17.98413936028631,-18.45050786132061,-16.831866344154477,-18.14526638214972,-18.077191339559583,-17.334525137838746,-14.491870854619746,-17.294443005275667,-17.49659818592223,-16.34192921776251,-17.28081705024829,-16.005153688232628,-15.221377814105566,-16.85416275773359,-16.101531381997866,-15.90609531575826,-9.886368469111002,-9.914191878209015,-10.374696710865642,-11.56923264031334,-12.635187636417424,-8.6733297691994,-10.774037913521347,-12.908468875209373,-12.605416151575216,-13.269194650368048,-10.001296692283711,-9.838712062723747,-9.743131910489131,-8.839601894814166,-11.955407820800756,-12.602553091946358,-10.155890466604742,-10.667531238026523,-11.099119894647682,-10.42184951744689,-11.061171355395649,-13.08681094381063,-10.580708027957751,-10.615369335396158,-9.56807183501518,-8.762473847344587,-11.3658925810811,-9.360418151051483,-9.751656241174349,-10.761647986303464,1.3177126129283545,-13.269194650368048,-8.6733297691994,4.595864881168648,128,-16.86312826396851,1.323179271303983,-20.97383680684027,-14.491870854619746,6.481965952220525,104
33,P0033,2,Vegetation,0.64624506,-15.4525477811085,-9.507182648480656,0.6152501699495571,5.945365132627845,79.27142800524932,11.040429589121535,interpreter_1,2026-09-27T12:20:55.576Z,00000000000000000019_0,-14.043382022225266,-16.311223108337703,-17.836648442556328,-15.97936957291269,-18.4416217684094,-15.691836501957788,-16.36009877994603,-16.081724103961307,-16.643414712957092,-15.440384843894009,-16.346073949565973,-15.00591496394732,-16.085141603311904,-15.316137326736683,-14.431913737650618,-16.022499646929827,-14.19107547490543,-15.288541131634004,-15.804319446357471,-15.4525477811085,-15.461186719718938,-14.71302984544461,-12.559705275765731,-13.401803640237697,-14.559383328897422,-14.971544443359328,-15.13790073774879,-16.24418621283979,-14.920462471244903,-8.547085146263612,-9.265917029428527,-11.615971664485254,-9.193104273635464,-11.054075371958705,-10.162607689925984,-9.735929414062785,-10.593849651878514,-12.29085194854736,-10.033773291172224,-7.291253329859608,-9.187177875346382,-10.911945993979744,-9.69958017077257,-8.158298239558984,-9.447496333401988,-7.221773208637029,-9.393915519688594,-9.778930102151085,-8.83543056635378,-8.792534342885062,-10.535329531207031,-6.685520774985073,-9.595495288115025,-10.021160438860209,-8.133845944629158,-9.89160897990794,-8.179158978828866,-9.507182648480656,-9.440027715483003,1.255097587479541,-12.29085194854736,-6.685520774985073,5.605331173562287,116,-15.473899020502156,1.1742214787655485,-18.4416217684094,-12.559705275765731,5.88191649264367,56
35,P0035,2,Vegetation,0.49778655,-15.840215211979595,-9.187044510325787,0.5799823037364943,6.65317070165381,79.2247156104751,10.85923939631463,interpreter_1,2026-09-27T12:21:03.045Z,0000000000000000001b_0,-14.534348638910386,-13.206580418241156,-16.369712684449716,-14.216699514619528,-18.59859499788725,-19.668829134536583,-15.840215211979595,-18.94311069309856,-17.619447217390235,-22.033356281956443,-22.67117883466637,-16.73442018204278,-15.781503692525362,-15.108032477292763,-15.543700635889415,-16.29894648046804,-14.259767828830467,-16.262542401135143,-13.350528393112825,-13.009832028256731,-16.474035224418905,-14.126890531458882,-12.062575133176283,-17.70753846966578,-21.10644161408985,-17.853073584825353,-14.999277891559686,-13.0428489122037,-13.512481966836258,-8.682109874675909,-7.454948832195555,-9.058509407240525,-8.351836668316555,-9.187044510325787,-10.67562507312816,-11.99377465434166,-11.993795650353082,-9.30218949648714,-11.637921292053498,-11.515931936226613,-6.993855369535038,-9.749896701146572,-10.05441127130728,-8.430360002775535,-10.55322604013898,-10.667488976667212,-12.048406761724262,-6.5022345849699805,-7.930795983779201,-7.70121701417371,-8.199409397788125,-9.252554458879118,-8.581261031196767,-9.439849244076132,-8.765240583811245,-9.21078105235165,-7.816690211763242,-8.011146486453852,-9.30215560578905,1.5261089434466617,-12.048406761724262,-6.5022345849699805,5.546172176754282,224,-16.239190037087038,2.7061382341601616,-22.67117883466637,-12.062575133176283,10.608603701490088,140
36,P0036,2,Vegetation,0.8001438,-14.657490864840083,-8.133899846232431,0.5549312581011917,6.523591018607652,79.2133968378952,10.914395954759568,interpreter_1,2026-09-27T12:21:05.490Z,0000000000000000001c_0,-15.16238232819955,-14.657490864840083,-15.409321144008484,-16.020988802649786,-16.45172832779247,-17.338425002353063,-13.922451533305535,-17.456827939829843,-16.060994833446994,-14.0238032373265,-13.90755106853688,-14.738400412191638,-14.601310155810554,-14.814671877002077,-13.337639192350458,-13.868483984841069,-13.417513296836692,-14.288592051259368,-14.003696477123258,-15.204650021803452,-15.124745351538852,-15.364600158598494,-12.358900632534349,-14.06555594992708,-15.542646599335864,-13.75890128326505,-14.546796321855398,-14.323447554737816,-16.47649957206536,-7.103284244360778,-7.131055801895368,-8.859305873860295,-8.133899846232431,-6.785698479896112,-8.048171164382415,-8.639556095625917,-8.357856448810567,-9.782628015997764,-8.371760914453416,-7.841341767742399,-6.076678411836301,-7.975307617398551,-8.799388963713383,-7.387480417482992,-8.27503024701868,-8.268558954487544,-11.805153438411937,-6.609923649632634,-8.653313599421542,-7.566576463585608,-10.937340093980216,-7.626941655454992,-9.41897078686049,-8.65841294125447,-7.850999915557944,-7.750944554923079,-9.645681887957103,-7.440300874806978,-8.26901941817386,1.200281870336223,-11.805153438411937,-6.076678411836301,5.728475026575636,224,-14.836172964667792,1.169227538144198,-17.456827939829843,-12.358900632534349,5.097927307295494,104
38,P0038,2,Vegetation,0.32968128,-17.776117434644288,-10.816040714768729,0.6084591168198008,6.960076719875561,79.16255219281403,10.867503896928527,interpreter_1,2026-09-27T12:21:14.422Z,0000000000000000001e_0,-15.950818362242208,-18.476615244081515,-16.559580952128915,-17.776117434644288,-20.10502079890308,-17.426374055001478,-16.6463306262333,-22.57421086032977,-22.08342963694522,-19.77309798495671,-19.88555071250365,-18.645166221470472,-18.76297954698063,-15.588675849484453,-15.954926291916054,-17.38357657331635,-13.736585536159115,-16.054073202151613,-16.290480697405222,-15.974535018631729,-17.31563402612891,-19.24103864783788,-15.450144076161749,-19.855881594601147,-19.154228952068426,-18.125903406373137,-19.66648182123818,-18.80283255489132,-17.023023583403255,-10.393950134867527,-11.80372043595346,-11.397861424238355,-10.666606864674558,-11.292645537401354,-10.746383643533417,-7.67845838108041,-11.558681163926927,-13.357231471779896,-12.162119949411432,-11.187602786945412,-10.58930557693298,-9.8607557524584,-9.035406106573443,-9.765124619981938,-10.73551800417064,-9.87290087071768,-10.816040714768729,-11.08873789340013,-9.2480575935069,-10.913208784629964,-10.028056270817183,-8.910537659747256,-12.763869005235795,-11.597972076033964,-12.064316578487782,-12.603309043895214,-12.460065706725825,-10.331774349411877,-10.859662703493392,1.2528521340107122,-13.357231471779896,-7.67845838108041,5.678773090699486,116,-17.94080394028241,1.994661133641373,-22.57421086032977,-13.736585536159115,8.837625324170656,104
39,P0039,2,Vegetation,0.7161685,-14.530191256348315,-8.59679211915876,0.5916503071081585,5.933399137189555,79.31472680194388,10.938111478260325,interpreter_1,2026-09-27T12:21:18.178Z,0000000000000000001f_0,-15.059366660551971,-13.800652564460352,-14.86751029494809,-14.530191256348315,-14.140707626947949,-13.801921253447295,-14.95133423512651,-16.196836391955742,-16.795899824002447,-13.94297006060854,-13.52610662158761,-14.427396705911216,-14.688506118398468,-14.65718779941346,-12.314645029616957,-12.48647946351526,-13.170030441693935,-16.972532083367874,-13.563884356810185,-14.70103601780778,-14.14875121829976,-15.218460819387278,-12.244050109003696,-15.29441870086812,-16.78242088446747,-13.94094102111783,-15.820444935832388,-13.863374503201335,-15.8370839918951,-7.950634053814599,-7.15313148598449,-7.981341846609155,-8.66291462414948,-8.137777463003369,-8.026043705706298,-8.241617032543383,-8.740089900208044,-9.404818454523646,-7.583297430997532,-8.59679211915876,-8.99768658645116,-8.607063793297568,-8.286263446981138,-8.658075111087939,-7.018396306271846,-8.345598394255267,-8.658782636444176,-9.541704359413556,-8.822132267342068,-9.166402259012312,-9.641413716273895,-6.920157630088394,-9.18089083009282,-9.246697960955045,-8.336130028505963,-9.664161233008713,-6.498738169651404,-8.229587130714604,-8.424080688846434,0.806870076487928,-9.664161233008713,-6.498738169651404,3.1654230633573084,332,-14.542935896227345,1.2405074331414567,-16.972532083367874,-12.244050109003696,4.728481974364177,224
40,P0040,2,Vegetation,0.59496224,-17.728452772762573,-10.317545680924969,0.5819766571382087,7.410907091837604,79.36359515339998,11.01707339173443,interpreter_1,2026-09-27T12:21:21.339Z,00000000000000000020_0,-15.369344857658474,-18.05170094896152,-17.728452772762573,-16.556337212317157,-20.088428080394515,-18.941364777325752,-20.13746030620529,-21.13261624129864,-18.15523939987732,-18.079880362080864,-18.893317086159023,-18.392458129640264,-17.346028893105235,-17.731592985395523,-17.081053300098258,-15.119132801217924,-16.249567692628148,-14.734869478188148,-17.317819328328746,-15.340027813218065,-17.496455916528866,-19.062320003721865,-14.693888677763622,-19.176127309811072,-16.257545305994483,-18.00306224861453,-20.58904505320456,-16.32089088396399,-16.981627181385047,-8.932941685468872,-8.219816534377168,-11.308117845172951,-9.902239670253184,-10.502846062095395,-12.051274673625334,-12.475651888575502,-12.178558704223292,-10.451348230608,-9.987302679959877,-9.239362150796556,-9.316487920255105,-10.180725624209057,-10.942136502749564,-11.076204458123469,-10.317545680924969,-10.077869667889363,-11.205871164239646,-9.303805320511096,-10.195932462446574,-11.921447480145648,-12.230653495948154,-9.444689062103889,-10.10129813545931,-9.244041960545708,-9.006230845986334,-11.005265457986852,-11.095809578654537,-10.622224010069155,-10.432334446669126,1.0907081007819397,-12.475651888575502,-8.219816534377168,4.255835354198334,92,-17.62164327751205,1.699317527585702,-21.13261624129864,-14.693888677763622,6.438727563535016,104
41,P0041,2,Vegetation,0.6564626,-15.883779590885707,-8.794567627929789,0.5536823007148886,7.089211962955918,79.21258835413948,11.04932291043432,interpreter_1,2026-09-27T12:21:25.095Z,00000000000000000021_0,-14.298941911347235,-15.883779590885707,-16.66317321356711,-14.230057129039388,-16.15385460943484,-16.525581583189403,-15.689399216052458,-14.41920016966689,-16.773944039302318,-14.417652735917212,-16.51476392411295,-16.476932657018622,-18.45607201494486,-21.340413073595613,-17.842039318667993,-20.64968715408662,-15.36982504443192,-18.11650912104241,-17.848738043995798,-15.318849243255222,-14.921208498053666,-13.29825931827492,-13.81733503406592,-14.209147927663686,-14.421229494785594,-16.931620706035655,-16.193511381869598,-13.594888509823582,-15.568866641164693,-8.91052758839741,-9.209768046804143,-8.794567627929789,-8.040413929195733,-10.314372334135944,-7.599564671952419,-7.5709773334746,-9.36572658797147,-7.396642235346379,-7.860679194293826,-9.349011491617595,-9.790177899690304,-11.283838782291877,-9.711508393165133,-7.861993019716303,-10.14935407542556,-8.417244959861671,-9.699921385642796,-7.710965100030407,-10.690398619215422,-8.01167092478181,-9.170850343411187,-7.680017107936084,-7.527460275790392,-8.310309136436269,-8.161305998150178,-8.87677507764289,-10.80324969087191,-8.51036509572079,-8.854470928513802,1.08547950155524,-11.283838782291877,-7.396642235346379,3.887196546945498,164,-16.067085562251442,1.9205411898829663,-21.340413073595613,-13.29825931827492,8.042153755320694,176
44,P0044,2,Vegetation,0.47020754,-16.328395262334226,-11.058170143529626,0.6772355743395205,5.2702251188046,79.23477674165724,11.06675022694624,interpreter_1,2026-09-27T12:21:32.505Z,00000000000000000024_0,-17.180301838979496,-18.365468158251485,-19.01157788195801,-17.372257074635765,-18.435627195939304,-18.576852129836507,-19.76849349605162,-18.488139447058884,-16.68240019083685,-15.105321382760453,-16.12475336020561,-16.541050538723518,-16.901535991875306,-15.72707087265252,-15.95761902169263,-15.678004391799202,-15.119178287044852,-16.328395262334226,-16.105291144404738,-16.329396409670455,-16.283453645329267,-16.314135410785077,-14.474097288194509,-17.257182955036818,-17.523062559462474,-15.362171220424235,-15.16571630891975,-15.044411262783118,-16.308017508258352,-10.91075260906022,-12.821622189306977,-12.143531727119017,-10.974374863844387,-12.566153102623634,-11.689912310185264,-12.146540877665108,-12.965457927622728,-11.374881693442148,-9.28381317011022,-10.154965866346702,-9.493790806386984,-11.68664367862867,-9.626048024103026,-9.270375265847544,-9.559251526627518,-10.297626400455758,-11.580117080811336,-11.026154325845482,-9.567425360184778,-11.444127544823246,-12.045402634439087,-9.801119526869902,-10.104961876130858,-9.034428266025952,-11.634946137879322,-11.058170143529626,-11.318485635300815,-11.264173810139011,-10.925698426943288,1.1284506907667864,-12.965457927622728,-9.034428266025952,3.931029661596776,104,-16.673482146065687,1.3109781721607734,-19.76849349605162,-14.474097288194509,5.29439620785711,92
46,P0046,2,Vegetation,0.60804015,-15.33664497645786,-9.034901871950415,0.5891054977029996,6.301743104507445,79.32856085731932,10.895710996849882,interpreter_1,2026-09-27T12:21:37.660Z,00000000000000000026_0,-14.661403773189212,-14.95954236880002,-17.304796607388308,-15.33664497645786,-19.009553715148865,-16.921112879579326,-15.57894993338242,-15.400243816411509,-17.85657239542211,-16.821933436865542,-14.785420236888845,-14.352913633165109,-15.530546131520268,-13.072416291071429,-13.217963298990348,-14.2012578333832,-13.176716627868403,-15.519133074551204,-12.577543137855528,-13.769433235742415,-14.710618760124545,-14.129765330586348,-14.489445710992944,-15.378761074024196,-15.490282041960594,-16.16039620275423,-16.66113425099241,-14.621612672997308,-15.552525611855565,-6.801355033311259,-8.485533859527477,-11.846612090304244,-10.188089570716995,-12.27128182267705,-11.832845730485548,-10.213051963058572,-10.935546066512982,-11.669095423687754,-8.098224308508103,-9.599518780293929,-8.625923625377792,-8.872300354335295,-8.713944206669773,-8.549418612694971,-8.272759175777978,-8.183807296569451,-9.634924563092405,-7.551191688786615,-9.286832422261412,-10.168465707854836,-7.755151190245721,-7.658732203606936,-9.878092740161046,-8.947215391980015,-9.034901871950415,-8.005080134756499,-9.803164645389508,-10.71076383134388,-9.365304286618567,1.405108671394246,-12.27128182267705,-6.801355033311259,5.469926789365792,56,-15.215470312412757,1.4530484804258677,-19.009553715148865,-12.577543137855528,6.432010577293337,56
48,P0048,2,Vegetation,0.71826375,-14.504042942713667,-8.619182265109483,0.5942606691908247,5.884860677604186,79.30215038796621,10.940447097999034,interpreter_1,2026-09-27T12:21:44.504Z,00000000000000000028_0,-14.05232183782532,-16.307174049522622,-17.217433416590765,-16.289042710005127,-16.856036722573474,-16.915663898698604,-17.67324251756601,-17.43449209698149,-18.66355282729237,-15.34250722803877,-14.88480903772475,-16.620185109252972,-14.256466835754498,-15.737272843884304,-13.406034705899064,-13.918848659233367,-12.42160331675978,-14.17899259019753,-14.504042942713667,-14.366345544161556,-14.329787341783163,-13.984939672270018,-12.221984145507038,-14.550294257284744,-14.342297749762947,-14.559437875474174,-13.698488796994186,-14.392417319747429,-13.69781209462451,-8.695465321098549,-7.950936441963503,-10.350480909659476,-9.016566156414363,-11.44846140694997,-9.591487006508965,-10.324601536133686,-11.081333193386897,-11.29102005244553,-7.693619573309631,-8.78225456471609,-8.619182265109483,-7.617199190355959,-8.776163095342227,-7.185465286560106,-9.106508598602613,-8.891994633487936,-7.991467145793941,-7.096174109260343,-6.998905718567665,-7.966745628194727,-10.198824613660818,-6.998862916299169,-6.4906488714713495,-8.581324516413972,-7.6459650879003025,-8.674956919903448,-5.259647902392897,-8.10966497584609,-8.566756125439644,1.4477157241300829,-11.44846140694997,-5.259647902392897,6.188813504557074,56,-15.062880280831871,1.5756321335590278,-18.66355282729237,-12.221984145507038,6.441568681785332,116
50,P0050,2,Vegetation,0.6715795,-14.779582681651991,-7.825002326878927,0.5294467709560717,6.954580354773064,79.43474172390225,10.885380371082508,interpreter_1,2026-09-27T12:21:51.044Z,00000000000000000029_0,-15.13533323808887,-12.973718000431864,-15.237679848940164,-12.972246462728634,-15.673159817288662,-15.16679116658177,-13.025795339199854,-15.437454244290985,-14.37804003483365,-13.561102421605725,-17.02187638685002,-14.514350252526569,-13.84439914534144,-14.689258113088115,-16.14498573286896,-14.779582681651991,-14.224985802080187,-15.293675529478532,-14.420975609374016,-16.084250036585253,-15.669319380224673,-13.997871025838986,-13.141136981837631,-14.419701033391949,-15.740525529867702,-14.687104393582558,-16.046707801608573,-14.904185312560518,-15.394583292790204,-8.670944510801315,-6.743924310627605,-6.691307967662674,-7.217354136021685,-8.04374118126372,-7.855888800092375,-5.241130839874736,-8.634958503720767,-6.375360431440869,-8.379590504171247,-9.159405491293722,-6.819982951889081,-7.825002326878927,-8.989280118564732,-7.187103906527921,-5.547785733341528,-9.273333179801805,-9.984808498816545,-7.671415817926247,-6.710308590640379,-9.324710536481524,-9.097454513826406,-7.158696916504617,-7.764732285666066,-8.015169619155259,-8.357503521318373,-7.005649099048583,-7.966656077948767,-6.596769460012238,-7.734826545907576,1.140118585746936,-9.984808498816545,-5.241130839874736,4.743677658941809,224,-14.778648090190972,1.0232277376761163,-17.02187638685002,-12.972246462728634,4.049629924121387,140
51,P0051,2,Vegetation,0.7562214,-16.341216053548052,-11.814291546616854,0.7229750532581509,4.526924506931199,79.3299083302455,11.12253560609006,interpreter_1,2026-09-27T12:21:53.696Z,0000000000000000002a_0,-15.83334413353858,-15.772317884202591,-17.123516486960394,-16.27101143242375,-15.769016574251529,-15.23741533297599,-16.665982668347826,-16.471945630802693,-16.341216053548052,-14.283944341126356,-15.35320762455878,-15.00600718138376,-15.973322099359104,-19.75106290107639,-17.14852281463377,-17.870947656463432,-15.879409480662607,-19.08619622502947,-16.432030489552904,-16.845781579715503,-17.849837917662516,-16.100418589030433,-15.235617375637602,-16.615492165450654,-16.88063542989575,-17.662931086593915,-16.29255365536179,-15.85090149226357,-16.895648388625382,-9.395301769582204,-12.518652082078974,-10.808695316170098,-10.813790285926874,-13.251684837259344,-9.80653137196813,-11.368799374723965,-12.64933236696242,-11.385236684613169,-11.029539092802109,-11.397283772660137,-13.199690622836716,-12.435274818049786,-11.899033058402331,-9.898376269279709,-11.018792471025874,-10.89680794983745,-13.386202470745816,-12.983573173457042,-13.410213841184255,-11.601022111738237,-12.440196829388553,-12.14415008978652,-11.268075163069504,-12.285618887065016,-12.718151112764836,-12.51282486858148,-10.541674033076166,-11.814291546616854,-11.754441940401849,1.083677122042848,-13.410213841184255,-9.395301769582204,4.014912071602051,248,-16.500008092797763,1.1463848062581106,-19.75106290107639,-14.283944341126356,5.467118559950036,176
54,P0054,2,Vegetation,0.39760238,-16.86279268461825,-9.846454174676136,0.5839159834810628,7.016338509942113,79.15886910014915,10.98482387303454,interpreter_1,2026-09-27T12:23:26.511Z,0000000000000000002d_0,-15.983157494503452,-16.86279268461825,-20.73465904289991,-20.025849591405485,-23.086002277695,-18.54742139942169,-15.368295260661764,-16.616539841255737,-17.791965953272804,-15.89002665512588,-18.72581804802858,-19.453123457962405,-19.966021323251105,-18.65279654391752,-17.394275205093592,-17.585372368750463,-15.40832619673746,-16.53585457689333,-12.622816564111174,-14.308790675886598,-15.134289091190553,-13.349450352636666,-15.792405186518469,-17.956673490515143,-19.025305892368834,-17.843865666917644,-16.06776395685021,-13.69932752350519,-15.319672730635515,-6.343870509481468,-10.41707323327766,-12.720933710325085,-11.891747948399727,-10.60899525927814,-11.090066050767556,-9.356126575411428,-10.105111712259172,-8.879786623992768,-8.373052852603388,-10.452458797439563,-11.580173415295697,-11.401634565973254,-9.996753107440876,-8.56114474764319,-10.051639874748584,-9.040992619823692,-10.062256821663428,-8.092223286099351,-8.884557887587697,-9.846454174676136,-7.63291718850888,-8.933346136171547,-9.28729070861074,-7.752853912505636,-10.227010353929437,-10.685433406790052,-8.511550559284213,-9.463345728041585,-9.663820750621722,1.3774789992973342,-12.720933710325085,-6.343870509481468,6.377063200843617,32,-17.094781346642424,2.324938826243318,-23.086002277695,-12.622816564111174,10.463185713583824,56
57,P0057,2,Vegetation,0.81994194,-13.267556358041473,-6.463593139320036,0.4871728421490706,6.803963218721437,79.28166879948829,10.941794570925213,interpreter_1,2026-09-27T12:23:38.356Z,0000000000000000002f_0,-11.62815968343915,-14.023504542845222,-14.808260308467815,-13.54933704434675,-14.008082506565936,-14.156058141965078,-12.870114463693714,-14.26994362322717,-14.738652834876635,-13.931014007529242,-13.530875335323994,-12.412568099513974,-11.59186348454812,-9.428395429654262,-12.40678510332755,-12.107849888678537,-12.416352925265835,-13.129595891200152,-12.71797413994886,-12.244426331460971,-12.850699690424223,-13.87612256700379,-10.553827366714316,-13.267556358041473,-14.860953409828603,-13.126040006997412,-14.50395896532785,-14.513965064933563,-13.742020462114604,-5.55287900740788,-6.7788082277535375,-6.132826634519554,-7.514946397658074,-8.397133805352142,-7.247249650590499,-5.236776562283376,-6.852260210909989,-6.494185255609768,-8.3757950456201,-6.463593139320036,-5.619698533009433,-6.604207998456275,-7.129718888889682,-3.5941277469043644,-5.136776986080696,-5.804641721054866,-6.447375693528743,-5.600287125263142,-4.689226106607915,-6.443681738882868,-4.81104353403391,-6.491575757594581,-4.967244125628546,-6.1202873390533385,-7.639461979943308,-8.806250979191995,-7.737905024962524,-7.22737711781789,-6.410942839101,1.1947364866175023,-8.806250979191995,-3.5941277469043644,5.212123232287631,332,-13.14706750611258,1.2689465133766704,-14.860953409828603,-9.428395429654262,5.432557980174341,308
58,P0058,2,Vegetation,0.8227285,-14.636478234331122,-6.789932569602717,0.46390480420873,7.846545664728405,79.39261073707705,10.90307718217966,interpreter_1,2026-09-27T12:23:42.832Z,00000000000000000030_0,-13.802830294345952,-13.104980910877565,-13.377175546631424,-15.48057859524295,-13.7591977007103,-15.497396963272276,-15.264179700967484,-15.839352667744045,-14.674198287315924,-14.63663116101226,-14.148930797655234,-12.923808227520295,-16.017763996131336,-15.325091651734509,-13.970257506157996,-14.636478234331122,-14.950459089752734,-15.03176264336693,-14.82417288106554,-14.14106822750156,-13.471974516657514,-14.112398625470483,-14.632486165614548,-14.702810597791316,-15.762226646990518,-13.728422782402918,-14.175801914507336,-13.623935603752669,-15.794097457773375,-6.468398748277323,-6.092831249713321,-6.791171020934548,-7.431283715191546,-11.197426874810004,-7.543283708402794,-7.365442375904485,-8.214057020122596,-7.528488030569705,-7.000780677284646,-8.344179784153384,-6.19744737116058,-6.645377368593612,-7.593463774568435,-5.907747356402177,-7.516669627309934,-6.789932569602717,-6.753303572649964,-6.404594198298799,-4.913270817910089,-6.302564055381742,-7.748172833523814,-4.855696708822668,-8.330347782331996,-8.156509399481994,-5.434578491145926,-4.056985137563839,-5.028573662693262,-6.496081458361908,-6.865815841074752,1.3623003149739616,-11.197426874810004,-4.056985137563839,7.1404417372461655,56,-14.531395496355104,0.8551810370093169,-16.017763996131336,-12.923808227520295,3.093955768611041,164
60,P0060,2,Vegetation,0.6689498,-16.24324436423084,-9.967626884363016,0.6136475362220538,6.275617479867824,79.30089274656844,10.979613644386646,interpreter_1,2026-09-27T12:23:48.245Z,00000000000000000032_0,-15.466358862660393,-14.82159521498026,-15.656059389574978,-16.24324436423084,-16.574072207902905,-17.271294976482082,-18.53304217626909,-16.964334922421195,-16.783422448113196,-16.128954258209575,-17.853443176425834,-18.3753049312547,-18.12431352046795,-19.0171754175528,-16.373782592633972,-16.1720485978286,-17.90348175617332,-16.564068981639007,-15.620697366059304,-14.969974665157643,-13.997256906717272,-18.29623627394318,-14.509134822753284,-17.310352152590298,-15.86919504335964,-16.02778980018646,-16.108659884779158,-15.860986235414792,-15.272980302920438,-8.092977445043747,-10.11867936380366,-10.2746212163395,-9.911434633052494,-10.731737738433775,-9.261524511438704,-10.253207447742543,-10.189635721301944,-11.200149238259362,-10.264399567966183,-11.430855390996966,-8.623839543161884,-9.161629251997846,-9.821473501113369,-10.484469588363083,-10.753647410527767,-11.07731605486955,-12.380469525129616,-11.41529582319851,-9.111391461273028,-9.550295926515377,-11.011563971659218,-7.994584177892552,-9.332073590803548,-9.967626884363016,-9.136403501027075,-9.230298944174818,-8.320651433802649,-9.22931633007668,-9.942467903252709,1.0483898041744544,-12.380469525129616,-7.994584177892552,4.385885347237064,224,-16.505836594782835,1.2616749550357975,-19.0171754175528,-13.997256906717272,5.019918510835527,176
61,P0061,2,Vegetation,0.55862427,-17.25034960743745,-9.643320893839276,0.5590217655462228,7.607028713598174,79.30996573093805,11.025248060819916,interpreter_1,2026-09-27T12:23:55.842Z,00000000000000000033_0,-17.771869143328175,-18.80529955295092,-23.41865573456138,-22.40916000988864,-21.10246552869588,-16.77760218546197,-18.010807231927103,-20.869001252676924,-20.811957721425607,-16.23050741877296,-18.39018714566268,-20.12958718884406,-20.93319345720214,-18.25766856343268,-17.89619127346059,-15.967362622817316,-17.615293322591523,-15.640849906436502,-14.352529718453006,-16.501771496603816,-14.333078302141391,-13.76703144891092,-12.391876119538129,-14.116162848224167,-16.750510190112156,-16.051166861664466,-17.25034960743745,-14.360660883912267,-14.606290330418226,-8.846290616860701,-10.04502005446722,-10.941271560527202,-12.463926695583291,-12.21597818831073,-9.643320893839276,-10.137108138575364,-12.564995005378618,-13.847947821422585,-8.90442109905731,-10.596806687541871,-11.841727855326248,-12.187755342022625,-6.9448951635949765,-7.813695497340317,-8.434226483918113,-8.905454597993845,-7.490057886551888,-8.557137197409208,-9.957715606352926,-9.880555639630067,-8.518834870264685,-7.687390143397649,-8.060457190424922,-7.9880257631560925,-9.317658585179087,-11.063533888362716,-6.771741474569216,-9.700559499196537,-9.70098308435363,1.814644853870092,-13.847947821422585,-6.771741474569216,7.076206346853368,116,-17.43169265750183,2.740946179232359,-23.41865573456138,-12.391876119538129,11.026779615023251,32
63,P0063,2,Vegetation,0.7868989,-14.001114055998336,-7.540205349702241,0.5385432415981125,6.460908706296095,79.24762265022015,10.86247333133746,interpreter_1,2026-09-27T12:24:02.337Z,00000000000000000035_0,-11.18968106276537,-14.437385059805427,-14.001114055998336,-13.314286663759896,-15.044362159932074,-14.625586306209076,-14.18968490202916,-13.338850413722255,-16.20689461211214,-14.74805059823007,-14.023630392461577,-13.197854670513047,-14.158655565322643,-14.886269580161066,-11.945626369447966,-13.72469309401962,-12.27181655173773,-12.49149721189034,-14.17077068656167,-10.476504775847122,-13.342675428282478,-15.144906646667431,-12.253081660420612,-14.37624172911434,-15.412418181524805,-13.287855529099204,-13.830607780750302,-15.253795420744227,-13.231169586682096,-5.690565415803608,-5.913122458399118,-8.226228024642955,-7.123426222076281,-7.023936422243217,-8.203129464749015,-7.540205349702241,-9.582761913111629,-9.351997548679153,-7.919482860848019,-7.401202477190514,-8.279778455498457,-6.729900755758848,-7.300904823867036,-7.104780833092892,-7.955842188331758,-7.046323542923156,-6.84194657285262,-8.001130864836277,-7.503614164173507,-8.714676296986886,-7.379212730189759,-5.602239317895117,-9.595724646711345,-8.674558182977403,-8.020981334943853,-9.95405644792966,-8.568786937231232,-6.929978739709364,-7.730361896322583,1.0941479970314691,-9.95405644792966,-5.602239317895117,4.351817130034542,332,-13.743998851579724,1.274839546382189,-16.20689461211214,-10.476504775847122,5.730389836265019,116
66,P0066,2,Vegetation,0.36469254,-16.904610301036904,-9.319735812763438,0.551313259921276,7.584874488273465,79.42000935324269,10.901190720083012,interpreter_1,2026-09-27T12:24:10.536Z,00000000000000000038_0,-14.981518589279046,-15.162142274116306,-17.470294100690325,-17.278263829431005,-15.551984708557567,-17.924026863203963,-18.369945498946453,-18.000927777825204,-17.081428793599372,-18.074979107943246,-19.994488670916954,-17.474503730581784,-17.853715085655146,-14.416506612135072,-15.823723739629452,-16.198029448396753,-16.81105499629195,-17.840274250473875,-16.206811187022833,-15.187390500087174,-16.904610301036904,-15.797140967353018,-16.314313361605507,-16.71935594556074,-16.8422790401776,-16.949769915531327,-19.161817595860008,-17.01186036773265,-16.794878749828747,-9.198578671032855,-8.59268743399282,-6.724900579037855,-10.36434756722419,-11.851821988928728,-9.822152711817486,-8.733519125404591,-11.784411035541073,-9.708487107708276,-9.233272800916613,-10.579973165003093,-7.760225015692787,-11.44010273385003,-9.28331464648298,-9.436052481910435,-9.36887553800521,-9.319735812763438,-9.00972250458756,-9.31631624557895,-10.811569106833383,-11.211240106746192,-8.287370523754138,-7.489022487023412,-10.103454851963916,-8.72391382910374,-9.53247102750488,-8.82692356037757,-9.22843363032255,-9.947915456689373,-9.506579715372348,1.190574511045555,-11.851821988928728,-6.724900579037855,5.1269214098908735,56,-16.903380552050688,1.238712597600602,-19.994488670916954,-14.416506612135072,5.577982058781883,140
67,P0067,2,Vegetation,0.571779,-14.611495632208952,-10.23868064606216,0.700727762837122,4.372814986146794,79.18878299911033,11.024349745535796,interpreter_1,2026-09-27T12:24:14.647Z,00000000000000000039_0,-16.065496056864866,-14.577028778039512,-16.156462252218542,-17.460412791872372,-17.784938341786997,-16.25502586022954,-16.82925391064408,-17.424332384461763,-15.172300930424305,-12.909600258047147,-17.33118618198747,-13.623003626987671,-16.948789350573833,-13.673505312772845,-11.203832944214332,-12.66422989977256,-13.286041580280202,-14.28940733479877,-14.42156131449683,-14.740147921114794,-14.960297167436105,-14.17392213485173,-12.944398457635698,-13.1221085203886,-14.611495632208952,-15.297491551873811,-12.55377410951919,-14.561566189006946,-16.85570178857573,-11.359201099682345,-10.792714032897416,-11.038895763727943,-11.092659914626235,-9.544839340638422,-10.234834766460796,-10.23868064606216,-10.241777592861748,-10.372486353145977,-11.011596238729137,-10.759717167147542,-9.537309352512214,-11.112038657099044,-8.658043277532562,-8.682817504047712,-7.426403036997833,-7.408648665784854,-10.152426827429068,-10.233327413827311,-10.27782462558454,-11.740804817544808,-11.765185164448347,-9.18425363991058,-9.654890662254973,-11.110038560461696,-10.043125160181884,-9.37831143379434,-11.287771777089777,-8.634807744661261,-10.102601077142843,1.1312809892102231,-11.765185164448347,-7.408648665784854,4.356536498663493,272,-14.89301077872708,1.724287504713291,-17.784938341786997,-11.203832944214332,6.581105397572665,56
69,P0069,2,Vegetation,0.27556673,-19.812696183007915,-12.39429132009867,0.6255731782092567,7.418404862909245,79.24295141074273,11.137537471334856,interpreter_1,2026-09-27T12:24:21.235Z,0000000000000000003b_0,-18.77541056046039,-21.667321180352527,-21.101942644178223,-20.140116259163,-21.11124301104941,-19.642426651072544,-20.029799371401257,-21.784853913747217,-21.34372880841385,-20.57172411022353,-19.247033272045385,-18.53685762098156,-18.213527402192383,-17.746890484783073,-16.234548137478246,-17.562631286096394,-16.15713369081822,-20.034662251184034,-19.33344523344594,-18.72803253447067,-17.781666139775904,-18.938480022407656,-19.807350323788068,-21.8103438167293,-21.47044266226988,-20.284632902383525,-22.40237589533286,-21.50508148128793,-19.812696183007915,-11.474174577558545,-13.282255765630024,-14.1150639521277,-13.9141126894887,-14.020256188173708,-12.61864352853711,-14.209813653503812,-13.54549113367357,-14.071256487359062,-11.623222439663143,-12.698901290022542,-11.68243883956616,-11.624281023102252,-9.701688884966762,-9.19012448903782,-9.901288126748062,-9.76523405607455,-12.084778548577974,-12.39429132009867,-12.355009698214085,-12.726156913889014,-12.07927782332602,-11.232262916540831,-12.658557474369534,-13.702476847708114,-12.286458853815327,-12.753526415497769,-13.652865378298134,-11.428333859247475,-12.303180799131605,1.3811504262976135,-14.209813653503812,-9.19012448903782,5.019689164465991,92,-19.716427512087616,1.6344006857749025,-22.40237589533286,-16.15713369081822,6.245242204514639,332
72,P0072,2,Vegetation,0.67812115,-15.389344782356506,-9.219638655454323,0.5990923451155897,6.169706126902183,79.27870435905069,11.131339095874432,interpreter_1,2026-09-27T12:24:27.912Z,0000000000000000003e_0,-13.191980986947629,-18.70500525291092,-17.514936720575342,-14.768510181177978,-17.188812335139147,-16.00269910943326,-15.368241242103093,-15.11334158981187,-15.58969423615926,-15.742735507072805,-15.974004544850873,-15.389344782356506,-16.246801637457043,-17.685886312879585,-15.12601130204626,-16.99123375036912,-15.094841619628893,-14.310786073682156,-16.21851309338195,-15.63794534700422,-13.175285935771228,-15.245721362019353,-11.6709210822472,-16.01474353928817,-12.970738870297636,-15.917130919599725,-13.6036180158237,-14.745220497186896,-15.255946590684111,-7.80323120472564,-10.64752766047268,-7.927133692778447,-10.35846018651637,-9.166156033378533,-8.560564447975496,-10.962720787811556,-10.34706119597203,-10.153005305401164,-8.186256071011114,-9.202764408243016,-9.877942984528003,-9.419649040656422,-10.44347326102698,-8.106466366653606,-8.888047724705574,-9.338812760194203,-8.583624614110212,-9.776717474654063,-7.839405708613862,-9.248385253228207,-9.348820979697724,-8.1027583268665,-8.953951510066032,-9.901786965146314,-9.219638655454323,-9.595910088159666,-7.86003547791756,-8.564752335771985,-9.185691742128874,0.9066669773272478,-10.962720787811556,-7.80323120472564,3.1594895830859158,92,-15.39519491165193,1.4908529883212698,-18.70500525291092,-11.6709210822472,7.03408417066372,20
74,P0074,2,Vegetation,0.56107664,-15.895351750736555,-8.863204819391541,0.5575972748750804,7.032146931345015,79.25831260210117,10.94943025084023,interpreter_1,2026-09-27T12:24:35.143Z,00000000000000000040_0,-14.159275232234606,-13.780887911151009,-14.54615799675583,-13.60877234749218,-16.385228299263808,-14.779877874717789,-15.01053695475941,-16.105750124265924,-13.756539509173065,-14.198753929354748,-15.9993152586704,-20.81458531724512,-19.792724311664497,-18.28434221770214,-16.04817812431621,-17.373388890715027,-15.885611675593768,-17.720349654601833,-14.52933041763882,-13.7487177425467,-16.127801251116463,-19.732865538709376,-14.266054154392872,-18.296598301849187,-17.89537256327842,-15.762166889798037,-18.170112218223647,-13.396978181084735,-15.895351750736555,-7.077245259588385,-7.879980770618506,-6.836984482280162,-6.630740468043569,-7.705435255408666,-6.809056157292473,-8.160712330375354,-8.195534474450923,-6.891496182355378,-8.7468277489324,-9.645278409603804,-9.777631349614245,-10.36599825357236,-10.38451231625275,-9.225157993251903,-9.02296065651264,-9.963185426171831,-8.863204819391541,-9.24149708588272,-8.706613746973899,-12.782079440970689,-12.528330835490234,-8.775271686504391,-10.92649050256157,-11.19506495289453,-9.618849338060254,-11.153970405017828,-7.675236510550803,-8.293491144713593,-9.071684069080598,1.6187281001767613,-12.782079440970689,-6.630740468043569,6.15133897292712,260,-16.071435332381114,2.027002674578007,-20.81458531724512,-13.396978181084735,7.417607136160383,152
80,P0080,2,Vegetation,0.4732965,-17.353438088734478,-11.031532813369596,0.6356972466759228,6.321905275364882,79.35748660946797,11.068097699872418,interpreter_1,2026-09-27T12:24:50.169Z,00000000000000000045_0,-16.664914741322228,-18.54300349554397,-18.565234887874112,-18.93050622325379,-20.61158777857296,-19.59470463920219,-18.19044294636212,-21.096208601268582,-18.411857290669285,-18.59468251662318,-15.086805626807948,-18.42162067830112,-18.871560671265584,-16.464155598311322,-18.298304747596703,-17.353438088734478,-15.517905714362572,-15.631530490104364,-16.179814462672283,-15.51934756670226,-15.754354928063304,-14.604789699228922,-13.269720848101006,-16.632532366653663,-15.346530432792209,-17.591025776154485,-18.469135617572647,-16.66526268026712,-15.283976152950665,-11.031532813369596,-12.535053851846012,-12.173094884170208,-12.395519927284251,-14.29982837456478,-12.633775990541931,-12.314989370501678,-12.176533167700835,-11.571535310508846,-11.558643175221174,-8.61445847748654,-11.219159456969802,-9.927291272739255,-10.926256605572704,-9.517802111959895,-11.248391129435372,-7.22101960474415,-7.293382758584627,-9.678344823752882,-10.03613066075414,-11.404885096669094,-10.170068820564634,-7.890731406838055,-11.745224714084852,-9.36523283116172,-10.829824389505786,-10.945538859745207,-11.295203716783115,-9.399550812752524,-10.738586359165993,1.6325060248845185,-14.29982837456478,-7.22101960474415,7.078808769820631,56,-17.24706742301156,1.8313493005856625,-21.096208601268582,-13.269720848101006,7.826487753167576,104
81,P0081,2,Vegetation,0.59696585,-16.04167678810193,-9.243525145795374,0.5762193857846127,6.798151642306557,79.4164160921062,10.8823260991165,interpreter_1,2026-09-27T12:24:53.333Z,00000000000000000046_0,-15.0947846225967,-15.150884472845156,-16.290866008805487,-14.70891466797787,-16.125683116496695,-15.70467467486553,-16.844230413896966,-17.8738074059815,-18.75894264895259,-16.63294627332635,-17.673835269056795,-13.980637628489704,-16.439994344764642,-15.46440239603045,-16.146755528208672,-18.57627100993082,-13.760222438263678,-13.499735378015208,-13.814427638063613,-15.774727252096376,-15.900098909374314,-14.04355031865638,-14.440926833930606,-16.406428265712456,-17.794936271017736,-15.943947902455054,-16.86026601520808,-16.04167678810193,-16.728413427963865,-7.891000583696037,-8.423918405087274,-9.03660836968846,-9.995097312616036,-10.635519024067888,-9.243525145795374,-10.397330750378494,-10.805553090600458,-12.296955008429912,-11.571459108223308,-10.737142686334613,-8.276244552622149,-9.4491283810903,-7.26251542687801,-6.511475434671813,-10.14058230418656,-7.670046368198319,-9.19091322248842,-8.953128629231106,-8.679301040235233,-8.668763937178808,-8.293855073774047,-9.14656129553339,-9.327893350293683,-9.793451261720069,-10.168585458258113,-9.65478905204914,-10.23825163867717,-7.376842000940567,-9.304704755618785,1.2970134732566023,-12.296955008429912,-6.511475434671813,5.785479573758098,116,-15.94748234210639,1.3969945090298157,-18.75894264895259,-13.499735378015208,5.259207270937383,116
82,P0082,2,Vegetation,0.7661465,-15.143572776730574,-8.442885769795438,0.5575227123924594,6.700687006935135,79.06499515295866,10.91906719423699,interpreter_1,2026-09-27T12:24:55.579Z,00000000000000000047_0,-12.637304035802796,-14.284408584652756,-14.121187171057128,-16.161445590947817,-14.653992479302682,-14.256038330575514,-18.912898461917425,-17.38033866054572,-16.818895691916236,-14.70603822682662,-16.852757520627478,-15.143572776730574,-14.958318951089897,-15.821334947947092,-14.608430514423809,-15.334092655793594,-12.82089200965763,-13.788066132625747,-14.365219067792188,-15.96830564056296,-15.171515294017237,-15.489684121742089,-13.79212648664679,-16.44316835948051,-16.27721229268454,-15.322041643563477,-12.669846916000688,-14.78786834921477,-15.170053781673165,-7.230751762167983,-6.895130234017591,-8.930463665568793,-6.619437462952118,-9.223412862397517,-7.542153229138324,-9.560731057638222,-12.175251501587349,-10.825146450977668,-8.839047566600652,-10.074311978127074,-9.171514192516527,-7.882715914094026,-8.94991387038268,-7.820339643258272,-8.081177862531657,-7.374477514832797,-7.780561169274666,-7.558777296716338,-7.596752416680714,-8.442885769795438,-10.402038149762882,-8.293702158689216,-8.770314672227183,-9.00428795999608,-5.863499615566305,-8.133322123264655,-8.928526562604054,-8.699005934219269,-8.505850020606415,1.292394500721108,-12.175251501587349,-5.863499615566305,6.311751886021044,104,-15.128174299855823,1.386957616630201,-18.912898461917425,-12.637304035802796,6.27559442611463,92
83,P0083,2,Vegetation,0.57720536,-17.19341548949958,-10.091034463866617,0.5869127323788252,7.102381025632964,79.1983949726504,11.016444571035546,interpreter_1,2026-09-27T12:24:59.489Z,00000000000000000048_0,-19.507741924257445,-18.634711100932307,-19.198741650865404,-18.23327729836925,-17.45992057811997,-17.29501054316164,-19.2254659944968,-18.04190129161207,-17.509834150895614,-17.969760719745302,-16.885428909775232,-17.19341548949958,-17.94578096128586,-18.52568718119161,-13.07533561730673,-14.858783681330356,-15.295384603118308,-15.637701215415811,-14.95038827645223,-14.522981552782245,-15.957895849622917,-13.50733174825078,-14.56669358850758,-15.73004505725656,-15.57791156198128,-14.63694644224176,-15.353489000670056,-17.372344976404925,-17.225260755670632,-10.091034463866617,-11.87991619182319,-12.63218239409236,-11.563858147339843,-12.314001910353744,-10.821531343124448,-10.650748885535297,-11.579979739469762,-11.488973453676488,-8.107377025024105,-10.208747593486525,-12.152052895177828,-10.995550729061122,-10.358110893931036,-8.796314915432298,-9.217625500054874,-10.556237183845274,-7.947124419998143,-9.038395922619182,-9.347959880953384,-9.741520329893673,-9.327983435116485,-8.039635052559314,-7.842771439478088,-8.655085200745246,-8.137262438816894,-8.724132356018998,-9.866925896293218,-11.57801693128978,-10.0572778127268,1.435123336201214,-12.63218239409236,-7.842771439478088,4.789410954614273,32,-16.61707488693863,1.7447974570659377,-19.507741924257445,-13.07533561730673,6.432406306950716,8
84,P0084,2,Vegetation,0.70542634,-14.76142051362392,-8.958562628117567,0.6068902799598007,5.802857885506354,79.43114846276578,10.945118337476456,interpreter_1,2026-09-27T12:25:02.291Z,00000000000000000049_0,-13.071593809826002,-19.135023819814403,-17.1072819183027,-16.97342373178095,-19.73981304236918,-17.146266729656578,-19.678401989572485,-17.18032127930018,-18.405316925447696,-15.948537821589056,-15.825053957453369,-14.714724534315827,-14.93352463803484,-14.695076540941,-14.05807668274377,-14.643644279639943,-11.847260634175868,-11.358693603731847,-12.27637055739125,-12.959490312836008,-14.76142051362392,-12.40248870129009,-13.40222539271833,-15.240439448942992,-14.759398193798408,-14.479460481407235,-15.896528620165146,-15.090940096136734,-14.374829138595764,-9.778043009664934,-9.98909235442742,-10.943455147629832,-12.566872359054976,-13.540037708469,-11.144033889139294,-11.174648875352764,-10.187230723349938,-11.012795191578356,-8.874913212471478,-11.390515708949705,-11.202994959450333,-9.338766632527603,-8.11091349532414,-7.5947542353122675,-7.621272953487041,-7.115056929696348,-7.855745418711061,-8.577776836165446,-8.358441325224302,-9.016999113297237,-7.750960363163294,-7.375196697285845,-8.958562628117567,-11.26982341995938,-8.205823776303472,-8.9014477040718,-7.804740119940821,-8.842549592564065,-9.465636702782406,1.6552822420641295,-13.540037708469,-7.115056929696348,6.424980778772652,56,-15.24502163433109,2.2067407731360884,-19.73981304236918,-11.358693603731847,8.381119438637334,56
86,P0086,2,Vegetation,0.6423702,-17.452748792530613,-11.212045892576674,0.6424229229366539,6.24070289995394,79.42441109813487,10.926792705680418,interpreter_1,2026-09-27T12:25:08.699Z,0000000000000000004b_0,-17.238774069202826,-20.09203652214772,-19.530995209438004,-19.02928999639144,-21.06521276200606,-18.562895582922803,-20.79260441680876,-20.04687603474748,-22.5004193489942,-18.73865421950806,-19.772330295015053,-19.18444618562814,-17.452748792530613,-14.61560564768934,-16.019652525465176,-19.576633221881018,-14.993858019934386,-14.488904902108386,-15.038818659213204,-14.956654663078965,-15.8103465041222,-14.310496221465002,-14.249729026713492,-17.64870169484569,-17.85935054668846,-16.59201721799147,-15.361302105762713,-16.701752033940114,-16.83004020478665,-11.90569406108715,-13.169329898531885,-14.228998864644586,-15.030037521073965,-14.606308554220046,-14.649042746489949,-14.67287756526175,-14.43144557506118,-14.539051505670695,-13.482620180597344,-10.221053480342627,-10.81036827833776,-10.05882931154729,-8.304966738088137,-7.038646862920382,-11.298125955608032,-6.706277789382166,-9.359789292188212,-9.703791067508927,-11.417666727349287,-9.74730406154574,-9.541511027621286,-9.72251015420628,-12.51002939281456,-11.212045892576675,-12.37095772352468,-9.90259592002782,-11.1278230535121,-10.29987628984313,-11.45067501695116,2.31468817755519,-15.030037521073965,-6.706277789382166,8.323759731691798,44,-17.553832642449223,2.28790876138591,-22.5004193489942,-14.249729026713492,8.250690322280708,116
88,P0088,2,Vegetation,0.6625785,-17.3759805437816,-10.580752412188414,0.6089298031572085,6.795228131593188,79.44695881176628,10.980511959670764,interpreter_1,2026-09-27T12:25:16.158Z,0000000000000000004c_0,-14.41487249972292,-14.628226301425313,-16.13363809577656,-17.297767714987934,-17.44587320554377,-16.985050032377764,-15.738360036177497,-19.76595296955335,-20.09517208092469,-18.42831888173276,-19.105331005209504,-18.223255580240963,-18.511766639256383,-17.132438770048925,-15.88513460684858,-18.351365852552465,-17.3759805437816,-14.907311263419825,-15.088814797992836,-11.999077578304956,-16.6433676559718,-14.687050123933908,-15.463263831268442,-19.6967455005292,-22.10698476136445,-23.46998643733216,-24.680284407746647,-18.125374605557194,-18.994904165380813,-10.817319274733496,-9.976086427233644,-12.022951851297105,-9.484033691795938,-9.087087454986754,-10.580752412188414,-8.91797265662585,-11.66210930671462,-13.706963892822015,-11.64632337478772,-12.392557820087596,-8.799737476803395,-11.120428949476011,-9.94199641160558,-11.28077056198067,-10.150428889370854,-9.87637054758236,-13.004490437992926,-9.702792879844708,-5.567896216122211,-11.858858181702924,-9.455810295662824,-8.983647789802538,-10.74525371410558,-10.678727615384489,-10.331831628827072,-11.46116827198593,-9.428474858083495,-11.861963484332769,-10.501545047377222,1.5535091254695366,-13.706963892822015,-5.567896216122211,8.139067676699804,116,-17.633850687757352,2.718562590402073,-24.680284407746647,-11.999077578304956,12.681206829441692,332
89,P0089,2,Vegetation,0.42112613,-17.350902045288844,-10.44532100931358,0.6020044941784289,6.905581035975265,79.34940177191089,11.117505040498992,interpreter_1,2026-09-27T12:25:20.802Z,0000000000000000004d_0,-19.73386404367109,-15.913114756175483,-19.44884728149028,-15.757652721584291,-16.91682076292089,-16.1812885833032,-15.943700572648549,-17.034499986805393,-21.11971242421483,-17.810242478870105,-17.191634657341872,-16.26957542131114,-15.742102409517386,-20.369971006909307,-18.77861700111306,-22.68736952472195,-18.140717842188987,-19.69578075829008,-19.611913418516703,-17.350902045288844,-17.27710856337218,-19.300304829590537,-12.921263172638731,-15.187263101240578,-15.148213469690894,-14.419072165507306,-18.432693485024657,-18.2850378892812,-19.4993949419403,-11.548931292623305,-9.059315762345134,-10.258809518889528,-10.412500024915891,-11.582126951247734,-10.836715600518437,-9.60729731813079,-10.766880517079349,-10.82954315587754,-10.236201192771668,-11.074299111006852,-10.44532100931358,-9.30784544340279,-11.395392880672423,-13.003945008463258,-15.506135152894776,-12.610019094661862,-10.48689695737811,-10.846466005954076,-10.311042796281292,-8.706242840380497,-12.804578816883668,-9.963948458559372,-9.037785816413905,-9.558583271355172,-7.13923161724207,-11.192111162382304,-9.746058373939778,-9.303310560403729,-10.606121921103066,1.5464684745717998,-15.506135152894776,-7.13923161724207,8.366903535652707,200,-17.660988941902406,2.140030027736332,-22.68736952472195,-12.921263172638731,9.76610635208322,200
94,P0094,2,Vegetation,0.5978359,-14.461750184204796,-9.451836419541802,0.6535748646706089,5.009913764662993,79.15500634442743,11.074026580747606,interpreter_1,2026-09-27T12:25:39.459Z,00000000000000000052_0,-13.719776968791336,-14.824370886298071,-16.029986205735554,-14.410657683241109,-15.177688176450864,-13.879385398901311,-17.11199203159789,-11.865793915330505,-15.00747472676423,-12.629423461462236,-16.484607036999897,-13.439688808546943,-13.281782813812576,-13.78193014765726,-14.662541126633815,-13.4831811832231,-14.234540259641562,-14.074001672161248,-14.0306395965016,-14.616924054128036,-14.156540932785322,-15.421873101810124,-11.69503069174689,-14.461750184204796,-16.059483925963256,-15.974660203246003,-15.644609155319582,-14.485331071077647,-14.729948873164656,-8.150508092634988,-9.883351303209478,-10.57932864425049,-8.721376248970728,-9.303315245889678,-8.297513096401497,-8.831541630178423,-9.421045795814324,-10.19591181356768,-9.451836419541802,-11.437596103182752,-9.417462363350106,-10.522005919763968,-9.20724128397354,-7.896140442163194,-9.0375799605609,-8.56225631465917,-8.003542904559144,-10.169220594244932,-10.77821128987077,-9.725034574593444,-11.36820074510296,-7.616623837603671,-9.586966035479016,-9.990937336473849,-9.522800951310176,-7.834246837802507,-9.59656907374286,-12.209622613444164,-9.493723705942765,1.1219371982997814,-12.209622613444164,-7.616623837603671,4.592998775840494,356,-14.461228079075775,1.242877440893105,-17.11199203159789,-11.69503069174689,5.416961339851,92
96,P0096,2,Vegetation,0.46602607,-16.906490293776685,-9.706066632399327,0.5741029902564787,7.200423661377357,79.3824597743665,10.8868176755371,interpreter_1,2026-09-27T12:25:46.111Z,00000000000000000053_0,-15.208903906884746,-17.3429820535523,-17.44477444445486,-17.652513567524807,-18.38179882801427,-17.69664320893898,-14.470520218267636,-18.162668117673373,-18.688902449780663,-15.910799657666551,-18.27074954861397,-18.84016539811768,-20.524405989166823,-15.186388770586628,-15.856262298108694,-16.02727870763051,-16.011639610287325,-16.906490293776685,-15.579540100838605,-12.996069447055238,-14.732320208014688,-14.883108929311398,-13.349003959177429,-15.543238231372673,-17.916507568540318,-16.592680867883868,-17.623374355740104,-18.358656572033592,-17.590286301822342,-9.706066632399326,-9.383511528776502,-11.132096748206225,-11.126080700680998,-11.719762861023854,-9.373732662808916,-9.798948705120926,-11.146035804553382,-10.321295507541134,-7.9649128498661,-8.65808888986337,-10.60506311866433,-10.2346827781051,-8.732491904358277,-10.318557087336815,-10.303925282384704,-11.751203852015411,-9.528369230779482,-8.237541688234128,-7.582103455419519,-8.91500610300986,-9.01861985952038,-8.168516998818953,-8.721241261540131,-9.559041041432954,-10.473106008741516,-10.918807331685212,-10.618844386521577,-9.496991090091454,-9.776367081706915,1.1111743464849424,-11.751203852015411,-7.582103455419519,4.169100396595892,212,-16.68098874520127,1.720531241016486,-20.524405989166823,-12.996069447055238,7.528336542111585,164
99,P0099,2,Vegetation,0.8208955,-13.820835137680636,-7.694990768248021,0.5567674233569773,6.125844369432614,79.17414045997917,10.90891623152644,interpreter_1,2026-09-27T12:25:53.728Z,00000000000000000056_0,-13.998748489538604,-14.47591662994206,-15.586669951280856,-15.3331073352336,-16.91607427383757,-15.073865023502018,-12.93053700320545,-15.160856458070327,-13.960556500336503,-13.48691522983556,-14.611516684897342,-12.608850422364046,-13.653342999123767,-12.099181438622397,-12.60165707927759,-13.612647969197855,-13.428584404882551,-16.22106972362275,-13.820835137680636,-13.471410282036416,-13.17028054316986,-14.421772689258772,-14.058292503981551,-13.00414953650958,-14.0622599234543,-15.55833978110595,-12.667830029608789,-11.743077524909538,-13.298859938861336,-8.468643384483821,-6.563618246569379,-6.616578516946036,-9.109956367922422,-9.501999198590928,-8.205571180469537,-7.576608502335775,-7.6358475880253085,-6.490787906202408,-9.01114056915411,-8.029255134807478,-7.950705914511518,-8.578301596339989,-7.917557733564863,-4.63309536784486,-7.694990768248021,-5.731156535181886,-8.28445643862063,-6.79289221089451,-7.208110913144173,-7.020695844747472,-7.484369504978677,-5.734494918515831,-8.382942850829108,-8.25776524069589,-7.712720896763569,-7.121351147673876,-7.05827725289779,-8.422409628856757,-7.558493150338503,1.0709761161731184,-9.501999198590928,-4.63309536784486,4.868903830746068,56,-13.966800189908536,1.207375060795998,-16.91607427383757,-11.743077524909538,5.172996748928032,56
102,P0102,2,Vegetation,0.77429986,-17.11165090904252,-10.089052013261435,0.589601322916771,7.022598895781083,79.14189094127929,10.85420883072356,interpreter_1,2026-09-27T12:26:02.502Z,00000000000000000059_0,-15.3160099462829,-18.691853491122377,-18.36550508021121,-18.47227216297466,-16.24801873019219,-16.490946921815457,-17.706099102392926,-18.05756427282069,-17.11165090904252,-15.419430805735756,-16.779408715602006,-17.773142516232955,-17.54165855326493,-17.611411285566515,-15.424238077242771,-15.745560380058397,-15.768533211877472,-18.970041245090936,-16.947411243672796,-17.29528783061159,-16.859944887125835,-15.71037874175429,-16.02942362558177,-15.178635656846913,-18.030211831240543,-16.873145217369064,-18.35245206555504,-18.113760129619195,-19.81274615725603,-8.997671686997782,-8.027128709970198,-8.524368330003028,-11.589347521233115,-10.396200159462012,-10.089052013261435,-9.963566283865092,-11.02507500226776,-10.085229737229753,-8.902455363919218,-9.8553310393627,-9.984252639682529,-11.8819085387823,-10.86838509784198,-9.170140086442016,-8.765369640586497,-9.36342966980212,-10.933737534655268,-9.701306147661551,-10.34730619816618,-9.25988122474055,-11.704734080687576,-11.044307759683424,-10.697736835967186,-10.039373440821244,-12.303606963992378,-12.501924297985518,-10.513917398810031,-12.539170813571928,-10.312962559222496,1.1819942431297037,-12.539170813571928,-8.027128709970198,4.512042103601731,356,-17.127473889453782,1.2186754265060868,-19.81274615725603,-15.178635656846913,4.6341105004091165,356
105,P0105,2,Vegetation,0.30995107,-18.201252994525284,-11.103977034565007,0.6100666277154079,7.097275959960275,79.28247728324399,11.058306063275516,interpreter_1,2026-09-27T12:27:48.577Z,0000000000000000005c_0,-20.48585028665102,-24.320083221333626,-22.430142712551977,-16.315914208163353,-17.37747684027606,-14.351486576278656,-15.66436136500489,-18.201252994525284,-15.975064276416973,-15.649154614860098,-16.90879825537525,-19.022467230159045,-23.25329490941851,-19.873785238323663,-22.69070735759886,-25.140347028935626,-20.41685818887485,-17.69417030171337,-15.435833994941396,-13.96573046882324,-15.594679454613672,-15.034726011569326,-16.125086458561906,-14.840693350174629,-21.2352355511358,-20.60971633948135,-22.05590163866683,-20.752587258001792,-21.53149718406561,-8.334790807565867,-13.45195813594791,-10.85132561430526,-12.233307490425444,-11.292847730846542,-10.539680052815296,-11.00956224836812,-11.103977034565007,-10.585930355573732,-8.62827436867041,-10.512366818395646,-12.128698622059169,-14.394326025087889,-13.692238335973762,-11.714197498323994,-13.085375650603444,-7.9006282470161215,-10.296863761512103,-10.681730538814724,-11.973389405707566,-11.290696857783631,-11.219761028895244,-10.022217971754198,-9.787230500256117,-11.966336321284077,-12.885767687625895,-12.215118062208871,-4.205003617229879,-10.362626805223716,-10.9781457791324,1.9664746923721708,-14.394326025087889,-4.205003617229879,10.18932240785801,164,-18.722513907465405,3.2122377986484527,-25.140347028935626,-13.96573046882324,11.174616560112383,200
107,P0107,2,Vegetation,0.57771415,-17.21198475524077,-11.68031150338212,0.6786150272312818,5.531673251858649,79.34562884771759,11.064594270264353,interpreter_1,2026-09-27T12:27:56.184Z,0000000000000000005e_0,-16.35461885370604,-18.22934617058323,-16.174294398461853,-19.40999419226316,-18.03543276580176,-17.75028933470941,-17.21198475524077,-21.479708524077303,-20.85846130685444,-18.68734337209056,-13.881037109635354,-15.242598889580863,-15.373733131531456,-14.969645942421115,-17.65613780673021,-17.5422010002654,-14.791256384673106,-15.894614601192636,-16.53319611567903,-18.081335227846587,-17.397361366018178,-18.27390282613889,-13.643443394909037,-16.863299059251148,-16.146331830694383,-17.70809774267303,-19.432423004650808,-15.7118820255537,-15.99990551131307,-10.511880782803154,-12.111867767234903,-12.819008112235428,-12.955116221910483,-14.469044487858916,-12.585771654941226,-12.383726176456427,-12.423759190079895,-12.367784862919615,-11.766322178028144,-7.187236986903869,-9.479538188375102,-10.38083645844293,-8.536129951166135,-13.533576282480338,-13.259846385019472,-7.140767114224522,-8.353839381610653,-9.916323012690796,-11.14263608600821,-13.741729426914375,-13.556348487175375,-11.488383556177515,-11.68031150338212,-9.289798272912474,-11.143390928028094,-11.80990833307968,-10.839374023576056,-9.905680948870778,-11.26827368143127,1.9024926033910108,-14.469044487858916,-7.140767114224522,7.328277373634394,56,-17.080478504984356,1.8418526626594656,-21.479708524077303,-13.643443394909037,7.836265129168266,104
109,P0109,2,Vegetation,0.68554026,-17.8221004478888,-11.57566012731779,0.6495115523091465,6.246440320571011,79.20899509300301,11.128284823908428,interpreter_1,2026-09-27T12:28:13.417Z,00000000000000000060_0,-21.12048664097395,-18.57126855220882,-20.28675517223652,-20.557070580599284,-20.196833915553405,-18.194268545295863,-18.849328632595693,-21.20693981840972,-19.65960380348348,-18.224675434600123,-17.766359534968707,-17.822100447888804,-17.49318046428861,-16.554756135943844,-14.227178567737369,-15.953006438277246,-13.75938109750946,-15.678077056716408,-13.188452225445944,-16.383471545096782,-18.64977380818233,-16.197666778490873,-15.326361673124095,-18.02250248447888,-18.84405103349801,-17.736526844709935,-17.684420878338003,-18.735552410026813,-15.86367563162954,-11.57566012731779,-13.06032811855702,-13.889219924744816,-13.724052721894385,-14.00121161603571,-11.0350318306706,-12.859723260016828,-13.061341630501184,-14.163035175458694,-11.687942626919767,-11.6552675166376,-9.900599273558951,-9.077608472541698,-9.371257087314344,-8.608109676802297,-9.636530393183602,-8.18353979186622,-9.99255278312085,-8.533283739014468,-10.240735683380333,-10.524220338419417,-13.526403966232095,-8.273769747154095,-11.795273718057866,-11.994024052547507,-10.59196284788154,-13.604905747067404,-11.034969411487817,-12.10222038526198,-11.30016488495334,1.8563134078397976,-14.163035175458694,-8.18353979186622,5.979495383592473,116,-17.68116297076926,2.0708013686915603,-21.20693981840972,-13.188452225445944,8.018487592963774,104
110,P0110,2,Vegetation,0.6533845,-14.644925024243808,-8.396309731325653,0.5733255525327756,6.248615292918155,79.24546669353826,10.94026743494221,interpreter_1,2026-09-27T12:28:19.200Z,00000000000000000061_0,-11.496432033533155,-15.87671095258309,-13.14105128062458,-16.308604915013728,-16.332045248033324,-12.810870263504947,-14.503310933596952,-12.36062520530911,-13.420637875382278,-13.404540271758696,-12.950264296224198,-14.733143336476529,-14.644925024243808,-13.103115135824208,-13.541986899220031,-13.298631714000546,-13.850168247965264,-16.319508652904055,-15.245585202581314,-14.462420522635975,-16.750186358212574,-15.10579054501456,-13.92359059778664,-15.23435012253077,-17.620752906721624,-15.457725841512833,-14.686539355995231,-17.733596194737785,-17.638298487597783,-7.611029432794213,-6.711806195767456,-8.579748863602886,-8.396309731325653,-8.60406138930039,-8.615279841325195,-7.731436376633974,-8.25606533453169,-8.476693964599027,-7.328388653838233,-7.250233991242413,-7.982415332173714,-7.168463560968998,-7.521584110957518,-6.407546113548873,-9.608107041508326,-7.282110188109899,-8.6779342950991,-7.137713402554403,-8.436613403896132,-8.720103195058432,-8.607433369513473,-5.824926701603018,-8.318536096354103,-9.862283673871898,-9.37891437390779,-8.476491640938251,-9.835199743967303,-10.891557495908318,-8.196516810858645,1.0875915352465857,-10.891557495908318,-5.824926701603018,5.0666307943053,356,-14.688117531776747,1.624568564333916,-17.733596194737785,-11.496432033533155,6.23716416120463,344
112,P0112,2,Vegetation,0.4806767,-16.741900499168686,-11.402634229510015,0.6810836219027948,5.339266269658669,79.41991952171428,10.935955521578435,interpreter_1,2026-09-27T12:28:27.318Z,00000000000000000063_0,-16.6467252935392,-17.985473984295353,-18.822753775591693,-20.05012275945164,-20.481579539533563,-19.81591740492512,-19.278666960421525,-19.78895114030856,-20.500341322783147,-17.136596343541974,-17.787978711767597,-16.10480483046423,-16.045859239139418,-15.822902801761945,-15.912695889420704,-14.961373070942972,-15.481172405274313,-16.751793506175048,-14.956218557899131,-14.734542194825258,-16.53290119561372,-13.790525666861887,-17.312029002615038,-16.022400267200805,-16.432275592742574,-16.370702358533414,-18.16434817658749,-16.741900499168686,-18.911912933054783,-11.480405932024478,-11.194770974566612,-13.1037561473014,-13.16745439557298,-12.66550741891437,-13.255606026289994,-12.601984005281198,-12.78804259511524,-13.400436324858632,-12.566699399433034,-12.248581593044666,-10.860108093686216,-10.87268182150568,-9.271869020542328,-8.528164054064634,-7.527711881080954,-8.648663025658676,-12.144373283877648,-9.262708303276758,-10.531700839783626,-9.659679796262187,-9.842453140348512,-8.864652567150417,-11.402634229510015,-12.711837192641246,-13.015820021980502,-10.542397310784697,-11.511897806521272,-10.988422125153775,-11.19520756297351,1.6429215288535084,-13.400436324858632,-7.527711881080954,5.8727244437776775,116,-17.218809152566926,1.816854757075145,-20.500341322783147,-13.790525666861887,6.709815655921259,116
113,P0113,2,Vegetation,0.86975044,-13.953082062923883,-8.033543618051858,0.5757540579080075,5.919538444872025,79.2720568259482,10.85744276574639,interpreter_1,2026-09-27T12:28:31.885Z,00000000000000000064_0,-11.147290156937444,-12.134896577969014,-13.21505745615816,-13.22581478778956,-14.670654647874215,-13.65483247784532,-13.389483964447976,-15.717206912225288,-19.592994355835632,-16.113978410559515,-14.638243100443477,-16.017466835351136,-14.910210435488732,-12.92629955091693,-15.094356645843485,-14.741288734274168,-13.651131302179383,-13.953082062923883,-12.438962895689269,-12.935395232975178,-15.239449467117122,-14.369133812694772,-11.551038693926523,-15.5989159913859,-14.664593186616768,-15.853645365788942,-13.650989170899674,-12.980664085343998,-12.216884576916776,-5.060180874367324,-7.83717513520619,-9.120080693506235,-7.7318471028040765,-7.018221398303623,-7.449076741593998,-6.749064310538588,-8.429772573659996,-10.310109940352891,-7.168213386966601,-8.587882962167413,-8.113680280261962,-8.110524367728127,-8.298267025822042,-8.503632787484,-9.121810689094447,-9.530948519575343,-9.26590036098174,-8.415593813727462,-8.235706982498003,-7.334239116242709,-8.033543618051858,-7.065417757549212,-7.774632289056404,-7.155980213755048,-7.36469764451733,-8.168946168207912,-7.873623572034675,-6.591899484247429,-7.945540338286298,1.010516868427185,-10.310109940352891,-5.060180874367324,5.249929065985567,116,-14.148067617048904,1.683405628831052,-19.592994355835632,-11.147290156937444,8.445704198898188,116
114,P0114,2,Vegetation,0.74986583,-15.160596314467115,-8.951440634960468,0.5904411969876466,6.209155679506649,79.0923937691243,11.0401600945363,interpreter_1,2026-09-27T12:28:34.695Z,00000000000000000065_0,-15.681423052737705,-16.584021532335594,-16.01236815115714,-14.96985424914994,-17.035404041613585,-15.640184353667,-14.297027663651583,-20.08841445840605,-17.918919540558594,-17.03574086240645,-15.847919593414003,-14.344384272924698,-15.152084682056582,-15.192471070241584,-14.358318927508671,-13.52301886625012,-12.5520788559106,-13.557620074230703,-14.94987997200826,-15.133964050447704,-15.20770506795614,-17.722866248870275,-12.3549370738607,-15.173174558912448,-15.96359898525475,-15.072220634711224,-13.361525614993466,-14.870818526136595,-15.160596314467115,-9.150492547886213,-9.53632398214926,-9.25782996777514,-11.024976262060576,-9.233968232644004,-10.853976848907552,-8.229806686199444,-8.113043214615795,-8.189930757074315,-8.045735042942923,-6.536230003040007,-10.991669856881378,-7.665301678115788,-8.68635164263263,-6.070634163419016,-8.296215891986359,-8.951440634960468,-10.141840491151148,-8.148870774842653,-8.793079824724671,-9.206983297108517,-9.12442575438005,-6.627166179984223,-10.20576570578551,-10.699658003890065,-7.925544728505052,-8.073038424918336,-11.29602130938138,-10.509762521297976,-8.951244290664153,1.3583691233122297,-11.29602130938138,-6.070634163419016,5.225387145962364,344,-15.33663935502894,1.6012464712246937,-20.08841445840605,-12.3549370738607,7.733477384545349,104
116,P0116,2,Vegetation,0.6344676,-15.128114838514808,-8.90773872336583,0.5888201417328969,6.220376115148978,79.28840616411918,11.139873091073568,interpreter_1,2026-09-27T12:28:41.345Z,00000000000000000067_0,-12.858929148092216,-15.540689946871169,-17.183072539495893,-14.020235365370892,-17.117663582338214,-15.378948367405062,-15.6162538054045,-16.18696346298417,-16.72219666879411,-15.181140879129895,-14.410144908705336,-14.898055092937652,-15.071492162171802,-15.557760049835082,-15.400150970631278,-14.89700225425134,-14.71429529110634,-15.615761503321435,-14.06801557699064,-14.341732309273254,-14.761634565705714,-15.128114838514808,-13.87036663391462,-13.099093700194624,-13.632905991515267,-16.09236758008907,-14.57373047238721,-15.965368255448716,-15.24180665447101,-8.927964812642411,-8.43685948290595,-8.502270250249458,-9.5513168636703,-9.142490173708136,-9.875015921464724,-11.04152462744991,-10.117273617163583,-11.237438289377184,-8.806680184639829,-9.215746442180546,-8.90773872336583,-9.733538030334277,-8.229259540127593,-7.875016699784316,-9.900004126602296,-7.792112401746703,-9.009512307677417,-8.236103178823464,-7.381721804810124,-7.436400835007101,-10.543454400032044,-8.20652298681154,-9.279275889564133,-7.269832311463805,-9.859047624341258,-8.058683359284927,-6.23405005583783,-7.638745774351337,-8.842951748807517,1.1594327989207596,-11.237438289377184,-6.23405005583783,5.003388233539354,116,-15.073996295770732,1.044922761058545,-17.183072539495893,-12.858929148092216,4.324143391403677,32
117,P0117,2,Vegetation,0.45382434,-16.396631564840273,-10.861387069098525,0.6624157544887987,5.53524449574175,79.37176982248548,11.129901791419842,interpreter_1,2026-09-27T12:28:43.741Z,00000000000000000068_0,-14.322992690291464,-16.688386992243768,-18.312277758828333,-16.358789360851958,-18.4115461289529,-15.908116243511063,-15.692293401618295,-17.923470676170446,-17.426556984733008,-16.396631564840273,-19.268332239332324,-17.398465970820535,-17.300636996989528,-16.368166901499144,-12.926673753604987,-15.417960904702252,-14.40950000648629,-15.632790390280483,-14.153979721171146,-16.12735518981905,-16.72867736613999,-19.72484930742777,-14.244041413211972,-21.434520168627262,-22.50502152322554,-17.705567749596906,-15.365094846106624,-16.110709605440096,-17.33735002148412,-7.669159749231232,-12.00564538716029,-12.422970538601422,-9.352605766778938,-12.548445944243356,-12.151993146368802,-10.191201020108467,-12.424238669723008,-11.803133252335543,-10.636143467572388,-11.288366822175105,-11.856611412833686,-11.639677249643226,-10.018500185052506,-9.822339381378002,-10.66882984327394,-8.284163481071968,-9.78975059851891,-10.861387069098525,-10.358950789737428,-10.313062121541702,-14.066067982289074,-7.790661563406076,-15.893039500936618,-11.998314201931157,-12.643889606661132,-11.322803795134876,-10.642616070238043,-9.472009589500145,-11.03229580022571,1.7353903337014314,-15.893039500936618,-7.669159749231232,8.223879751705386,296,-16.813819168207157,2.085700092533508,-22.50502152322554,-12.926673753604987,9.578347769620551,308
118,P0118,2,Vegetation,0.46118724,-17.58097839954413,-10.29027551048178,0.5853073291272917,7.290702889062349,79.36386464798522,10.990213764739256,interpreter_1,2026-09-27T12:28:47.929Z,00000000000000000069_0,-16.61234842875727,-15.511074236090662,-16.278615806614035,-15.42919327539206,-14.31783316199832,-19.38026933148614,-16.349935349613972,-19.17804486410077,-25.22494228761333,-22.181061611826657,-19.49652396500013,-19.07469502933347,-19.00887115403055,-18.743243709769043,-16.588804490179406,-16.939644739423652,-16.640428725354898,-15.248766168123408,-13.643959667241887,-13.93781550912121,-15.663936008304232,-18.42884673389932,-14.112712672705248,-17.58097839954413,-23.82498773696128,-22.3268677728988,-21.52568723280737,-20.2803336584204,-20.43802581615123,-12.526102753509164,-10.558943111076148,-12.883600247568584,-10.343790916861034,-8.685816054640847,-9.82243132141508,-8.270880416393986,-10.148921746332784,-13.072953974737011,-12.350909854135136,-10.346949389835483,-9.474783546314292,-10.273317081583242,-11.12930674352194,-11.216601564565805,-10.070934475513052,-10.814556432852768,-9.262195542014084,-10.29027551048178,-10.006257844450372,-9.867520293434698,-9.438772281012536,-9.651837715447758,-8.290016786576924,-15.32842438798192,-15.563106516880511,-9.429927236079564,-10.404987440768242,-11.324542621503626,-10.718919441637528,1.7554244922493998,-15.563106516880511,-8.270880416393986,7.292226100486525,320,-18.067877501474577,2.9765930005302565,-25.22494228761333,-13.643959667241887,11.580982620371444,116
120,P0120,2,Vegetation,0.6805054,-15.627490800680995,-9.958665492779312,0.6372530062436732,5.668825307901685,79.36871555051947,11.098820082589306,interpreter_1,2026-09-27T12:35:56.727Z,0000000000000000006b_0,-13.947373047256198,-15.2025970066902,-15.676407565743569,-16.500266529326876,-15.707564007854792,-15.733360779581815,-15.228208659550262,-16.778908560166343,-17.943487031687827,-14.58856213227287,-14.5961790431232,-14.356707000401103,-16.17754903232021,-15.627490800680995,-16.138394481392613,-16.422097848980588,-12.164882324472188,-15.277406388202795,-15.74171003247989,-15.709545214521924,-15.482552369841706,-15.365528370012669,-13.018142975789283,-15.747868338552426,-13.953403292466762,-14.776239209671264,-16.709044297809122,-14.664720584555493,-16.829613319454864,-8.955867931470301,-9.706321865090564,-10.660665767148105,-10.652212433283944,-11.809118597293024,-10.660239319121189,-10.16106710052467,-11.054270469978388,-11.63792836919975,-11.791708787539124,-9.62752821729027,-9.958665492779312,-11.359255082688833,-8.927296470351619,-9.871759064649217,-8.460217269390254,-9.08514476168143,-8.722489573164497,-10.491644523742313,-9.684943466189315,-10.629037533805272,-10.586368826790611,-8.045239483041932,-9.205074077675746,-8.107965957726066,-9.310156207424424,-10.808856697158165,-9.834062822622968,-10.428813795513443,-10.008066205666715,1.0376636163201651,-11.809118597293024,-8.045239483041932,3.763879114251092,56,-15.381579663615854,1.1736630314538954,-17.943487031687827,-12.164882324472188,5.778604707215639,116
123,P0123,2,Vegetation,0.30522993,-20.599915173727904,-10.135823945538087,0.4920323146992765,10.464091228189815,79.21501380540661,11.03090744710987,interpreter_1,2026-09-27T12:36:05.521Z,0000000000000000006e_0,-20.818936270417,-22.35099422613284,-26.45723233072708,-23.08356311423984,-18.419318657534603,-21.156917364950555,-18.50243383987342,-21.56687670995057,-20.599915173727904,-17.806421483926687,-21.944155822678795,-21.826380993826227,-17.576608780132137,-19.74897803037389,-19.2761675934749,-19.949402955794653,-16.798594446342598,-20.620093895032,-17.578540357375566,-17.312042942783194,-19.557362056440088,-17.13538654830912,-13.16467467832798,-21.444291114717245,-21.785118381154653,-21.912383074836743,-22.024457643116943,-21.222888702985323,-19.88305655263728,-11.217554815866473,-12.294316723026231,-13.415027398661948,-13.221847011329384,-8.954455080180399,-9.286909303353886,-10.135823945538087,-9.363913159998887,-11.30929348491264,-3.327382523386924,-8.389906789985384,-10.042474542782866,-8.697111814595006,-9.992798608464335,-8.130432977551447,-10.236313942141951,-6.547751941003176,-10.901227271609528,-8.901236150329343,-9.934872377487537,-10.866911660583476,-11.403953762277723,-5.5224616636161645,-9.201054901893732,-10.8704615606557,-12.04939917642957,-12.783994991097366,-13.637677222680416,-11.446977926706678,-10.07184630097056,2.275286102597686,-13.637677222680416,-3.327382523386924,10.310294699293491,344,-20.05252392213172,2.477410910829922,-26.45723233072708,-13.16467467832798,13.2925576523991,32
125,P0125,2,Vegetation,0.6854185,-14.851437939447193,-8.184987836564998,0.5511242662116033,6.666450102882193,79.39701248196923,11.04554998624102,interpreter_1,2026-09-27T12:36:12.375Z,0000000000000000006f_0,-14.364815941595356,-15.2418994215455,-14.87880211172544,-16.02152245773899,-15.848638595542,-15.427589653720457,-14.851437939447193,-16.235142688031342,-16.89701333245146,-14.384933415665657,-15.776614229379105,-14.249217688548164,-14.505563031526153,-15.640406687344994,-14.568148688120594,-15.214341884068585,-11.950587352948974,-13.771606544793734,-15.9888961708108,-15.07934118112727,-13.759120038152632,-13.787712009381936,-12.319649892595391,-14.135918971291527,-13.753797312191114,-14.158180125761149,-17.14656864744546,-14.05146885022404,-16.00423648365077,-5.377532060450455,-7.876295581393356,-9.11723216911276,-7.638686033261815,-8.624991322896827,-7.970049742591202,-9.21045055186966,-8.579442760420653,-10.08838820523971,-8.184987836564998,-8.15340428364427,-6.964303236045845,-11.10158948512222,-8.660182346138157,-6.494190740612204,-7.778709052492918,-8.246117080564824,-7.032743503389409,-8.313596558237933,-6.052501137662353,-10.697042688167338,-10.744298440407103,-6.555749877726477,-7.861525502265225,-8.107916144405767,-7.25729961672342,-8.966605243040643,-9.198331152485917,-8.521990260884625,-8.254350090131659,1.3320348660225705,-11.10158948512222,-5.377532060450455,5.7240574246717655,164,-14.828040391269854,1.1840049092153333,-17.14656864744546,-11.950587352948974,5.195981294496486,332
127,P0127,2,Vegetation,0.80184084,-15.253267421220972,-8.413317663631942,0.5515747827201265,6.839949757589031,79.34841362509836,10.92095365633364,interpreter_1,2026-09-27T12:36:21.783Z,00000000000000000071_0,-13.303103301321537,-14.806891826104438,-17.001044504598063,-15.423583752244042,-15.233169611907012,-16.611520122327278,-18.015911129216853,-15.253267421220972,-16.061075830580805,-15.94889491261046,-16.962702249151256,-15.813481945415564,-15.08247251147762,-16.701904580463356,-15.716042044305125,-14.83782442863638,-15.768887102364603,-14.658398296368713,-13.136889637908125,-12.855712620924148,-14.399732791086675,-14.89657059920976,-13.636485511865056,-15.32638070145287,-14.87795986469399,-15.653465764637462,-13.336973530851209,-13.085141912960855,-15.56888501257806,-7.935041388174713,-8.242068165935702,-10.053959459859245,-9.082737394991486,-10.608126436168446,-9.868412983462896,-11.41307225943608,-10.616484614429329,-7.042268651538412,-8.500139277731066,-8.175643901652737,-9.112762664890456,-9.034961205873543,-9.675516768926602,-8.069119830462347,-10.936057824709774,-9.528932983647572,-8.16060682618016,-7.0432732564438085,-7.1095644046679976,-8.413317663631942,-8.001149652651558,-7.706151478028503,-8.467310876696573,-7.934290430720826,-7.752215566866671,-6.031298030120189,-9.193397984291368,-7.387063414715513,-8.65844639299674,1.2716810918136985,-11.41307225943608,-6.031298030120189,5.381774229315891,92,-15.171530121326972,1.2642632139509191,-18.015911129216853,-12.855712620924148,5.160198508292705,92
129,P0129,2,Vegetation,0.7804283,-15.432468422469496,-9.247008649944656,0.5991918076100593,6.185459772524839,79.28777734342029,10.869929348195653,interpreter_1,2026-09-27T12:36:29.638Z,00000000000000000073_0,-13.758348101703922,-15.38480151618544,-14.008386249859582,-16.44949692652783,-16.853748782907747,-16.108900609111032,-15.217518058834433,-16.933602665896082,-17.564957900581614,-14.066637436475052,-17.265118098162674,-16.696358814377408,-14.025661652009411,-15.02917933735314,-15.690343138420396,-15.243396139206023,-15.366656068750752,-16.063943710629836,-15.65761720123542,-15.285713104570544,-16.972684774737218,-13.061344577101648,-12.956668896999954,-15.468744489739352,-14.833615933397583,-15.11452857794981,-16.77153237286258,-17.634959851449693,-15.432468422469496,-7.305993021028533,-9.786060478502602,-9.050844919309544,-9.885836413393488,-10.48169251601707,-10.243245446894944,-10.490670974621716,-11.833534666464718,-10.38478631025875,-9.62041306172982,-10.23606350584394,-8.990607913092207,-7.944194432603393,-7.03121860702776,-7.295809040069337,-8.068012672413111,-8.085316813265733,-9.488969340728822,-6.98038261913778,-8.611500784958322,-8.506009081116817,-8.477731705029214,-9.280619713937408,-8.587999374204218,-9.247008649944656,-9.604440694399464,-7.602156685827422,-9.661295705489032,-9.804557670433008,-9.05472320061182,1.178982995915809,-11.833534666464718,-6.98038261913778,4.8531520473269385,104,-15.548859772741572,1.253535183466699,-17.634959851449693,-12.956668896999954,4.678290954449739,344
130,P0130,2,Vegetation,0.7148931,-14.165178724066225,-8.138887374944563,0.5745700448605588,6.02629134912166,79.37985466004254,10.89382453475323,interpreter_1,2026-09-27T12:36:32.307Z,00000000000000000074_0,-12.774208396940264,-14.76717792575791,-15.943932642624835,-14.569501413965058,-17.17391997661515,-13.804826891313482,-14.475308586692922,-14.65276809583401,-14.818565172478923,-15.750257183689673,-13.375293645326805,-15.41275180578621,-13.576253203767097,-12.36490770254239,-13.347443342076982,-15.121075443981658,-12.928114687427492,-14.25877519699033,-13.905074078338464,-13.12772117576876,-14.402213998028603,-14.165178724066225,-13.055837597949653,-13.793740685574331,-14.889851507720351,-14.804673608153546,-14.00106365083769,-13.964514596362909,-13.75554752436443,-8.581901527552343,-6.732761196416708,-9.639227154801894,-9.41188461701627,-9.657083033080443,-9.54785849430557,-9.08953554193384,-8.994872524381535,-9.542192094571249,-7.408185799766207,-8.855817664872866,-8.596978575016061,-7.899689297532159,-7.614130775544721,-5.971358202277358,-7.834386759833981,-9.140001444639838,-5.895204939548858,-6.104013779351635,-7.260328755367738,-8.231380492073265,-9.257743508345868,-5.224108324432569,-8.138887374944563,-7.80567711332951,-7.872159920670642,-8.073949160772155,-7.260653172979713,-8.776995111813767,-8.083412633005977,1.2077756051311923,-9.657083033080443,-5.224108324432569,4.432974708647874,56,-14.24070684348194,1.0262494478938076,-17.17391997661515,-12.36490770254239,4.80901227407276,56
132,P0132,2,Vegetation,0.5681717,-16.954235948499125,-10.03994423789802,0.5921791031100287,6.9142917106011055,79.11619912415347,11.126308530283364,interpreter_1,2026-09-27T12:36:40.209Z,00000000000000000076_0,-15.995774783016852,-19.448335363559725,-19.51843899705321,-19.36247374732718,-22.176205572571348,-15.158613895037458,-17.130967302246415,-18.1440482061358,-16.954235948499125,-15.336593008675363,-15.028280126283724,-16.76004380299018,-16.62351073770342,-18.757721615434967,-14.502743757009084,-17.5721704738217,-17.383644332304677,-16.989602260215676,-20.12536787701725,-19.742271996075907,-15.763249964060698,-17.41587812625077,-14.90608494563464,-16.169888014713198,-14.4201674839074,-17.512658641595106,-14.790373417876744,-15.58316763548289,-16.6195729568659,-7.569132218632568,-12.48921562019316,-10.109200387751132,-7.698070398774501,-12.547580512690969,-8.811986069961957,-10.03994423789802,-13.592920246500675,-9.625000761867492,-9.43401659016354,-9.863290044946686,-11.246642853945538,-10.745517248371488,-10.210719560329544,-8.755418206597254,-10.906648113189505,-12.255619673264151,-7.361502147167771,-11.365059957254305,-9.547247382040482,-10.178406130588249,-10.96808351295637,-7.387499921143577,-11.27181479372152,-8.940139853252857,-12.078243051613898,-8.781248991047676,-8.534378037650065,-9.745228927695152,-10.071026739696904,1.6162670107871078,-13.592920246500675,-7.361502147167771,6.231418099332904,104,-17.099727068598845,1.9011936019778937,-22.176205572571348,-14.4201674839074,7.7560380886639475,56
134,P0134,2,Vegetation,0.5407503,-15.4996039704959,-8.388360664075936,0.5411983867486878,7.111243306419963,79.05843745138458,10.884661718855211,interpreter_1,2026-09-27T12:36:50.668Z,00000000000000000078_0,-15.018634339427097,-16.158789526045044,-16.5560410826808,-18.549436974546804,-19.069487771078013,-16.346051629231926,-14.727739806195247,-14.584756588274184,-15.146000704635709,-14.2790649773845,-16.627577119589873,-17.742015065091497,-16.001592343584058,-16.694206347787677,-15.435206763216678,-15.4420138726264,-12.626047821782027,-15.496676743840496,-14.452943696347669,-13.269464954164349,-12.752474604573816,-15.74419416786897,-13.381821129933552,-16.48721213373241,-15.4996039704959,-15.881772460722454,-16.34279757577107,-13.88605341466012,-15.80105586934486,-8.684868417013035,-9.662249074658051,-7.298023380291099,-10.708892982250456,-10.900696508455102,-9.641245686399609,-6.765047526936932,-9.632268823123235,-8.43775903161177,-7.810657110514221,-9.69100094146879,-9.671762492465293,-7.089657645177975,-6.3549781658432,-7.554843524891717,-7.918575091472703,-8.347782695333244,-10.20732223602828,-9.029738780603372,-6.567789148475112,-9.185029774654684,-7.773141934920128,-5.946993502332743,-8.761691321434517,-7.774624147891709,-6.820829737753453,-8.212814091013387,-8.388360664075936,-9.612999337356737,-8.42936702670505,1.302912834422238,-10.900696508455102,-5.946993502332743,4.953703006122359,56,-15.51726667084942,1.514462960194766,-19.069487771078013,-12.626047821782027,6.4434399492959855,56
135,P0135,2,Vegetation,0.7770095,-13.969885386598426,-7.667038728566905,0.5488261726128434,6.3028466580315206,79.11988221681835,10.866605581644407,interpreter_1,2026-09-27T12:36:53.446Z,00000000000000000079_0,-13.013055356431655,-13.897828208638096,-14.496200348677872,-15.290913907853296,-16.6793936892792,-15.784692536330272,-14.146078592676304,-16.136131940153373,-14.604952258137406,-12.835608804430482,-16.238617456133085,-14.583248504279863,-14.922836135263616,-13.78794886238656,-14.26424763117608,-12.26726622564147,-14.655847662199148,-13.65529267206587,-13.628153425906389,-13.418692259850555,-13.090600829643364,-13.969885386598426,-12.387623871238096,-12.658520771209576,-13.900944925920598,-13.037507284247669,-13.019983294873397,-14.705921085946503,-14.542065267537188,-5.543980479764501,-7.236156310850683,-9.194022017416255,-10.16761510409584,-9.321076442415192,-9.638953502583874,-7.712663569012321,-10.772751154570884,-7.952380040031878,-6.683492705647968,-9.64515018708209,-6.616819338398243,-6.565938572109802,-6.232597536323378,-8.440325033411733,-7.667038728566905,-8.208042969770663,-7.097721324881501,-7.975735571501216,-8.269850530010176,-7.595697592719328,-7.39122317809156,-6.784463131125339,-7.2091134454665955,-6.7790122856658375,-7.085802275289641,-6.859177024045757,-8.078177675494448,-7.886903017871271,-7.814202784283272,1.2176257862616633,-10.772751154570884,-5.543980479764501,5.228770674806382,104,-14.124829627404324,1.1352849525380175,-16.6793936892792,-12.26726622564147,4.412127463637729,56
137,P0137,2,Vegetation,0.68007046,-15.492840741461013,-9.689930971236764,0.6254457225075033,5.802909770224247,79.20746795702001,11.054173812968566,interpreter_1,2026-09-27T12:36:59.277Z,0000000000000000007b_0,-15.490216175066678,-16.883399342509936,-16.809175504524557,-17.216963295446142,-16.844855508152342,-15.013837431625223,-14.971650674164865,-16.438418003768795,-14.990035155475317,-14.636548815207128,-16.28781028243203,-14.118999226453726,-17.10775319856043,-15.251863531387958,-15.005366310683604,-15.298004955401792,-16.40578716979316,-16.623324116967844,-16.21724769995842,-16.474325814650133,-15.492840741461013,-13.8119370213654,-16.25270243352802,-13.385103546429209,-14.658641855081012,-14.189091867914724,-16.3399920671297,-14.969845103766788,-15.878684113867187,-9.036762337312744,-8.887690048932608,-11.283449592104173,-11.060840447191651,-10.572201662675864,-10.696292814071526,-8.962914116317629,-9.101982749015674,-9.859397529108112,-7.910660093197198,-9.31769757590754,-9.689930971236766,-9.29783447923381,-11.458390050254035,-10.12994541515303,-9.319742175972085,-7.494186327323867,-7.125709615791388,-11.095750027738529,-11.62010462159573,-10.25418339475806,-11.534630968123006,-8.964308309241321,-9.949913189317368,-9.029092370077716,-12.169528673413335,-10.707257126144428,-9.060207486632171,-8.82382651215109,-9.807394161379047,1.2440160467960573,-12.169528673413335,-7.125709615791388,5.043819057621947,320,-15.62291106768183,1.0305542407761017,-17.216963295446142,-13.385103546429209,3.8318597490169335,44
138,P0138,2,Vegetation,0.5554148,-15.9862671296484,-8.418549152837512,0.5266113148593851,7.567717976810888,79.25184473205552,10.94538783206169,interpreter_1,2026-09-27T12:37:04.390Z,0000000000000000007c_0,-15.220897074795532,-14.7025822262566,-16.09249587877759,-17.786517785707506,-19.0679154861612,-17.072650990347455,-16.916683943384363,-18.43147991101866,-17.44820146704921,-19.51110566981245,-18.592376732065908,-18.957345124681787,-17.550271754195983,-14.697757222001949,-14.510165798759406,-14.677406614025404,-13.985055094385803,-16.677175840497615,-12.04467692709336,-13.618614362508376,-13.39698242555709,-14.00144332990834,-12.601305440399816,-15.588059542709654,-19.28902324277657,-17.986539332992656,-14.749575968876425,-15.261673405872015,-15.9862671296484,-8.330493180994672,-9.759277938389758,-9.651531911655848,-10.877442952935532,-9.931701570238827,-10.715626091000896,-9.289088349876955,-12.079342064065896,-7.088959062658329,-9.286714632084715,-8.241395584208062,-7.801170466152349,-7.843150296710821,-8.754256576815154,-7.731427164529752,-6.939536146069648,-10.14644513934618,-8.226066718677485,-8.888955571953582,-7.73977096855849,-5.784811937507559,-8.257995758304856,-6.071799593226412,-9.566688783234376,-10.879547524818424,-6.974792947737507,-7.16787658516126,-8.418549152837512,-10.56185289776134,-8.724354054052146,1.5110399202849292,-12.079342064065896,-5.784811937507559,6.294530126558337,104,-16.083525714560935,2.082443406518842,-19.51110566981245,-12.04467692709336,7.466428742719092,128
140,P0140,2,Vegetation,0.75342464,-14.519261872284972,-6.758774385120921,0.4655039935619852,7.760487487164051,79.12257716267071,10.86301232050793,interpreter_1,2026-09-27T12:37:16.312Z,0000000000000000007e_0,-14.519261872284972,-14.477888254928835,-19.55103826319585,-19.48940983421297,-20.763659501624723,-14.925085378811351,-12.144724798067124,-19.11151421633152,-17.34128487900248,-15.39076864209177,-16.735304689356894,-15.297453747609715,-14.497025026424694,-15.727671233072972,-14.277284224273952,-14.107834367511408,-14.984414723907149,-12.845558579434336,-14.091234713579626,-14.921590855063837,-13.33332711194073,-15.381229752230542,-12.540479146031842,-13.848695425350542,-13.511388391504788,-13.529635987033998,-13.375839193081273,-14.309657766971986,-15.287955315362872,-7.827965211732426,-7.6949770655743075,-8.463708785818039,-10.953980454053816,-10.511323456127148,-10.611560306346531,-5.936426414014047,-10.637253977636544,-10.71666323329747,-7.62293108261848,-8.742540579376154,-6.745758714816762,-6.758774385120921,-7.590700057497034,-4.958414622704048,-7.695898666705789,-5.340354207040048,-8.33016317710446,-5.333141750008528,-6.063221236767468,-5.618648781356201,-6.766015818156194,-4.991294909330242,-5.204972887622128,-4.312240865233906,-6.061658270586237,-4.240029550881481,-5.019453028696686,-4.782398288391379,-7.087326544297051,2.0576303538278604,-10.953980454053816,-4.240029550881481,6.713950903172336,44,-15.183386754837748,2.1404125259905,-20.763659501624723,-12.144724798067124,8.6189347035576,56
142,P0142,2,Vegetation,0.66820276,-16.93263692130626,-10.506363088388404,0.6204800313865052,6.426273832917854,79.21654094138961,11.021385305098203,interpreter_1,2026-09-27T12:37:31.156Z,00000000000000000080_0,-18.08294717251749,-16.867498075016705,-18.69637279254184,-18.872551747988727,-19.875546102870093,-16.947546631316886,-19.8141123427589,-22.200098198440298,-21.27152316277004,-17.316478187354402,-18.940369282333226,-16.93263692130626,-18.791262859397403,-16.022436846445707,-16.611986164296702,-16.28693392637696,-15.445742862032592,-15.58216335554036,-14.940381835960247,-19.40816804822988,-16.83668943604175,-17.192284690878886,-13.693927929781552,-16.78370440853836,-18.87122942692806,-16.91747429476351,-16.242065042238178,-14.9000480402676,-15.769008024102227,-7.943693395435519,-12.047181531890164,-10.216482683700493,-12.05474479222206,-13.193210639401734,-12.47036579042967,-12.947362756767705,-13.314900264732668,-13.491276703333622,-9.598078778238603,-12.45448848060055,-9.636927999986153,-9.24197833146987,-11.702105444389217,-9.40548885795713,-9.934178495840598,-8.978450864316693,-10.46181383073517,-10.111845085348822,-11.151506289269284,-10.595792206340665,-10.020098937434716,-7.831386499100828,-9.029273500234012,-10.975024872966577,-10.506363088388404,-11.807387472782562,-10.414856160192825,-11.398672676760668,-10.790859876905758,1.5319482823860864,-13.491276703333622,-7.831386499100828,5.659890204232793,116,-17.452178889966714,1.9238194999109213,-22.200098198440298,-13.693927929781552,8.506170268658746,104
145,P0145,2,Vegetation,0.6208252,-15.397912613730757,-8.951207824588371,0.5813260569232173,6.446704789142386,79.07074437077702,11.100077723987074,interpreter_1,2026-09-27T12:37:37.043Z,00000000000000000083_0,-14.816134518879856,-16.477898178601496,-17.81685021884746,-16.037600360807538,-17.377882839405242,-13.429323768271637,-16.168206518593806,-17.632800869144393,-16.189034338567446,-15.397912613730757,-13.666844267653715,-14.347929790000418,-14.158076024930832,-13.351535645773552,-14.463645750982115,-14.973937553711052,-14.985575656438485,-13.840011928847453,-14.570992216673211,-16.00320667281704,-14.00182060280403,-13.683686102248988,-12.755342448578356,-15.801239217038416,-16.5506425455036,-16.91478959495018,-17.152681543781487,-18.082842864349963,-17.336464994409987,-8.277809162263672,-8.136291982296953,-11.88301462846564,-8.133725510651619,-11.351851077676,-7.531550760632156,-12.182800084149555,-10.045179607194983,-7.958182691386739,-7.567586165662394,-8.769817380541545,-9.913901609516468,-7.777798420537043,-9.320044854143648,-7.127229984953527,-8.951207824588371,-7.989555880363004,-9.226581032027994,-7.697934038561003,-7.156509430569163,-8.519493837584251,-9.650396683982214,-7.300247191535583,-12.242372830114128,-9.519537276702447,-11.166115611499125,-11.622028257229433,-10.002220548229827,-10.583401862683278,-9.227737456060064,1.5804618272801447,-12.242372830114128,-7.127229984953527,5.115142845160601,296,-15.447755505046295,1.507862733359273,-18.082842864349963,-12.755342448578356,5.327500415771608,344
147,P0147,2,Vegetation,0.43061996,-17.03652251809605,-10.377883043830622,0.6091550099386376,6.658639474265428,79.4110262004015,11.103042164424668,interpreter_1,2026-09-27T12:37:43.211Z,00000000000000000085_0,-14.53523621572387,-16.257648506320823,-18.116580424045683,-17.174401920679227,-18.72174983650596,-13.81351538806408,-17.03652251809605,-18.20098596340521,-20.839637148392104,-19.85543870357271,-20.47765204497376,-19.93907125968628,-19.420798718945075,-15.755504548285092,-17.835165158425333,-15.636570804343272,-15.636281731774687,-16.621522263938992,-17.10363891085475,-15.315509814673533,-16.572325572987666,-16.36209952863436,-15.154965901932073,-15.04683504919086,-19.26121790026605,-16.310287018059718,-18.84092880500646,-17.568651652187516,-14.584890965185073,-9.989005532064208,-10.377883043830622,-10.597551088106002,-10.242885793879166,-11.152423840232222,-8.84953581076516,-10.064612300743814,-10.624337704503034,-10.542330586763564,-9.560347091379828,-11.0340434954233,-12.766309072485717,-12.23050639979096,-8.923233020059001,-10.053262012935614,-8.072184342359229,-9.35079780809376,-10.212004010565025,-8.628286637575936,-11.704426973125466,-12.545398063943471,-13.168811361259106,-7.708866335633187,-9.184790000186805,-11.023898459995312,-10.680059468847766,-11.576107105348202,-11.83476228958764,-8.16859595261507,-10.374732951796492,1.4019446585428124,-13.168811361259106,-7.708866335633187,5.459945025625919,272,-17.172263250832973,1.8845339102231529,-20.839637148392104,-13.81351538806408,7.026121760328024,116
148,P0148,2,Vegetation,0.518225,-16.44477960574456,-9.15864325254881,0.5569331710197851,7.286136353195751,79.37078167567294,11.143915509852103,interpreter_1,2026-09-27T12:37:46.134Z,00000000000000000086_0,-19.982293030025662,-19.16866627958104,-16.201117076380193,-13.989765718094947,-15.421137111970303,-14.862478317373036,-15.391822005400378,-14.843465466166643,-15.838819211371575,-16.386748484386736,-18.57921004778062,-16.627382510058272,-19.95394286925455,-16.44477960574456,-16.69419879052201,-16.907776885653153,-14.002415443346212,-18.3753686480028,-17.86939367433473,-17.89631187558569,-14.416674798718436,-15.489501440315744,-13.502988561741365,-14.552221953857982,-13.274868719770756,-19.12589632946776,-18.908554369180703,-23.64478727238,-18.556837847785133,-8.356066834950624,-9.60394296474528,-9.240350843799916,-9.182547382118717,-9.925561550378804,-8.742876808062462,-9.75845361550124,-10.73498449880881,-8.554761072357822,-8.704386861527473,-11.153694388281563,-11.033016390698512,-9.704693350943392,-8.865030276531744,-8.742744057603847,-11.49919723359744,-6.944362934823516,-9.151743869287998,-9.5806043817424,-6.8538596427518295,-8.081415836875346,-8.288072516492505,-8.365875538661369,-9.15864325254881,-8.467484125063585,-8.967811823870752,-10.483217353365006,-9.831378377687228,-11.048250393644558,-9.276725109542156,1.1353685482396143,-11.49919723359744,-6.8538596427518295,4.645337590845611,200,-16.789980149801757,2.3344311882306004,-23.64478727238,-13.274868719770756,10.36991855260924,344
149,P0149,2,Vegetation,0.36273628,-17.969333962146887,-10.55718691759314,0.5875113089796355,7.412147044553748,79.30700129050045,11.08381821734451,interpreter_1,2026-09-27T12:37:49.720Z,00000000000000000087_0,-17.132660724537825,-21.55059746750432,-20.122732159126148,-20.237222535564992,-18.853821053329348,-17.48095695101377,-18.15178310477184,-20.335167187123933,-18.3050534683434,-16.076586175560447,-17.25188958911819,-16.889162853125793,-17.15499978643651,-18.29648545519662,-15.58556913654331,-16.112232163959533,-16.29086910796338,-15.897040278949532,-18.224551272870944,-17.969333962146887,-17.480631775138807,-15.85038559488944,-13.656830885401815,-18.7781083784503,-18.764771141701445,-18.97684727391965,-18.121856160560363,-15.5141191685305,-18.975985153349683,-8.807866251162633,-12.201678107516434,-12.766710428007787,-14.565607907217826,-13.64667494437874,-11.587809072929993,-12.856179161712738,-12.011760833484969,-13.00474992881163,-8.641580048879625,-10.199747080267391,-8.156147910420637,-9.81423456872422,-10.475345445394762,-8.056461814453007,-10.552170611935184,-8.741006563542491,-9.17810283896152,-9.257615595186383,-11.480668477151475,-10.55718691759314,-11.296342719923704,-9.482438740209243,-10.935010691502905,-8.944107514529907,-10.604466928986234,-13.05076836204648,-10.674889470976336,-10.173096330383713,-10.748980181596243,1.7078972376310162,-14.565607907217826,-8.056461814453007,6.509146092764819,44,-17.725456895349264,1.695636030229318,-21.55059746750432,-13.656830885401815,7.893766582102506,20
151,P0151,2,Vegetation,0.40063092,-15.664559898930229,-9.708721906901488,0.6197889994703598,5.955837992028741,79.25570748777723,11.010785184745592,interpreter_1,2026-09-27T12:37:57.795Z,00000000000000000089_0,-13.758690996774584,-17.10623439643622,-18.92716548074537,-17.42217817961323,-16.132362659455435,-17.49516161549821,-17.00661432694654,-18.944526138650183,-19.504263508476424,-17.405606910946364,-15.47261487520592,-13.971917903043332,-15.499109218724566,-13.489054232396253,-12.777220658200877,-14.105699774883576,-14.749803927185102,-16.06008633200664,-14.258674264087636,-14.450399534885214,-15.60102949435231,-15.141702769583102,-12.4478869485655,-14.49305297736204,-15.664559898930229,-17.762523780630932,-16.726468473593155,-16.822942598553738,-17.80474987924676,-9.260529076522497,-8.959716554990543,-11.677585709403717,-10.403332523298012,-11.613454836442234,-11.49483894854772,-11.090138832555676,-13.072132704524236,-12.344801619673383,-8.747211837680629,-8.234125144177584,-9.8908850566274,-9.708721906901488,-9.12809055206319,-9.705985590085218,-9.430688091270904,-8.812562555942307,-9.371089112956788,-8.417176636521194,-9.266210787144884,-9.916241441693058,-10.605689522123283,-7.01931525882272,-9.486351322271812,-9.93952938394082,-10.982922251794808,-9.411133547193788,-10.690670605525517,-9.770739152401127,-9.946616226313672,1.2819514358854511,-13.072132704524236,-7.01931525882272,6.052817445701516,104,-15.89663109499929,1.839297932755569,-19.504263508476424,-12.4478869485655,7.056376559910923,116
152,P0152,2,Vegetation,0.62763524,-15.081992305785626,-9.065591688285856,0.6010871444887418,6.0164006174997695,79.2351360677709,11.10726424626003,interpreter_1,2026-09-27T12:37:59.923Z,0000000000000000008a_0,-12.447618036171972,-14.307720033272195,-16.441034387440965,-15.509754507538553,-15.081992305785626,-15.92821269232886,-16.430092918209116,-14.159945583752956,-14.048753895274745,-14.110320980695905,-13.46137426954967,-15.58034319646488,-15.489329932929625,-15.219084956072846,-14.66758921142564,-14.571184570738264,-14.839954122123224,-14.79575445121798,-15.602314663887434,-15.804198153133758,-15.075241939813944,-13.789786460038744,-11.530371393198228,-16.3667418608671,-17.012607647707288,-15.5610192436596,-16.605605698897193,-16.203855528162567,-13.808024912201954,-9.068852782768763,-9.834641213632375,-10.315938012164596,-10.59402921358878,-10.70108679402204,-9.732361086201353,-9.106512549690995,-9.478150616957745,-8.455949788752196,-8.068602927996402,-7.800683709699109,-6.779678160646343,-8.403609254452501,-7.35698795819123,-8.164627966872093,-7.8753142650501715,-9.065591688285856,-6.687181275584577,-7.211238721589303,-8.352960146726158,-9.15585298457456,-9.404580339490696,-8.951783773435753,-10.386603946850236,-10.573767480223012,-10.017084907715974,-9.682513816856495,-7.679177753132258,-8.910510467156278,-8.890202538010614,1.139545552652549,-10.70108679402204,-6.687181275584577,4.013905518437462,56,-14.981028536295202,1.234395709479844,-17.012607647707288,-11.530371393198228,5.48223625450906,308
153,P0153,2,Vegetation,0.7878788,-16.309526117726826,-9.325781465969712,0.5717996585954462,6.983744651757114,79.3058334806311,10.96551009442597,interpreter_1,2026-09-27T12:38:02.160Z,0000000000000000008b_0,-14.025792061080494,-13.81956714985879,-17.108297270849487,-15.84714692322738,-14.847451849223518,-17.06390899596792,-17.191244006026366,-16.198466984556795,-18.479917946640303,-18.109347824886704,-16.309526117726826,-16.967686217105847,-17.437209706708906,-17.853002038683304,-14.206438738599562,-16.013794908076118,-15.132655163442394,-16.167327859389204,-14.09353951013524,-12.656457836213262,-17.372150181414273,-18.53354799611605,-15.054934915079114,-17.61371702312304,-16.439015477992157,-15.66947158355713,-20.4557432376795,-20.49020357105386,-13.12293962882185,-7.341989198310217,-8.630389851393979,-9.592402488725533,-8.799590705205825,-9.709654572345016,-9.325781465969712,-8.240516377383754,-9.288692502791491,-11.17596624190924,-10.534709167952776,-8.203430271608687,-9.278731843934576,-9.203273970765864,-9.861100153864584,-8.151042869360111,-9.810649050320862,-11.377911385218937,-10.085083885233097,-7.586198612395995,-5.90213153193462,-12.292191505465857,-10.877461565984172,-7.932489386093263,-8.690314175943028,-10.864167634750023,-8.167677460673563,-10.218852214121036,-10.533752628030443,-10.16619712888315,-9.373874132640324,1.3626580671926036,-12.292191505465857,-5.90213153193462,6.390059973531237,260,-16.35450009390467,1.916476990886704,-20.49020357105386,-12.656457836213262,7.833745734840599,344
159,P0159,2,Vegetation,0.7790531,-15.099968397549857,-8.527199943912875,0.5647164099559646,6.57276845363698,79.42953149525435,10.939099625072854,interpreter_1,2026-09-27T12:40:37.671Z,00000000000000000091_0,-14.077429493036886,-14.593509997109395,-13.143628725222271,-16.92089112641157,-16.388798532175077,-14.560451734434858,-18.88296062913098,-17.990931694797602,-16.41115329892736,-16.305980697011396,-16.4844892989044,-17.018001389065695,-17.193270096720994,-16.032041945210374,-15.099968397549857,-14.339460297433249,-15.303867920413325,-14.6837385786835,-12.579322199422226,-14.004649974190858,-13.29732795011548,-13.08336065283621,-13.875960240141158,-12.939825585432294,-18.84702383698543,-15.919267312077691,-14.316852962792536,-14.172771737087311,-15.435176789577156,-7.726931303459796,-7.674581436623647,-8.694114560162951,-7.862449115269364,-9.699388739832637,-9.12959202739856,-9.247681794977517,-9.148833812149071,-9.264815683220116,-10.915340751591511,-9.073449305532106,-6.733357485858457,-9.632986575209564,-9.106601318424287,-7.698868839468847,-8.917157068433706,-7.96183362817632,-7.517659752667122,-7.047995751945008,-6.236921998788919,-9.005984784806463,-8.140757541519454,-6.923607327590436,-8.367047976938794,-9.47214368924309,-8.527199943912875,-7.845119941613977,-6.419850044947461,-9.013646501792648,-8.379514437984646,1.0794464598531004,-10.915340751591511,-6.236921998788919,4.6784187528025925,128,-15.306969416996456,1.7015980417849053,-18.88296062913098,-12.579322199422226,6.303638429708755,92
162,P0162,2,Vegetation,0.45943522,-16.189758604593123,-11.281025222624992,0.696800088138714,4.908733381968132,79.31104370927899,11.10456930040767,interpreter_1,2026-09-27T12:40:47.629Z,00000000000000000094_0,-15.567433035767928,-16.661692282466404,-16.862414022546957,-16.996957507881245,-19.372252818723087,-17.15655927912278,-18.68175335629168,-17.334535647258008,-18.592583532701106,-16.379257599585703,-17.081485802052004,-15.834054837015016,-15.353743475830278,-16.189758604593123,-15.094489191252066,-14.926584180496096,-14.59387155282494,-16.364042715331824,-15.961543461369448,-15.292144422544691,-16.14593448528822,-16.004880279748118,-13.58262048497663,-15.22613370084663,-16.48601474051301,-16.05128221765508,-17.861181719196164,-14.64513906845662,-16.651577847890113,-11.214390535994902,-12.604347734951087,-12.448217000171084,-10.70703245829964,-13.110978441253776,-12.591856317615864,-12.623154854168712,-11.698957773016549,-9.74638983053412,-10.901760887353191,-11.63355594742111,-10.684556355662735,-11.281025222624992,-12.249797631983675,-9.293275659455428,-9.878254456874703,-9.978262003396871,-12.48081008874425,-11.318852113034518,-10.776165691202856,-11.094647858558124,-12.26428319101753,-9.911334765719475,-10.360433127673195,-9.0507739259027,-13.696817893564692,-13.066185921568852,-10.11994119942,-12.498222648316371,-11.3546303977759,1.233363185522111,-13.696817893564692,-9.0507739259027,4.646043967661992,320,-16.308686961042238,1.2704779746045332,-19.372252818723087,-13.58262048497663,5.789632333746457,56
163,P0163,2,Vegetation,0.8367625,-15.797686541986554,-9.969062437416072,0.6310457174169545,5.828624104570482,79.263073673107,11.091274234202702,interpreter_1,2026-09-27T12:40:49.936Z,00000000000000000095_0,-14.281085348021112,-15.524918269292131,-14.275350053299215,-16.282217991236116,-15.71682251049308,-15.148781529291757,-15.2159861396174,-15.336201611739584,-15.863267123013216,-16.723460612235957,-15.384922544932255,-15.191047932778076,-17.01201322847409,-17.403750720619268,-17.412719485526026,-17.033821660581616,-15.147750818079082,-18.56618927930561,-15.797686541986554,-16.35108392974084,-16.21739193009595,-17.03360347454628,-15.04964726074789,-14.486875990909258,-12.706928681031984,-16.05633514337105,-15.85630030850503,-13.78901989335517,-16.796717243112788,-8.497533122357275,-8.421426865665572,-8.914266167120442,-10.39774243088862,-10.373900316430475,-10.220527825355168,-9.246313031258165,-9.210134104366604,-10.685741079645288,-9.365917004095117,-8.754275036088515,-8.380324500306,-11.467894985233318,-11.29105402848364,-9.104716755423084,-11.624299366004632,-9.734969475711834,-11.959430831462416,-12.167583295922286,-10.02388706919946,-9.082989415475248,-10.026664572870343,-10.829590157444844,-9.969062437416072,-9.024353068327862,-11.666902891161431,-9.801286130122689,-9.114088124801526,-11.744116417239518,-10.037965189857845,1.1366905664434492,-12.167583295922286,-8.380324500306,3.787258795616287,236,-15.78144473296339,1.2108536846314537,-18.56618927930561,-12.706928681031984,5.859260598273627,224
166,P0166,2,Vegetation,0.8106235,-15.545707375060974,-9.375708254473734,0.6031059268177534,6.16999912058724,79.39431753611687,11.05848572633234,interpreter_1,2026-09-27T12:41:02.245Z,00000000000000000097_0,-16.188970765012627,-15.183009538290335,-16.643576055063367,-17.519468592986446,-18.908557829631963,-15.357315749207867,-16.7499035035328,-14.253067977891869,-16.2784667819004,-16.550549324406237,-14.802451633949104,-15.64593786127193,-14.593999222729668,-15.827672283726017,-13.530070338718668,-13.979019595832906,-14.869659067670568,-15.718422799151044,-14.546274593542948,-15.289051564217178,-16.535242902912795,-16.12769810573321,-15.339421180935418,-17.343229951816078,-15.435680430739176,-15.545707375060974,-15.331783705798811,-16.006995775097188,-14.562286343494698,-9.240835222541577,-8.960777562356027,-10.766624948363358,-9.554020194258364,-10.166891431675536,-9.376013457189408,-11.695826725598176,-9.760216626476913,-9.46254882382629,-10.14290174300382,-7.869065710026662,-10.427834588992113,-8.179885402794602,-9.498422459789882,-7.783406086883646,-9.064138258413053,-8.208337691322482,-10.884771569740876,-9.137286525467344,-8.273530128283639,-8.757100229645198,-10.462842845050332,-6.45539701905882,-10.01308914190792,-9.096379560918155,-11.217849912249624,-9.375708254473734,-7.121917858165492,-8.340647871628954,-9.286009236210417,1.1914055607971934,-11.695826725598176,-6.45539701905882,5.240429706539356,92,-15.678051408631802,1.123361731987762,-18.908557829631963,-13.530070338718668,5.378487490913296,56
170,P0170,2,Vegetation,0.66163796,-16.291415627385287,-9.232673744849194,0.5667201645343453,7.0587418825360935,79.43357391403289,10.891219420429284,interpreter_1,2026-09-27T12:41:15.713Z,0000000000000000009b_0,-12.809981830087578,-15.706681654506918,-13.084069843862364,-13.833533072397042,-13.814291352948104,-15.915629437126636,-14.916579675582714,-16.291415627385287,-19.83855142201816,-20.43089132281736,-19.33674673515252,-23.96133955366952,-18.37243725442013,-17.96293661315062,-16.31961922906664,-17.53348412600559,-17.91239488133322,-16.58383033827874,-15.501864359880758,-12.090116867194595,-18.42816594616055,-15.165759096141052,-14.5604947350536,-17.304440435047276,-18.575311195786536,-16.44203438914605,-15.12395458303795,-13.972628599950037,-14.91630415060978,-6.316375353124481,-5.730524517856564,-7.735750171532107,-7.135623460921781,-8.57048527028175,-7.416934075881704,-9.41601895588656,-9.779815837979386,-11.456204949659408,-12.588897932336744,-9.653492236465578,-14.049725558747244,-9.447880993433696,-11.190034702650076,-10.806617389581367,-8.791094756706055,-12.605994237699932,-13.870259741954158,-10.748037381979952,-7.605285998643499,-12.889653869242784,-11.46418126572694,-9.029702550086435,-9.232673744849194,-8.70162021682274,-6.820945518441661,-5.674313656670628,-6.813954415761829,-5.790900598526388,-9.356310322739676,2.4201348852905777,-14.049725558747244,-5.674313656670628,8.375411902076618,152,-16.438120287166118,2.5429641592140526,-23.96133955366952,-12.090116867194595,11.871222686474926,152
171,P0171,2,Vegetation,0.37562189,-17.668311897595792,-9.808679359954471,0.555156565992543,7.859632537641321,79.28750784883506,11.09028608739017,interpreter_1,2026-09-27T12:41:20.530Z,0000000000000000009c_0,-18.314847489330404,-19.58028027161835,-20.523207248677128,-17.111234942184826,-19.13669121358809,-13.89339583316529,-16.391089166593986,-17.026968339002508,-17.433021272038822,-14.99864824216245,-16.37118745834704,-17.97653515472933,-17.668311897595792,-21.69010581793305,-18.682193185954112,-22.76672817171474,-18.37312187578195,-20.20920578283178,-18.164422654809936,-18.531026695659225,-17.831712514014114,-16.525214490602526,-14.276493734604252,-15.792513870027491,-14.891726416321058,-16.95888970863541,-17.350781611268943,-17.48991701123872,-22.796394779631555,-9.696857149901286,-10.738810170060145,-10.458172668132498,-7.4061136628077,-11.402078286295064,-8.056843231937224,-9.505865919339335,-10.66771500425478,-9.808679359954471,-7.481528286928758,-9.654433136223496,-9.54796054910297,-9.674481527603064,-11.33335453494172,-11.016336383287095,-12.526542141769172,-9.529424222431,-8.587233636606566,-10.393449894049002,-12.027519435246983,-10.970389458850049,-10.0253696588976,-7.284494855480021,-10.095275935701626,-9.277921520459712,-9.819711216505375,-9.602832804831932,-7.608590324976773,-14.595279856982176,-9.958388442536467,1.5791312379206086,-14.595279856982176,-7.284494855480021,7.310785001502155,356,-17.88813333965734,2.2025123704124607,-22.796394779631555,-13.89339583316529,8.902998946466266,356
172,P0172,2,Vegetation,0.5657957,-16.23216429404365,-9.872406595855038,0.6082002631945816,6.359757698188611,79.36808672982058,11.08480636415704,interpreter_1,2026-09-27T12:41:23.825Z,0000000000000000009d_0,-16.31515993957937,-16.318478939259734,-17.218400670817978,-15.469373734222971,-18.184351248766205,-16.209302133127345,-17.35821521714171,-18.52177159963608,-17.1350720232837,-16.762700140300986,-16.74237195739648,-17.454695374756643,-16.22892857489582,-16.23216429404365,-15.654588685482889,-14.82139930026644,-13.636676507496428,-16.618377131361427,-16.994235383471853,-13.834792625806404,-15.22464642159691,-17.203848141681515,-14.51859873106439,-13.841931256091067,-15.71512207681257,-14.946521095020026,-16.47514848081078,-13.766210353315376,-14.21983660082548,-10.1336961464534,-9.71861133034188,-9.992262720651317,-11.244599204119712,-10.454160925065285,-10.63771752349246,-9.613444822408724,-9.813872163644827,-11.76601457190528,-8.242309509162833,-6.955751545686216,-10.0640284010873,-10.058799464782748,-9.312128766956963,-8.010164102648979,-10.107580111352195,-9.516543240957333,-8.996408501995454,-11.397013276001411,-9.489937694149129,-10.853294295643469,-9.872406595855038,-8.615898083581156,-8.389761175217474,-7.844004225051253,-10.196652865123406,-10.098192490617368,-9.8816837022343,-8.013221683949519,-9.630695142763326,1.1107482508731357,-11.76601457190528,-6.955751545686216,4.810263026219065,116,-15.986997194425252,1.3294457299308664,-18.52177159963608,-13.636676507496428,4.88509509213965,104
174,P0174,2,Vegetation,0.55540264,-15.5348327958232,-9.665788098680247,0.6222009741410963,5.869044697142954,79.08799202423211,11.027044691388156,interpreter_1,2026-09-27T12:41:30.032Z,0000000000000000009e_0,-13.250683718540234,-17.542835854941018,-18.08200146738273,-17.087833290063095,-17.723925119121255,-15.903287878670536,-14.743460336427193,-18.143116005926032,-15.5348327958232,-16.557347279732745,-15.717736802726073,-14.137802925192547,-15.59476804646045,-14.864834378176097,-12.771903249032238,-16.662676137581126,-14.089247642585958,-13.165677626428074,-15.659353026427317,-14.990085689707282,-15.18076964388746,-14.969525027488482,-13.441127497389791,-15.90664056784214,-14.873671565382374,-16.48927051947186,-17.7048886284644,-14.029623092347787,-14.00960225009685,-10.3047377554892,-11.852424219802844,-12.654605162528096,-10.24964513050266,-11.170643669065912,-9.665788098680247,-8.870870513843318,-11.092994920984957,-10.741061214562626,-8.998831428336029,-9.964340936593029,-9.038518576500012,-8.294856145218285,-9.614643566896708,-8.596291819883866,-9.658231973578946,-9.580071188255229,-9.151685845990317,-8.945768292237501,-9.028240642116549,-10.491832954435544,-9.937089589425929,-7.191168591489343,-9.40350644492844,-9.541830146164775,-11.77039114014297,-11.224637521354545,-9.829581891029058,-10.7625421354383,-9.918166603981907,1.1583111426244372,-12.654605162528096,-7.191168591489343,5.463436571038753,32,-15.47684579528677,1.5134900815291474,-18.143116005926032,-12.771903249032238,5.371212756893794,104
175,P0175,2,Vegetation,0.4707904,-16.631442092086854,-10.093352048786215,0.6068837562551822,6.538090043300638,79.11853474389218,11.034860034359996,interpreter_1,2026-09-27T12:41:43.633Z,0000000000000000009f_0,-12.574466580799468,-15.962083269449437,-16.248014979522598,-16.631442092086854,-19.530417248978896,-19.562923283603883,-17.580534890950688,-18.735119838741088,-19.02978652771053,-17.077502381960286,-17.072856716909243,-16.49594102665888,-18.361394790427987,-18.22615758696781,-17.813402808566817,-18.42179081985346,-14.124971151647024,-15.426091028662189,-16.452524207222446,-15.407272475732665,-15.17992248229609,-16.606906892208436,-11.441159990463722,-16.1871325799679,-16.78216214295736,-16.757267936364446,-13.94155203918542,-16.91717953694306,-16.025127398515664,-7.826591016696468,-8.262346689153357,-9.984753361118363,-11.65145971036819,-11.893450984772937,-10.416336694768056,-10.466532960397997,-10.698955567385118,-9.303927158668293,-9.123888863289771,-8.504357325230723,-11.337525486222972,-9.813118309161409,-11.495780848219008,-8.447787698495814,-11.200583080662485,-9.3435982488854,-8.71855299306136,-10.705350103640193,-8.599977022390943,-10.093352048786215,-9.339582553202986,-7.520783231958784,-10.218636130140828,-11.248284159958072,-10.529934422823176,-7.267678864595359,-10.759304390635512,-10.743471244054303,-9.845375902370488,1.276400395975906,-11.893450984772937,-7.267678864595359,4.625772120177578,56,-16.57148636915015,1.87367743151472,-19.562923283603883,-11.441159990463722,8.12176329314016,80
177,P0177,2,Vegetation,0.7238895,-14.831137475349632,-9.424486509630963,0.6354527105756457,5.40665096571867,79.25903125432848,10.989764607097197,interpreter_1,2026-09-27T12:41:51.678Z,000000000000000000a1_0,-14.665575526143996,-14.202065824940933,-15.810202846781998,-13.078823255684604,-14.19922064223718,-15.217513486742696,-18.06460979403228,-14.831137475349632,-15.842582734817409,-14.912906442811892,-16.81584258341295,-14.79466951278872,-15.806908663890148,-13.784315054708449,-13.586823480002876,-15.470029009141443,-16.982895038156684,-13.672544925563468,-13.85591593266648,-13.140394071893873,-12.516771481367584,-15.632916459591286,-13.441201463235323,-16.38955125736191,-14.503180882540793,-14.544206732539656,-19.37760112350288,-19.325155178389,-17.14442800035205,-8.395942482689417,-10.02145211271336,-8.320736279753039,-9.706837214725269,-9.376887144966618,-9.411481656710478,-11.059888348875605,-9.694951960155842,-9.727790825391963,-9.161357154893274,-9.424486509630963,-11.060227445428607,-10.358393769566018,-9.524283484554568,-6.2827114545354,-8.956747825162637,-8.274823183281432,-9.061836098615322,-9.298209136995547,-9.10445372956822,-7.3892616402284705,-11.480730816887686,-9.2264702803533,-9.949786844763654,-10.403783479069194,-9.407609944306984,-10.81050125403739,-12.420441036300256,-12.541957519113256,-9.650139332181856,1.3081446502598402,-12.541957519113256,-6.2827114545354,6.259246064577855,356,-15.22793065105683,1.7262120211761642,-19.37760112350288,-12.516771481367584,6.860829642135293,332
178,P0178,2,Vegetation,0.4574268,-16.655140685695727,-9.59594133980342,0.5761549254306149,7.059199345892306,79.369703697332,11.079146977867088,interpreter_1,2026-09-27T12:41:57.897Z,000000000000000000a2_0,-17.409494530325226,-18.155051087459555,-18.27135693012013,-19.2781928674437,-18.86012242833597,-15.994079917015734,-18.04542979858881,-19.707712904949897,-17.808609451711003,-16.915347793127353,-16.362802126606237,-16.655140685695727,-15.601822470125802,-15.19929164930113,-15.372778636261508,-16.060998099431227,-15.294648931875855,-13.924766706847238,-15.927021506607147,-15.714584061552854,-16.145718341989554,-16.704802467784397,-13.134586883465232,-17.14493560636769,-18.77653526141082,-16.949807186977203,-18.10206898679858,-16.436107261352518,-16.098091742919056,-5.8092554439071575,-7.813204206068768,-10.695109765414172,-11.166549876734091,-9.215852598763522,-10.080799276668031,-10.805975350784324,-11.387918154441014,-9.39902896430078,-7.730861041458153,-7.431526227390632,-9.469406353524588,-11.23949621996146,-9.716256740788662,-10.620919852082046,-9.032773641609907,-8.884323629629886,-7.883700892173517,-11.234529500524689,-10.55251308350571,-8.614364872568371,-10.350633848099305,-8.184474426257161,-10.001919480381842,-9.59594133980342,-10.213269128813035,-10.468945636008293,-9.535708384568588,-8.859227243879994,-9.517051213107282,1.3233438583581385,-11.387918154441014,-5.8092554439071575,5.578662710533856,104,-16.760410562843006,1.5075212785331216,-19.707712904949897,-13.134586883465232,6.573126021484665,104
182,P0182,2,Vegetation,0.262779,-18.102879264000173,-11.03413669400323,0.6095238515977943,7.068742569996942,79.21743925667374,11.047346616809255,interpreter_1,2026-09-27T12:42:07.210Z,000000000000000000a5_0,-18.71208210806953,-18.16741609311752,-19.164192936768888,-17.7882577335776,-18.7187832355901,-19.48616309798665,-20.09314550812121,-20.315150057635257,-18.527173146921005,-16.98127959486363,-16.795211346112985,-17.04781784420355,-21.44242988394137,-19.84805315271845,-18.649236488486743,-17.650108505142235,-15.242849654394757,-16.073552386084934,-17.97381345846278,-15.739490568203651,-16.967976373958134,-15.779394197288156,-13.27302409177193,-17.50470842406387,-18.21804151894965,-18.06417775810331,-20.232684028515592,-18.63975113866262,-18.102879264000173,-11.075125059442472,-10.575336817793383,-11.16465948919575,-10.772064626691307,-12.292571098866008,-9.920238634996135,-10.796740967411187,-11.52226212796432,-9.430429255000174,-10.008661923203404,-7.124567268195111,-13.22069820903116,-15.212197250434,-11.50866147448028,-10.254169328586135,-11.588887515658278,-10.47908775455702,-11.033831240042735,-11.33363429195664,-9.86198713672466,-9.840175795859764,-11.978185767832542,-7.267581241209797,-11.18958744451194,-11.23308679666592,-12.10283131800356,-11.907015039640385,-9.35402936354714,-11.034136694003228,-10.864911756258772,1.5305976587582226,-15.212197250434,-7.124567268195111,8.087629982238889,164,-17.972373917093666,1.705254749865128,-21.44242988394137,-13.27302409177193,8.169405792169439,164
183,P0183,2,Vegetation,0.6400171,-16.55701117468039,-10.07527125314954,0.6085199283163515,6.481739921530849,79.31849972613718,11.082291081361507,interpreter_1,2026-09-27T12:42:10.669Z,000000000000000000a6_0,-15.584796390767458,-16.054706492175846,-18.43009563857004,-17.44915542154737,-16.697589544545885,-15.258058106139387,-16.446780851671534,-18.08362406594169,-18.323086467932093,-17.070656071892575,-16.93480825161434,-16.566083413498582,-16.527208431178675,-19.40313168805034,-17.158847632610822,-16.78354086154777,-15.90731545148902,-19.977966455051416,-15.536258862123688,-16.55701117468039,-16.74718230349542,-16.18518661981536,-12.958381669445169,-15.798396660077,-12.963766051980834,-16.118941675667113,-15.147879180433868,-13.686631264576194,-16.58463422047547,-7.664907025161929,-8.243643830923572,-10.15704674542613,-9.071403222076167,-8.085893182795786,-10.398171527906648,-11.907123968037393,-11.263919269922964,-11.895196239142528,-11.03133586195726,-10.52761916840299,-11.25912518653313,-10.41597844314564,-10.784338368398068,-8.521913362701941,-10.232054391852545,-8.198404440176105,-7.796058735989586,-10.07527125314954,-8.966359886433867,-9.69661937036716,-9.68363370549717,-8.185838399144629,-9.19545075126434,-9.645160623657445,-10.161515417124464,-10.619377620428487,-8.999761192110348,-11.3553938932772,-9.79443155458638,1.2245037041200282,-11.907123968037393,-7.664907025161929,4.242216942875464,92,-16.446266238586045,1.569452611090666,-19.977966455051416,-12.958381669445169,7.019584785606247,224
184,P0184,2,Vegetation,0.75580764,-16.66395627053738,-8.85358850954153,0.5313017128588527,7.810367760995851,79.40931940136167,10.950059071539114,interpreter_1,2026-09-27T12:42:13.774Z,000000000000000000a7_0,-15.177509097898987,-17.878220664950298,-16.88952606864327,-16.9447460080696,-16.66395627053738,-15.877292913768471,-16.37799509115398,-17.77966877886996,-17.417444025841178,-17.103602786859664,-17.24535497705216,-14.672450065767707,-15.232308659721197,-18.442119594224337,-15.913571862604645,-17.55978887659493,-17.292069522159373,-14.761846206756084,-17.958986532142905,-16.992342931072514,-16.20006716469642,-15.721697034760002,-15.881011918320826,-15.440099196803256,-14.114125540539924,-16.698911786478313,-17.257708215435834,-14.268726006618866,-14.257170037980702,-6.906564573969916,-9.242333525459802,-8.246449402560993,-8.079111944575917,-9.540424569871334,-7.840865052642933,-11.02947224107996,-8.853588509541527,-10.189745578079162,-6.982887930666748,-8.776150889714158,-10.030706744597328,-9.102763003751129,-9.55383711681679,-8.801889059879992,-10.309403480514591,-7.321284048922494,-7.4192564260173395,-10.244930840276991,-8.65537911340213,-8.389486039168219,-7.678741261725408,-8.92717160993454,-8.886657262677318,-11.903649143736017,-8.673693106963288,-8.486055354334791,-10.085030099420786,-9.298037908056685,-8.946743649598561,1.1657233185656335,-11.903649143736017,-6.906564573969916,4.9970845697661,308,-16.34552820125251,1.201397994741913,-18.442119594224337,-14.114125540539924,4.327994053684414,176
188,P0188,2,Vegetation,0.7472081,-14.917698516677676,-9.369006770500436,0.6280463946919214,5.548691746177237,79.22516476811717,11.13080010670396,interpreter_1,2026-09-27T12:42:30.302Z,000000000000000000aa_0,-12.216170877756587,-13.652145857094348,-15.185951938258055,-15.192248331681135,-12.173699589869194,-13.79830677678773,-14.714823227927274,-16.06535188005119,-12.614729130242155,-13.195331629307114,-14.511658314162458,-13.62754428817323,-13.79199980943374,-15.544601523879953,-15.316052864549771,-15.42364579607348,-14.503346070866328,-15.675056357959347,-13.414602980601073,-15.436297548551416,-17.006568849966346,-15.444150970216272,-12.92917497905977,-13.879707547827964,-16.134682366244924,-15.281642373176856,-16.09504684866,-14.917698516677676,-17.390891787032466,-9.05694506246039,-8.92783942743091,-9.24266673306968,-10.76108334790975,-8.365051600355319,-8.840448137233535,-9.421756096206812,-10.016581094534365,-10.573247570624428,-8.853438912746,-8.526106530413816,-9.038311648704555,-8.046156375226195,-8.621406864538152,-9.637037229186454,-6.934689475178929,-9.032252104541303,-9.581301597935347,-9.369006770500436,-8.751764809401232,-9.772041678697938,-11.788362665765469,-8.650491543383346,-11.110295520890396,-10.626386642835945,-11.02177354434607,-9.838252837832435,-10.823578478680403,-9.759287122221878,-9.48232970423626,1.0393922895987608,-11.788362665765469,-6.934689475178929,4.85367319058654,272,-14.659763070071994,1.33255205722156,-17.390891787032466,-12.173699589869194,5.217192197163271,356
189,P0189,2,Vegetation,0.5895611,-14.355405716422158,-8.002453153646261,0.5574522456367563,6.352952562775897,79.34185592352429,10.964971105255495,interpreter_1,2026-09-27T12:42:32.503Z,000000000000000000ab_0,-15.357249368696472,-14.5466078103128,-14.632021728656571,-14.314776563198526,-14.001216494095107,-14.895464179506783,-15.135871901774742,-15.17049460479374,-13.718764776388328,-13.936571380654833,-13.973857249238382,-14.295150796674436,-15.618682526169286,-14.355405716422158,-14.124716023352198,-14.30019198130556,-13.902179683417945,-13.912880908217854,-14.730757126388427,-13.940613496299054,-14.594979703574708,-13.81803958369283,-13.36867475012086,-14.882654251910122,-14.204099666050636,-15.228921565761649,-15.16764560771528,-17.092347988999265,-14.552918866624932,-6.824666149056204,-7.661296330861634,-8.032010678650208,-8.688511880272628,-8.506801009154836,-6.195264012880221,-8.407253755735038,-7.830037528872022,-6.411857504990354,-7.747870753041548,-6.622072626952318,-9.346491505482325,-8.77387245581421,-8.673269215860612,-7.875070656772546,-7.61341126393104,-7.318024352223307,-7.260185495855817,-8.43753819140542,-9.08927500805561,-8.002453153646261,-8.817618331346612,-7.484974020143163,-7.871314709252878,-10.204228047499658,-9.117918771521875,-8.585660044305495,-8.510907034261495,-7.725033689488726,-8.05637545439083,0.8950265278180659,-10.204228047499658,-6.195264012880221,4.008964034619437,308,-14.54392263103495,0.7298553638756679,-17.092347988999265,-13.36867475012086,3.723673238878405,344
191,P0191,2,Vegetation,0.8380076,-15.204099542665992,-9.390590605381936,0.6176354330639515,5.813508937284055,79.24178360087338,11.084087711929746,interpreter_1,2026-09-27T12:42:37.881Z,000000000000000000ad_0,-13.757722733887706,-15.277210607568575,-15.688647343386275,-16.474154116217697,-14.200771748611508,-13.962512132155933,-15.622912437552008,-15.759879965855609,-15.371387690096723,-14.492519912603267,-13.91878244763438,-15.204099542665992,-13.833658229060292,-16.127865925516296,-15.329128274307596,-15.656465229751468,-15.354339067042831,-13.7527395382168,-15.329387397217944,-14.703936386962296,-14.277924084835895,-14.86382575629149,-13.293405190344629,-15.742430176212183,-15.07668672690123,-16.842445987156122,-15.1477950166472,-13.808891675133628,-16.06384010988202,-7.895071727309849,-9.437070501553762,-9.089762505129714,-11.138642196399926,-8.556395446938302,-10.417143047083483,-10.176795219674148,-11.02006134615192,-9.892244011094176,-8.914153776444218,-10.287705929508707,-8.6282337871529,-9.51334558939671,-9.079631304100523,-7.787127951744877,-9.508397489462116,-9.1581500948426,-8.466952579166637,-8.038948191040916,-10.282384160442724,-9.270570847348983,-11.18958021045817,-8.565845755628919,-9.657296829025151,-9.390590605381936,-9.372062054605802,-10.888642611660412,-8.122920688291975,-11.536171429885169,-9.49247923748016,1.0281337895381442,-11.536171429885169,-7.787127951744877,3.749043478140292,356,-14.997771222403983,0.9017140798903466,-16.842445987156122,-13.293405190344629,3.549040796811493,320
192,P0192,2,Vegetation,0.5147745,-14.973193601025168,-8.140108900990423,0.5436454718940584,6.833084700034744,79.44462319202756,10.962904980102024,interpreter_1,2026-09-27T12:42:42.227Z,000000000000000000ae_0,-12.911378695883323,-14.583060727771445,-15.29762578706448,-16.594385857345863,-14.973193601025168,-16.191825428358804,-15.146841274372866,-16.85612222508623,-18.23391016424112,-14.001299828456157,-16.0826286096137,-15.16037175405148,-16.94585819269528,-14.60695811914543,-15.452262184585395,-15.51135307898358,-14.856367047943133,-14.984465702571654,-14.572210912078685,-14.13669812115052,-12.046880332801209,-13.807276112321862,-13.422608557225892,-14.057565591632777,-16.00513337545381,-14.453639744893303,-16.863158808386775,-13.67381066089267,-14.043427174286151,-6.7887114630545256,-9.934002572866076,-9.07526516568598,-8.140108900990423,-7.590620536058637,-9.14897026480628,-9.486305612989812,-9.165875908608124,-8.828285143221656,-8.414254572477185,-10.865675686519737,-7.551852718675614,-10.766188740433776,-8.596797740826362,-7.9135983575515745,-7.855073998645898,-6.062893699107683,-7.871820547729658,-7.377425717150357,-8.959160431920676,-8.419739497685274,-6.620858873781188,-6.371358992506466,-7.762216544719688,-7.331112498281947,-8.036260298444706,-9.3980147514386,-7.841453179392593,-8.272923095001346,-8.291269845192133,1.1544912429020295,-10.865675686519737,-6.062893699107683,4.802781987412054,140,-15.016286816217889,1.3265237356237003,-18.23391016424112,-12.046880332801209,6.187029831439912,116
200,P0200,2,Vegetation,0.7534569,-15.263760797359897,-9.096596369851808,0.5959603593516222,6.167164427508089,79.41740423891873,10.940536929527449,interpreter_1,2026-09-27T12:43:09.078Z,000000000000000000b4_0,-15.735908326778404,-18.077234722822784,-15.288626154000792,-14.967753349355933,-17.30938553588817,-16.464816838786,-15.263760797359897,-15.17843654887482,-15.976081669892476,-16.49700033310108,-15.821332784502069,-15.810139651388411,-16.409483346100956,-16.151422265776237,-15.731869420649351,-13.596618416242864,-15.120822143740366,-14.826484159453466,-14.75747019313838,-14.124280248699844,-14.742885508340528,-14.96073824549615,-14.34063241745054,-14.359642275674268,-16.634768527833327,-15.013011692367854,-14.802679940247074,-14.099190438577748,-15.364701985054705,-8.541104562026517,-8.296960851809382,-9.149790667058026,-8.10383172242534,-9.145696317941196,-10.316654585105454,-9.610029519686726,-9.441792263775922,-10.001752768992882,-8.881283927167603,-10.13953999655612,-8.915130614150916,-9.087878676422276,-8.16007002324588,-7.569338548529528,-9.920663402160567,-8.67301318469718,-9.57912012185836,-6.396589294835383,-6.334793517674906,-7.661956958741055,-9.443150333262372,-9.647538431010457,-9.405675663880867,-10.201244515363106,-8.65150524183811,-9.096596369851808,-8.561470474225896,-9.407629141834352,-8.908337989521659,0.9890099006636764,-10.316654585105454,-6.334793517674906,3.981861067430548,80,-15.42852337715843,0.9849105256646262,-18.077234722822784,-13.596618416242864,4.48061630657992,20
201,P0201,2,Vegetation,0.49618322,-17.296120233239098,-10.308624874593518,0.5960079333157474,6.98749535864558,79.09428023122095,11.084357206514982,interpreter_1,2026-09-27T12:43:56.723Z,000000000000000000b5_0,-15.315424264374872,-17.084495092784707,-18.19556202428348,-18.04847856278929,-21.29391964405609,-14.828211418032804,-20.401929533654336,-18.43207495685096,-17.999974243329216,-17.230522172458013,-14.342966172502948,-19.11395355528613,-18.50388378256524,-16.71548449919961,-17.657385236959207,-15.324358649516263,-19.168239778004008,-17.92522975467426,-16.72534941542718,-17.129726073697103,-16.645692731339633,-16.613690590852226,-14.092798371340846,-15.698058425071263,-17.296120233239098,-20.0752899370848,-14.803591329500687,-18.01404478993082,-21.75141130959365,-9.363734010822297,-12.2975277818763,-12.091858132011836,-10.913491495625552,-12.600098775732606,-11.19209796321364,-12.613013463486537,-9.384759096905164,-10.06811077443924,-8.536582709165861,-10.580672890763498,-11.549865580222928,-10.308624874593518,-11.224389148387422,-9.19120060735673,-10.631779860969084,-10.296503451667611,-10.0597615522146,-10.553726649735005,-9.042043048851342,-8.9860641178226,-9.384950911051096,-9.421398948992474,-10.74581537638121,-9.892442871958158,-11.303047173208627,-7.949781505274295,-8.745495825496967,-10.771276567727542,-10.334486729860476,1.207235195534291,-12.613013463486537,-7.949781505274295,4.663231958212242,92,-17.46302988097927,1.9310838860334023,-21.75141130959365,-14.092798371340846,7.658612938252803,356
204,P0204,2,Vegetation,0.69383174,-14.837887022783493,-8.135872347031198,0.5483174480664674,6.702014675752293,79.44965375761863,10.881966773002851,interpreter_1,2026-09-27T12:44:04.616Z,000000000000000000b8_0,-14.118869747382575,-13.06825690892299,-13.228092271218268,-14.934127278386477,-14.908449259548524,-14.133995178937347,-12.965945056410472,-15.828931573198204,-16.412584135911633,-15.116582150645808,-15.416963976361869,-15.046950895379034,-15.008054400326674,-12.693520927161032,-15.575832934990942,-13.928913783923573,-15.66467228627129,-14.891171542650351,-13.86089030051992,-13.55009102674288,-14.837887022783493,-12.594211893915466,-14.982166140638345,-14.521839375505248,-17.293011039423206,-13.797832728465696,-14.85576025395736,-13.576427560856922,-14.187085831020635,-8.135872347031198,-7.611252323953454,-7.452491053946374,-7.820745542685601,-8.738500604064548,-6.763073201428713,-6.79228429043154,-8.814991923669439,-9.581174075105508,-9.79167440179721,-8.350934376216086,-7.65184137251466,-8.046509236355101,-6.379955738441727,-6.706411472780337,-7.74642729881093,-8.549041429937729,-9.825530155412933,-7.229855704237426,-9.03667109658018,-9.22986099493022,-7.59485689361094,-7.511016719883594,-8.149787410789429,-8.769313321397453,-9.694583086501998,-8.226162211085493,-7.594424703692733,-8.432260336907621,-8.145775976696559,0.9378686639186248,-9.825530155412933,-6.379955738441727,3.4455744169712057,224,-14.517210947636428,1.0949249395227063,-17.293011039423206,-12.594211893915466,4.69879914550774,308
205,P0205,2,Vegetation,0.63507307,-16.963069657675366,-10.516300428556002,0.619952676065186,6.446769229119363,79.31005556246646,11.049682236547968,interpreter_1,2026-09-27T12:44:08.834Z,000000000000000000b9_0,-17.49339620737143,-21.0563930881496,-16.963069657675366,-18.18292375244029,-20.005399058202315,-17.632887170310113,-15.519242625670373,-18.44310778647029,-16.547564382776667,-15.479480346380845,-14.943037564604102,-13.717800041770928,-18.26331872235381,-19.03513940684122,-18.021045137215378,-15.857721886937131,-17.820879250972254,-17.32545405265482,-15.58708282875438,-17.28830419314601,-15.79301710398509,-15.20986949862973,-15.88142585998698,-15.1678684174476,-15.17654694359558,-16.83525041627832,-17.939660801411602,-15.113601806569584,-17.51408321366912,-9.675487942162317,-11.643196020012317,-12.949516633433817,-12.134926731657892,-11.559081918687284,-8.80286798522783,-8.253249650488225,-10.549793897909325,-9.68940949020147,-8.517383838076679,-7.933219123280506,-9.640304660512548,-12.05772706753936,-10.516300428556002,-8.256490248698032,-12.498848479039667,-8.555984243128005,-10.7830818800956,-11.234223810199062,-10.861833339469143,-9.58343713323266,-10.8779906851572,-9.148694438032424,-11.61291533727688,-9.570968825437996,-10.0077529037483,-14.17234971901768,-9.140229467893214,-10.570263725417462,-10.372328607709964,1.5271403447240928,-14.17234971901768,-7.933219123280506,6.239130595737174,332,-16.89015762835417,1.6321003437780304,-21.0563930881496,-13.717800041770928,7.338593046378673,20
206,P0206,2,Vegetation,0.87348354,-14.743836523509328,-7.877007204190413,0.5342576331221779,6.866829319318915,79.40878041219119,10.877115870468607,interpreter_1,2026-09-27T12:44:10.763Z,000000000000000000ba_0,-13.75201901723421,-13.717763101989268,-14.848007587009668,-14.70149929714703,-14.564852488735225,-15.277172979432772,-15.857000133114688,-13.72870834583103,-15.834662421074109,-13.54612218162261,-13.17236181170327,-15.42575807108764,-15.238487276159333,-15.76906573793667,-14.887686740881744,-13.48293837383487,-15.88263877014196,-14.891397575255516,-16.167568510652515,-14.743836523509328,-16.382655510119562,-12.860042070703647,-13.035860670819126,-13.63887000852359,-15.23028353114136,-14.414816161984252,-13.18486401195525,-14.882245929426787,-13.97988274123999,-7.056560006638697,-7.889805740996671,-8.067921839077153,-8.817284645150306,-9.883835484089015,-7.877007204190413,-6.946988524919449,-7.566106802975746,-8.539455125851534,-8.728716719274093,-8.64586815249747,-7.669538138941845,-8.046216627845311,-7.172015090827321,-7.00958671164048,-7.350049497036516,-9.929729069576762,-9.305951495315302,-5.599319580424123,-7.552429498807917,-6.791539502873175,-7.229424841440562,-10.700098605109298,-7.561500466170164,-8.937246791441023,-6.173864385717191,-6.345629099048748,-8.887958553479056,-9.578041832802056,-7.995161725315773,1.189514084754703,-10.700098605109298,-5.599319580424123,5.100779024685175,284,-14.58962302000921,1.0087063408134425,-16.382655510119562,-12.860042070703647,3.522613439415915,260
208,P0208,2,Vegetation,0.5454319,-14.662268475444671,-8.939878242837459,0.6097199937246637,5.7223902326072125,79.3607205444908,10.892926219469112,interpreter_1,2026-09-27T12:44:18.515Z,000000000000000000bc_0,-14.539842944951737,-13.054540641051112,-14.11468505812458,-13.80906590408616,-14.601432910285908,-14.123430153956289,-14.662268475444671,-14.11018967592106,-15.07071103000122,-15.985530756837928,-23.55391488587488,-19.35060512803966,-22.358411673218544,-21.52798785484187,-20.06921900947505,-19.82104442948551,-17.609982893354513,-16.657021356389798,-14.31197886198942,-14.637779459489238,-13.6953658517655,-16.29672150681043,-13.985581620141929,-19.677356071799487,-18.12927264102014,-14.459647629173356,-14.429046304610615,-15.334437446481097,-14.196862490180123,-6.147712597175921,-6.78787678464383,-6.566306041343286,-8.13399291229402,-8.011705725818574,-7.575618178664167,-9.661925474407145,-7.870272693272826,-9.88841818620565,-8.681637389618102,-15.771226741588247,-11.536945783928196,-15.109910602795669,-12.413353735984636,-10.79877178112596,-11.240102337723064,-11.752998473050331,-9.294847457762213,-10.562621165214315,-9.750974827500258,-8.57200120234366,-8.939878242837459,-7.242991527119551,-11.086328370621068,-9.28225249090837,-6.393398850191967,-5.144159004948054,-7.070207259090814,-5.689765606282031,-9.206144877395154,2.548312560799342,-15.771226741588247,-5.144159004948054,10.627067736640193,140,-16.350825333269032,2.8858043318169324,-23.55391488587488,-13.054540641051112,10.49937424482377,140
209,P0209,2,Vegetation,0.67459744,-14.7925453216402,-8.021356366234672,0.5422566699525422,6.771188955405529,79.41426013542433,10.90945522069691,interpreter_1,2026-09-27T12:44:22.368Z,000000000000000000bd_0,-15.334719266892398,-16.488071477635927,-15.61089690467434,-15.486054840483336,-15.208659657202436,-14.443552767223183,-14.615527914014594,-17.285239986281166,-17.97194382002332,-16.522465916928198,-16.888504083778248,-15.008704895411238,-14.509964245639855,-14.068821861929358,-14.088289078367817,-13.95863274411754,-12.11020393878826,-12.975210899963017,-14.56334898602388,-13.64737894640134,-16.143064220193953,-13.436394516947168,-14.7925453216402,-15.621285855604468,-14.024961434527183,-14.697380710426724,-14.994998994610189,-15.211581891538614,-14.62749325190664,-5.382459812811025,-6.147770971614578,-7.237078675236997,-10.548641641471368,-10.982203714545,-8.056317447159717,-7.658284174776311,-9.471704155542024,-10.523180694868367,-5.872889102254739,-7.728672087007152,-8.522896564805034,-8.646652355402809,-7.775384443438458,-7.6926269354676515,-7.716962191192795,-7.866356568878564,-8.891125755078933,-8.135648221111502,-9.690270223597562,-9.675304776568067,-7.18477007556682,-7.321224677318546,-6.285339528948515,-8.085931499088776,-9.527326103587049,-7.6337375160948255,-9.14956613171295,-8.021356366234672,-8.187299393495893,1.3615261957577958,-10.982203714545,-5.382459812811025,5.599743901733975,56,-14.977099945833606,1.263014629218437,-17.97194382002332,-12.11020393878826,5.86173988123506,116
211,P0211,2,Vegetation,0.72882515,-13.23864903963842,-5.992318587832242,0.4526382238769513,7.2463304518061795,79.07065453924861,10.851603716399614,interpreter_1,2026-09-27T12:44:31.383Z,000000000000000000be_0,-13.105688680119306,-11.362543116108014,-14.602967867513762,-14.985229434597436,-14.385432563329296,-17.14539086751213,-15.192078277277323,-14.207701253420115,-13.943059103420264,-12.546582062592972,-14.808780209853689,-13.384795615271765,-12.656598317393575,-12.765048959320891,-12.866621043945276,-13.303967704837389,-12.909408038111838,-14.252539017505615,-12.797852129489428,-11.703490932103326,-13.02712986456399,-13.328963246610254,-12.659654534759124,-13.442164563501036,-11.712053112601566,-12.624944411837385,-11.500084316156158,-13.23864903963842,-14.03181558430196,-3.836509492452576,-5.992318587832241,-7.096475880825781,-8.495182969622553,-6.362840848065225,-7.166859595489802,-8.063828430979598,-6.129232737402502,-6.686645609530469,-6.144229676645686,-6.674757564381123,-4.977133779118843,-5.420619146872044,-4.85959665761715,-3.984942183174632,-5.455228818413753,-5.224491041080012,-5.822520616137843,-4.556251008724487,-6.134788268761763,-5.176090800803288,-6.673200177268985,-4.6141700468791225,-4.594074521776086,-4.674549724931179,-6.440862574321374,-7.677746331479912,-7.479924352626222,-5.37491210007902,-5.923792535975632,1.186253078585132,-8.495182969622553,-3.836509492452576,4.658673477169977,44,-13.396249443713565,1.2276289266688898,-17.14539086751213,-11.362543116108014,5.782847751404116,80
212,P0212,2,Vegetation,0.7865685,-14.452421845890209,-8.280153867632619,0.5729250056444499,6.172267978257588,79.37060201261612,11.03180576239399,interpreter_1,2026-09-27T12:44:37.118Z,000000000000000000bf_0,-13.365470386831555,-12.850498831919104,-14.58345581153777,-14.541179056035991,-15.35567542020495,-15.93468551600025,-16.30500013318288,-14.976479548354456,-17.498797818264183,-17.68815213478462,-14.029620228139226,-15.235732697013605,-14.786307554689696,-14.223111142007395,-12.960531742468174,-13.233407642140929,-14.298292852888776,-14.452421845890209,-14.359444498218688,-15.120581219732715,-14.016219248155783,-16.409335070606545,-12.25032401793227,-15.55732842864115,-13.148466520976278,-15.23015378890505,-13.695631063245076,-14.201246766049351,-13.613626803160134,-8.50079908004396,-7.457596838653574,-8.233384421265521,-8.419488540274568,-8.601182045843538,-9.805491655659766,-7.724274492794913,-8.290326291679317,-8.820913195104161,-9.201902974187671,-8.855027088582759,-8.280153867632619,-11.113771202664353,-6.750635365650392,-4.1086390792406,-8.992634492549287,-7.511177253799355,-8.132185850215237,-5.592031158354338,-6.723010753788783,-8.451975117667846,-8.299892530054409,-6.722017319805113,-7.938638693933995,-7.493231333270969,-6.558572562609583,-8.051164321062318,-9.33388681529152,-8.774176470747605,-8.025454510773383,1.3022939094582149,-11.113771202664353,-4.1086390792406,7.005132123423753,164,-14.61797164786127,1.2909399846881078,-17.68815213478462,-12.25032401793227,5.43782811685235,128
213,P0213,2,Vegetation,0.67935413,-15.826093425353829,-8.950228429435152,0.5655361805900024,6.875864995918676,79.38973612816785,10.921582477032524,interpreter_1,2026-09-27T12:44:48.494Z,000000000000000000c0_0,-14.5913096292211,-15.015226505745192,-14.786790736992426,-14.22055570206743,-14.75555658922155,-14.063806170927238,-16.485522766671743,-17.26704271347748,-15.61618334677432,-16.724204392154302,-15.929683042546367,-16.599855717540205,-19.81536654304961,-14.40996402272728,-16.875014393162488,-15.562165678546997,-17.245933297759155,-15.826093425353829,-16.352253070321503,-15.089994055939917,-16.38641828549308,-15.388551339838736,-14.469632184161537,-17.313320400601476,-17.59610423700829,-16.009250750447798,-16.335445370595444,-13.79247980775637,-15.777637576915682,-7.202208969636148,-9.177628887048211,-7.994542580995654,-6.59185814901906,-7.882011700309527,-8.101665550736337,-10.457234993001856,-11.558353638077104,-8.690246684054635,-13.485997392733733,-8.950228429435152,-11.548541179555375,-9.308478690670444,-10.697424892660251,-7.2603855783580755,-8.051521308100684,-8.249890797299667,-8.741888059941385,-9.037472888263196,-7.094427230812724,-9.588747015293482,-8.539929037624244,-8.955656763154854,-10.50017049455082,-9.963930809113233,-9.636986929840152,-7.54161492160697,-8.557804324025206,-9.869440243477218,-9.077113384117082,1.5055383612328173,-13.485997392733733,-6.59185814901906,6.8941392437146725,128,-15.87246075010409,1.2871524760757111,-19.81536654304961,-13.79247980775637,6.022886735293239,164
217,P0217,2,Vegetation,0.71092933,-13.133668653480347,-5.737756801845215,0.4368738814135334,7.395911851635134,79.1307518317562,10.8620241736954,interpreter_1,2026-09-27T12:45:02.256Z,000000000000000000c3_0,-13.199146142987937,-14.08579349031134,-11.989986791833047,-14.0815345266868,-11.282226153141483,-13.866798022845677,-14.277036882998331,-13.5780276969547,-14.53963126682919,-13.297223209621166,-15.297564147941344,-13.079013917746307,-13.236075267666862,-13.373357328183184,-11.099648378954184,-12.755900254035732,-11.946528451595531,-13.067387347700274,-12.954741796818466,-10.772958757850333,-11.823933473167717,-13.546909656004782,-10.341641036003764,-12.605878378476326,-14.24463855941715,-14.23872016447503,-12.481223433507424,-13.133668653480347,-13.01747136927399,-5.213304471369051,-6.157631243363123,-5.737756801845215,-6.613820267389138,-5.573807617925409,-5.851629889360658,-5.926813581434964,-5.743723457161199,-6.315476245450716,-5.165607136975625,-5.897947575851966,-4.220615646798173,-5.502529667784042,-5.056517102984888,-5.608581417977919,-5.798599695268464,-5.902634341179707,-6.980719720136781,-4.210122114060804,-8.097231217499852,-4.696470918336764,-5.76672543107928,-4.754283029822241,-6.527910036112036,-6.65227154483854,-5.36047179942242,-5.671043648673997,-4.726472359128512,-5.028284863906847,-5.681344925625458,0.8176766083804088,-8.097231217499852,-4.210122114060804,3.887109103439048,248,-13.007402226086496,1.1601900932625897,-15.297564147941344,-10.341641036003764,4.95592311193758,140
218,P0218,2,Vegetation,0.39999998,-19.61103427251172,-12.444677005686136,0.6345752515016262,7.166357266825585,79.30197072490938,11.073577423105547,interpreter_1,2026-09-27T12:45:05.921Z,000000000000000000c4_0,-22.168264931870173,-21.84138105447448,-21.85050870895827,-23.34770562085053,-24.378546427483627,-19.499335470986164,-19.42704366707583,-22.19761556183173,-24.56162608169631,-19.61103427251172,-16.90624706677873,-16.878857276167786,-16.857962898304564,-17.016519751858286,-16.14442836671151,-26.49161243467855,-21.78075962205401,-20.131086802193373,-18.679517572513817,-22.32318862169039,-23.396372678870417,-21.68140083476884,-17.675989645616436,-19.45507599465241,-20.993224575662417,-18.85804230570802,-18.29190575504328,-15.901785506533091,-15.777689898022327,-13.311542485202937,-14.690982620387905,-15.089361562018084,-14.844756171801937,-16.362422982639952,-12.98799341758163,-12.444677005686136,-13.58503874156056,-13.591866900001715,-10.640530212747096,-9.39086001461054,-9.86316901727286,-12.519988063232626,-9.753414660080283,-9.191321207232406,-21.00779792804749,-16.706041276851717,-17.0600427804093,-11.002246782405113,-11.590620488373805,-12.94803796126482,-11.266135742200872,-9.121223111021244,-10.237550619011865,-12.131547383305406,-12.14723898035287,-14.805210690635851,-10.093575213005696,-12.397192514921604,-12.785599535650498,2.722607888784012,-21.00779792804749,-9.121223111021244,11.886574817026249,200,-20.14223204846784,2.834459237920568,-26.49161243467855,-15.777689898022327,10.713922536656224,200
220,P0220,2,Vegetation,0.6853933,-15.540036380273444,-9.868661613353993,0.635047523175769,5.6713747669194525,79.12724840214814,11.070343488082717,interpreter_1,2026-09-27T12:45:10.338Z,000000000000000000c6_0,-15.341764085208377,-16.04768806996862,-16.73825167677625,-14.98080899202256,-15.004156035104426,-14.78213941766028,-15.763751648256187,-15.219072580077269,-15.244166204320484,-16.49069487935952,-14.488972670094498,-17.688497502175476,-15.850602152307063,-15.823213534001738,-12.982046856730063,-15.856368229549783,-12.660743214352312,-15.100945937390364,-15.137091465728394,-15.819624308516014,-15.65539715412706,-14.953111879510752,-13.90450355263516,-15.323873816820676,-17.314562055789878,-16.10183171355563,-15.540036380273444,-15.79524075122242,-16.130633897336633,-11.228300848806215,-11.971919174378735,-9.639712862951049,-10.482530260546104,-11.666245109742388,-9.75997106616224,-10.09655944175498,-9.447876149354812,-8.995238624198027,-11.0802844709673,-8.97245658898351,-12.675790554880574,-8.617054818767443,-9.219647036542442,-9.552098703731517,-8.450185255991125,-9.499184742797372,-9.868661613353993,-10.605529192920072,-12.376360127841563,-10.361239715166068,-9.513851269305938,-9.272725562209356,-11.242441936264033,-11.591287918622925,-10.36392602126982,-9.466106428863366,-10.364394369089904,-9.74098255793444,-10.211122842186116,1.0986270012473849,-12.675790554880574,-8.450185255991125,4.22560529888945,152,-15.439303126236938,1.0501135270442226,-17.688497502175476,-12.660743214352312,5.027754287823164,152
222,P0222,2,Vegetation,0.5132048,-16.553247696218243,-9.628213404272891,0.5816510198462478,6.92503429194535,79.29460453957961,11.14409517290893,interpreter_1,2026-09-27T12:45:17.659Z,000000000000000000c8_0,-16.022140336838305,-18.02470353889583,-19.194399853659057,-17.178103531048183,-18.111975919985007,-18.28787241082224,-15.609280408266388,-16.662262388658764,-15.219021731248176,-15.006653783073851,-16.477084696252334,-14.522264677687795,-18.61230519310229,-16.630970606113106,-15.765580770279913,-17.048659485917767,-15.291369907207306,-16.799685694488485,-17.788995720865156,-16.40506096805729,-18.744167157690924,-17.234826111845095,-14.775635733987633,-16.553247696218243,-16.294064483064417,-14.3947372406739,-16.77016092141005,-14.156014331143687,-15.965445891138849,-7.256270417765575,-9.581031865121687,-11.669782153899334,-10.044932433741318,-11.351867421816142,-9.740943538524029,-10.733633781509996,-11.907289122753898,-11.525986785031996,-8.273753656180645,-10.35891705020549,-9.540197531043429,-11.10716790489172,-8.42039439391953,-9.606708523210992,-9.329007484415088,-8.608790787104068,-11.555700523828756,-10.117539237822903,-10.884980233853447,-9.44306921282834,-8.90677763436216,-8.244150894315165,-9.358731160647723,-9.0554554736516,-11.379065178334804,-10.047928234502892,-7.426497855991688,-9.628213404272891,-9.831199444674043,1.251515034511407,-11.907289122753898,-7.256270417765575,4.651018704988323,104,-16.53609279964276,1.3397516145174089,-19.194399853659057,-14.156014331143687,5.0383855225153695,32
226,P0226,2,Vegetation,0.7014004,-13.96667566584804,-6.33411066943969,0.4535159848329657,7.63256499640835,79.12338564642643,10.877475196582257,interpreter_1,2026-09-27T12:45:31.436Z,000000000000000000cc_0,-14.80883553259137,-12.820138414563932,-13.99468764630928,-13.61155303700644,-12.99987615966734,-14.561525027714763,-14.64861003701259,-14.875995919555198,-15.051792045615224,-11.227910593439994,-12.898672099507516,-12.59241379245234,-14.954504445671027,-11.892265692859064,-12.287299804910411,-14.010016484649713,-14.048993502746857,-13.96667566584804,-14.142919557837342,-12.668529537522923,-13.396820431137735,-15.020309189617402,-12.895535364165571,-14.450555514658207,-16.257069317687108,-13.629198074052798,-13.663388574091082,-14.2503570909005,-12.494952309465422,-4.943910811554504,-4.970078418674034,-4.629906536367417,-6.024109138242722,-6.936957252262328,-6.33411066943969,-6.049260477456536,-5.008371177724236,-6.867974321958432,-4.923191794140972,-6.432148236964009,-6.337228046772293,-5.8720605074003664,-6.7891236099255785,-3.852800631289908,-6.647670024575973,-7.590818599166674,-7.187255611709256,-5.367231831231406,-3.1456616055104547,-4.025376564436597,-6.662887266000306,-5.659556750803063,-4.7721580056653545,-7.578532019785065,-8.716668631016809,-6.545820194279296,-6.974305729179601,-6.381036486387249,-5.973317618962762,1.2262253946208417,-8.716668631016809,-3.1456616055104547,5.571007025506354,320,-13.728324167698526,1.1006251734399235,-16.257069317687108,-11.227910593439994,5.0291587242471145,308
228,P0228,2,Vegetation,0.2979798,-23.966093563056432,-14.843108183718748,0.6193378217716423,9.122985379337685,79.30457583923334,11.085255521799102,interpreter_1,2026-09-27T12:45:40.497Z,000000000000000000ce_0,-23.966093563056432,-25.85703495591748,-24.298881180436368,-25.854156590172064,-26.27919615895369,-23.92686402631157,-25.31720803421916,-25.923266311581,-24.831265793742983,-21.921157708641164,-21.07503563973028,-20.63709210424009,-22.50077579016132,-20.66909812290164,-17.82959581746629,-25.33278495163863,-25.37048169665379,-25.731950561625894,-27.18142967997061,-23.31117669680557,-24.1020859592378,-26.264936906352844,-20.03735396684214,-22.37859639817412,-24.44809531602228,-22.523187722181323,-21.451507007954163,-21.16596361834452,-23.38464800653073,-14.41826976384796,-15.449628541351888,-16.282341712663825,-15.598663180047978,-16.50462311187888,-15.009106313330127,-15.285271630673655,-16.509918716004584,-15.57005715274923,-10.666329213799497,-12.613922159681108,-12.487497753906334,-14.12259778267259,-12.53365668988334,-10.976345440276903,-18.19736729293232,-20.471237026524943,-18.36301785264917,-17.683985188509222,-14.843108183718748,-14.033076655943884,-15.531934937210911,-12.713005811921166,-12.794747936021098,-11.254829675445585,-14.544412184475275,-15.78130280239475,-12.221075882669506,-14.080422829288317,-14.708336324912851,2.2914788562888977,-20.471237026524943,-10.666329213799497,9.804907812725446,212,-23.57141104434021,2.2482692281939936,-27.18142967997061,-17.82959581746629,9.351833862504318,236
230,P0230,2,Vegetation,0.6616355,-15.954716261603206,-8.783472123965254,0.5505251224745158,7.171244137637952,79.1705471988427,11.133764547141556,interpreter_1,2026-09-27T12:45:47.602Z,000000000000000000d0_0,-20.694764501292028,-19.48147270332077,-20.618949610141044,-19.582235728682114,-19.701098556235625,-17.009089480070042,-19.160021858740127,-16.28311367650397,-15.86483864042698,-14.88922705050349,-14.546501804971296,-14.642725317703672,-14.41100879898439,-13.784934208058925,-13.908480105247753,-17.33645710884079,-17.892294438271737,-18.6177485135184,-17.400526191677848,-15.954716261603206,-14.311800708811276,-16.300902680890825,-12.554732259783588,-15.111910545031831,-17.24020411411304,-15.9087245027324,-14.476001427226016,-15.661941232906326,-15.897501043573182,-9.48115504583115,-10.821045412360792,-11.858724146983691,-9.69156963050668,-9.984093375294188,-10.509763612919247,-7.76818655255191,-8.303584544159886,-7.4010338628211025,-7.629545191165111,-6.966960225770985,-7.1202062778791,-6.629764937216656,-6.5981311347665,-7.234199546858598,-12.518047081113291,-7.920220838817126,-8.810934709331445,-8.33877306941569,-10.8615760674859,-8.776728985921144,-10.064696049820228,-7.259722001063869,-9.80775552372318,-7.66986622950564,-8.783472123965254,-9.878525990892898,-10.14114650448402,-10.46424080908907,-8.941161016610842,1.579332769446019,-12.518047081113291,-6.5981311347665,5.919915946346792,200,-16.52565251965044,2.1646582203292413,-20.694764501292028,-12.554732259783588,8.14003224150844,8
232,P0232,2,Vegetation,0.42836365,-17.93742795783704,-10.116821866645704,0.5640062717144217,7.820606091191337,79.42620772870312,11.04474150248531,interpreter_1,2026-09-27T12:45:53.970Z,000000000000000000d1_0,-22.236847952420355,-19.102173128768083,-15.845689640336278,-17.93742795783704,-17.168131122653477,-16.773252491285483,-13.839691535928203,-20.07580974486533,-22.780946798910616,-24.614604113672943,-19.331728320342457,-16.82025694887114,-19.738889341605457,-17.43895241756499,-15.4356462118317,-15.587296603436211,-15.694469059288355,-15.963233977311646,-14.341689222736738,-16.728157884061375,-17.726836786498186,-18.577389020837288,-21.2451011368932,-22.76813260189968,-17.919630466451903,-24.18190405741589,-18.42902814508117,-19.91462945924051,-20.777709669138748,-13.3860676920332,-10.153568775462212,-8.53029590757465,-9.714652979422096,-8.803757215539251,-12.475328613738649,-9.412643730758528,-10.78597288972264,-13.86585303512878,-10.71688801827598,-9.632060417751765,-6.6897838929371645,-10.91271967418219,-10.116821866645704,-9.070724195021588,-8.338447291377415,-8.53050490583284,-10.611854594150769,-8.598830919301228,-8.755922599326444,-8.9012647923944,-10.800486055637355,-12.727558894341218,-12.7022098717876,-8.329852141653928,-14.68456587146811,-9.958826391555087,-10.19144989712304,-10.900030856718583,-10.2861704823056,1.8487320373749856,-14.68456587146811,-6.6897838929371645,7.994781978530945,320,-18.58604330404084,2.822950603273773,-24.614604113672943,-13.839691535928203,10.77491257774474,128
234,P0234,2,Vegetation,0.83038867,-13.475517051231352,-8.818146761344636,0.6543828134994538,4.657370289886716,79.23962764419149,10.971169480715922,interpreter_1,2026-09-27T12:45:58.707Z,000000000000000000d3_0,-12.332047561076156,-15.006797257671684,-16.38661048776564,-14.661342251948374,-15.240333465225264,-14.118845940360604,-13.514194250370911,-14.78869037880524,-14.569426354435922,-13.56998726331943,-15.609512645095354,-11.944369034703922,-13.42661563981104,-13.07145368190383,-12.335310470798184,-11.674909685228664,-13.8697067857026,-13.887643113313322,-13.099076196537512,-12.079868821744332,-12.933001993241662,-13.43088628788919,-12.918429408372198,-13.40622575553786,-16.44716207795575,-13.47551705123135,-13.365659309118056,-15.448073512080017,-12.428314687462349,-7.564425162031361,-10.748068902516025,-11.416194175417186,-9.6381698627913,-11.04308526570108,-8.429428177880931,-10.567192698330118,-10.446136706030812,-9.630572438366949,-10.106497609960428,-10.041149427778532,-9.1301441903944,-8.399021443556144,-8.411105097519085,-7.127702599944431,-7.358180786827164,-6.495963336584908,-7.381926857476446,-8.541243315247208,-9.034532413445858,-7.858771651540337,-8.455986977804796,-8.034143199678955,-8.483007642559722,-9.299500453640327,-6.616638498352392,-10.638462223369771,-9.452703816429636,-8.818146761344636,-8.93683109284555,1.3198281515159629,-11.416194175417186,-6.495963336584908,4.9202308388322775,32,-13.76000039202436,1.26093543644696,-16.44716207795575,-11.674909685228664,4.772252392727085,308
236,P0236,2,Vegetation,0.7907445,-14.993746135735824,-7.969610184071254,0.531528952933025,7.0241359516645705,79.17189467176888,10.933440238782902,interpreter_1,2026-09-27T12:46:05.231Z,000000000000000000d5_0,-15.392130532742868,-15.239542724482437,-15.748164023281348,-15.773633669922948,-15.301376187045197,-16.59828939876237,-12.971458126400632,-14.993746135735824,-15.786853052929963,-14.98963600675272,-13.309998389660269,-14.791872763857338,-15.586717679081604,-13.470550037299802,-14.72725161750768,-15.941314150494634,-13.831183143562749,-14.86235291478038,-16.047117983299653,-14.926699378271636,-13.906697007557264,-15.776553356212707,-13.525483940001289,-15.378658638289442,-16.064480382453063,-15.315583812914891,-14.213058875194694,-14.453170587798368,-13.29705659793435,-5.590421139968473,-8.505256286901922,-9.393239021530738,-8.881791146890546,-10.116893000107565,-9.096788484751343,-9.508050481184886,-9.147059520005252,-10.154485701872884,-6.54808776864364,-7.677382389550611,-5.7189837489037965,-7.757334228266536,-7.988460266521677,-7.518767791540492,-6.477104824776811,-6.927069016742155,-7.879879884555728,-8.393545170418356,-6.477025173875778,-8.748801414517303,-10.375509480017794,-7.557631714337618,-7.969610184071254,-7.615298461095671,-9.99282735898628,-10.075099397638386,-7.638711958539355,-7.105282247510674,-8.166772319438742,1.330168823878341,-10.375509480017794,-5.590421139968473,4.78508834004932,272,-14.904159693594073,0.9591637147513822,-16.59828939876237,-12.971458126400632,3.626831272361736,80
238,P0238,2,Vegetation,0.34047985,-20.39882216950913,-11.129740281453234,0.5456070055892377,9.269081888055895,79.21474431082137,11.040429589121535,interpreter_1,2026-09-27T12:46:13.805Z,000000000000000000d7_0,-21.00389070967706,-23.40161659142752,-26.142270828882825,-22.78461347227822,-20.51752651689313,-20.7370308214012,-21.451534974687373,-21.4673959494819,-23.382833728275656,-21.52375317001701,-21.65715561192001,-19.96369431345485,-18.147797227692884,-18.27036685496534,-16.076651075081205,-16.547128580465895,-18.46499371904238,-19.67562419535055,-17.835337641582697,-20.74656453253673,-19.322892278744064,-18.2342912747752,-13.808361642079443,-20.39882216950913,-16.891658942309718,-20.46999518078038,-20.98212663404081,-17.976600134948402,-17.72922094858542,-11.922760161208934,-13.262214140822229,-13.195163478664709,-10.908914081137777,-12.81555214149077,-13.589439663137329,-12.546313075821509,-12.976246475215731,-11.700086670721769,-10.880176361039284,-11.700834804872189,-9.6496360504132,-10.689686300653053,-11.28246350987366,-9.629956707909988,-9.64981664404742,-11.24238292482048,-10.91056664616124,-12.371409063840357,-9.261547441610688,-10.283133208786891,-10.6291512330161,-5.589458603140191,-10.215430502843816,-10.495911583049454,-11.841819829258943,-11.129740281453234,-11.31822000211291,-8.304130186675625,-11.034212474958604,1.6359613807335358,-13.589439663137329,-5.589458603140191,7.999981059997138,80,-19.848681024858173,2.5092367025864557,-26.142270828882825,-13.808361642079443,12.333909186803382,32
242,P0242,2,Vegetation,0.2672,-17.84366921146979,-11.21932569501048,0.6287566510030781,6.624343516459311,79.14027397376788,10.99227988989273,interpreter_1,2026-09-27T12:46:26.179Z,000000000000000000db_0,-17.833055128497094,-16.934873352383782,-20.74674994437932,-20.187750505055835,-21.85340667971644,-18.446405176760464,-19.963584012048067,-21.804515625291675,-25.98256502301169,-22.2921413160474,-20.49542384936239,-22.07728937650809,-20.507041780287764,-15.952775157180843,-14.737366788371158,-16.29160022667235,-15.509205098519727,-17.68831127590623,-16.945029031638292,-17.36335905430177,-17.84366921146979,-16.776463713968923,-12.491045850790206,-16.949061418126295,-21.19008763408152,-18.088216823438223,-18.61688803082821,-17.38499530401989,-17.205176195496982,-10.332526725839768,-11.21932569501048,-13.327022759805963,-12.62582184571071,-12.965011200731048,-12.661948931266014,-11.969330025690104,-13.7050383530173,-13.685153898086956,-12.694488148485371,-12.882678588211348,-12.028308610240677,-11.523111201023386,-10.870930117582358,-8.619192153883214,-10.255144119188344,-9.749486173092514,-13.231921038771954,-11.93962502699294,-10.80873000867843,-11.488282360794464,-9.627646416951588,-7.753993525219338,-7.604724151491774,-10.60503373497238,-9.818102933243658,-10.911781534837498,-10.200383740537433,-8.625742053561689,-11.16312017492823,1.6952795382481542,-13.7050383530173,-7.604724151491774,6.100314201525527,104,-18.626139744281392,2.734869475828418,-25.98256502301169,-12.491045850790206,13.491519172221484,116
243,P0243,2,Vegetation,0.5971093,-15.657354104616308,-9.046959931732845,0.5778089881141222,6.610394172883462,79.27627890778356,11.02174463121185,interpreter_1,2026-09-27T12:46:29.753Z,000000000000000000dc_0,-14.659094957918864,-17.571303795893716,-16.428397896668095,-18.311494359333643,-16.618979459449818,-16.83355785551061,-15.628936684748378,-18.15681763076793,-18.22082753361712,-13.94902833113906,-13.634508397070338,-14.533254930461402,-15.657354104616308,-15.434689605557889,-14.508061149603495,-14.753098584416833,-14.071746055231689,-15.748735393048436,-15.38094545608253,-15.441140243086243,-14.47728764679065,-16.05450234225685,-13.101803985195364,-15.51796767937864,-17.063980998370035,-15.935254992641708,-15.812447650310736,-16.19220713447567,-16.374144125677745,-10.723593790302337,-7.678203576755665,-10.963127508546444,-10.524317452668082,-11.459744296239917,-7.922018004906514,-10.638557428231708,-13.283777621413568,-9.52504393949616,-7.638652969364287,-7.952804932871492,-9.096160923354706,-8.679268095807227,-6.348278787303743,-8.983601699516015,-9.046959931732845,-6.964238898939135,-7.467080930962176,-10.229262492613897,-8.30873803730485,-9.701174749971583,-10.924663717644734,-7.726845030289223,-8.795326187038926,-10.109745260218364,-8.526870784580993,-11.12640990734313,-9.467649020469084,-8.33055971352124,-9.246299161703726,1.5396104909751709,-13.283777621413568,-6.348278787303743,6.935498834109826,104,-15.726605826873095,1.3309999880306675,-18.311494359333643,-13.101803985195364,5.20969037413828,44
244,P0244,2,Vegetation,0.49302325,-21.24262328301752,-13.62189565097128,0.6412529878953954,7.62072763204624,79.30915724718234,11.060641683014229,interpreter_1,2026-09-27T12:46:33.838Z,000000000000000000dd_0,-18.875487622886567,-21.533788507248403,-22.62197886950379,-21.24262328301752,-23.721098278612747,-19.6486071084955,-18.90666694666964,-22.57712235415084,-20.14106085028264,-17.370677354709564,-17.972725866015097,-19.68930691854597,-22.19488861282209,-21.38707701127617,-18.33437029093506,-18.89735005604544,-18.927366105605024,-18.304703327458064,-20.26228320800504,-21.41213048966021,-22.150128799088947,-24.05739603057326,-18.174149983619653,-21.90159992470253,-23.52644013362076,-21.96113095224197,-21.524899656169385,-18.666651523515537,-21.3759016461707,-12.429446807553228,-15.06247738851507,-16.788990600232808,-16.28990778637619,-16.356651689776093,-13.438234884506162,-13.351079938252862,-15.925425430931648,-13.343964925751362,-11.510152893031538,-9.985272521566069,-12.308194995555494,-14.670472064386892,-14.187476610891332,-13.181847260546617,-11.642749641254031,-11.519202615090926,-11.126212799719683,-13.250203249835572,-15.10934419422158,-16.31402393558101,-17.615134966217223,-11.242058160860404,-15.63931825019793,-13.316440896279165,-15.13907781779486,-19.246281748718225,-13.62189565097128,-15.468150666883671,-14.106196220396516,2.1585355745153736,-19.246281748718225,-9.985272521566069,9.261009227152156,332,-20.598607300401657,1.872886988639609,-24.05739603057326,-17.370677354709564,6.686718675863695,272
246,P0246,2,Vegetation,0.31575227,-17.28072665660133,-10.12665297929372,0.5860085157602608,7.154073677307611,79.26963137468108,11.086243668611631,interpreter_1,2026-09-27T12:46:41.548Z,000000000000000000de_0,-18.23941864382491,-19.41429199566385,-17.28072665660133,-15.919961865974711,-14.725845979044612,-14.358049716571523,-16.680251616448206,-16.7305512932286,-16.873672490813615,-19.37116365077613,-16.346096270014733,-17.121670267631476,-18.512110907926367,-18.571195782997705,-19.177058874419583,-24.71593925660048,-18.32435839529807,-18.27605206188734,-16.672537870290597,-13.82082070892265,-12.420105462382548,-14.25902106900601,-13.350826554757116,-12.78007758386202,-18.06719073101851,-17.797644081338493,-17.919325841248895,-17.50013823972988,-17.878245479577135,-8.758366672200093,-10.463727725978227,-7.310586524233146,-9.617712842078832,-8.876946966992694,-8.692937598851511,-9.441985475328153,-10.12665297929372,-11.338162615209766,-10.874785669987943,-10.690244235680655,-11.095486014631382,-9.94250920833906,-10.942031993145807,-10.016980632106296,-13.572815780884648,-9.637420594823611,-10.579706174635763,-10.660842084751486,-9.47310600501558,-8.839255617153215,-10.101503822119476,-8.041156258569348,-10.364975739570513,-11.144216647260464,-12.518221580861404,-11.922837745723031,-9.397809402168118,-10.745588320845805,-10.178916307877232,1.288801953853911,-13.572815780884648,-7.310586524233146,6.262229256651502,200,-17.003598253374385,2.44172501668408,-24.71593925660048,-12.420105462382548,12.29583379421793,200
250,P0250,2,Vegetation,0.8376986,-12.801002020520476,-7.331660692992818,0.5727411558282623,5.469341327527657,79.36997319191723,11.00611394526817,interpreter_1,2026-09-27T12:46:53.822Z,000000000000000000e1_0,-11.342276922871292,-13.844643031372517,-13.862736191241272,-11.416018883521106,-16.049015414866908,-12.801002020520476,-13.449268437970185,-15.249677533674292,-15.430082863148495,-11.79692562976522,-12.794215597857107,-13.230405329509496,-12.773230305969784,-13.247346499319526,-12.828367205288,-14.24078499373362,-13.063444702041323,-11.558229953693427,-11.232708144815309,-11.778558550523632,-12.887350806644356,-14.568464595282183,-10.586571412481398,-12.479919941311625,-11.253397486535942,-12.34281360245663,-12.220978213901835,-14.237573079615649,-11.969221053480853,-6.6141609463961135,-7.035187329229981,-8.231182389370964,-6.15458030673386,-9.193016137441408,-8.747123086883997,-8.482939645825162,-6.619626739613308,-7.450123526436418,-7.501349659782571,-7.262066842111258,-7.761640982872341,-8.511822512866749,-6.584949772009054,-6.38600976071248,-7.539214478150554,-6.630266824182503,-7.761773946731938,-7.188289921730256,-7.060138561422131,-8.487620671426757,-7.731105904618248,-7.216895530592817,-7.635239725124732,-7.711773557205243,-7.193530959418992,-7.331660692992818,-7.095878658735101,-6.285088067160359,-7.427733004750968,0.7574318800257629,-9.193016137441408,-6.15458030673386,3.038435830707548,56,-12.915007875979772,1.3414268199376556,-16.049015414866908,-10.586571412481398,5.46244400238551,56
251,P0251,2,Vegetation,0.86410284,-13.21066234941858,-6.835724467139153,0.5174399501202908,6.374937882279427,79.38497505716202,10.944309853720748,interpreter_1,2026-09-27T12:46:59.199Z,000000000000000000e2_0,-13.764387321295978,-12.627941388693722,-11.81827342214911,-12.436673287396918,-12.310272428640578,-13.21066234941858,-14.099935580054952,-13.53569311310151,-14.150776226969796,-13.704452505085143,-13.812771090420489,-12.979041128172252,-14.048429233857345,-12.598200532887418,-12.24903016804234,-12.08067044126368,-14.357021572638386,-12.860310264876324,-12.906228159468796,-14.599632081360724,-11.886495457550517,-13.98361759913528,-13.873125040692416,-12.060989628137031,-15.500794877399684,-12.893949574411089,-14.442280098182252,-13.154181598423824,-14.622427745468269,-6.770072941776179,-6.480251197255745,-5.479813505853998,-8.688989899098713,-5.960575486338088,-7.946568191391795,-6.950506105860827,-8.815913202911894,-7.047911470318455,-8.24643514114687,-7.12915650572742,-6.033816670630565,-7.486390445469713,-5.790693380959687,-5.518774458112086,-6.657247196516237,-4.572419547704768,-8.63553748605375,-3.947136170795606,-6.835724467139153,-6.969333164781145,-6.405496957375555,-6.591356843069032,-7.914126359414897,-7.798121727211678,-8.602047806034939,-8.944231340344334,-6.772812220756048,-6.69414853503982,-6.954676152589277,1.2264456638110577,-8.944231340344334,-3.947136170795606,4.997095169548729,332,-13.3299401350067,0.9419240495096745,-15.500794877399684,-11.81827342214911,3.6825214552505754,308
254,P0254,2,Vegetation,0.57007575,-17.25758173415208,-10.82906063587041,0.6274958335813715,6.428521098281669,79.11916356459106,10.950238734595937,interpreter_1,2026-09-27T12:47:07.650Z,000000000000000000e5_0,-16.37026290418014,-17.25758173415208,-18.23189958554585,-19.58634490958074,-21.21812912658115,-18.23883242935465,-17.271711886092515,-21.72170710904044,-19.191060404138703,-17.56471594847017,-18.30350282411186,-17.966154367341908,-17.475153189556448,-15.607093458403096,-18.36419551416612,-15.996913535702884,-17.673634993329518,-15.0451080662309,-15.084778342539185,-15.591977977883683,-16.3449235555166,-15.128817034340774,-14.48727878759954,-17.250247390881476,-15.579884475315248,-18.062641892035103,-15.564675907827176,-14.277340105427095,-14.469991723264371,-9.889160623581136,-12.764763037932942,-12.574029340859417,-14.127706566669628,-14.897381986286506,-12.496825783550712,-9.92438705539847,-12.79358728263553,-12.448877178640767,-10.754031549984235,-13.049176133697792,-9.866633121270793,-13.280696907423446,-13.046240075352271,-12.490926988685583,-8.826232557359937,-8.964632070715032,-11.003066477169812,-9.777895742176796,-9.321624434975233,-10.778963442477624,-9.580874969426764,-9.094338145791545,-10.82906063587041,-11.626356614250405,-11.381799771880878,-10.11412430873296,-9.995426998851544,-9.371689371200576,-11.209327902512028,1.6638353724929698,-14.897381986286506,-8.826232557359937,6.071149428926569,56,-17.066433075124465,1.877961887661263,-21.72170710904044,-14.277340105427095,7.444367003613346,104
255,P0255,2,Vegetation,0.23858392,-15.80079531974726,-8.116209766060896,0.5136583065485034,7.6845855536863645,79.34706615217219,10.944130190663923,interpreter_1,2026-09-27T12:47:12.823Z,000000000000000000e6_0,-16.440961312565637,-14.769159725072072,-18.167042131986022,-16.890230848731374,-17.64470127410036,-16.237259799249763,-17.576573129744393,-16.914539144726774,-15.7400926480756,-14.656417701775178,-16.963133977462945,-14.42866502030915,-15.80079531974726,-14.837608066840453,-15.190165089405614,-16.181833573969485,-14.467365599693656,-14.836836349230392,-14.35350213319115,-15.027532470532543,-14.911265980163996,-16.88795011516352,-14.2957785040454,-16.038599370134122,-16.461788860092565,-16.106241494354023,-14.590742018329406,-13.88601422396115,-17.449384275914454,-4.4944303262891525,-9.034535781438937,-8.49048053315067,-7.833752823315817,-9.130949123507294,-6.357511037859306,-9.585173139496792,-7.968877955659126,-10.015687302917344,-5.784303953582517,-8.116209766060896,-9.12939713194839,-9.32737477523891,-6.369758270434067,-7.313734652969332,-7.754610136380764,-7.065425001395777,-7.465354517009493,-6.795987864214349,-8.475338484908546,-8.464052275956067,-9.679675232070643,-7.463392777524305,-10.162857621215206,-8.832271065985807,-7.213689032757441,-8.09966256316317,-8.601463422424231,-8.39636430685498,-8.049045547438942,1.2856985858512109,-10.162857621215206,-4.4944303262891525,5.668427294926054,296,-15.78455793650236,1.1788786569605283,-18.167042131986022,-13.88601422396115,4.281027908024873,32
257,P0257,2,Vegetation,0.584505,-15.653753009653547,-10.296063498451645,0.6577376998411909,5.3576895112019045,79.19893396182087,11.106994751674794,interpreter_1,2026-09-27T12:47:18.357Z,000000000000000000e7_0,-15.653753009653547,-16.110903860543107,-18.96267916114358,-15.949703090635456,-17.93668544072999,-16.173289828031862,-17.152680283975165,-16.26862291217764,-16.205581612786936,-15.613543298788404,-14.513862140541352,-16.17033913607243,-15.9774776512775,-13.56215127123462,-14.702551172477506,-14.98339068928754,-13.722306385668135,-14.93972282468938,-14.174088798621602,-15.07390067052687,-16.96530894891171,-15.743843801716316,-14.969844595690509,-18.07080625837905,-15.002228383116174,-15.32005768400828,-13.756864200977766,-14.84841270291966,-15.804936739742342,-7.723027337580194,-10.589161045480724,-9.662825687683853,-10.229441240494856,-12.846757201881582,-10.16337331791826,-10.842795399185526,-11.593846573470216,-8.931711860309457,-10.829628542435486,-9.063335180302383,-9.122068423857424,-10.420827317245806,-9.927109582925652,-8.42116591280831,-9.459487521257284,-10.026595878696275,-8.189827100085061,-11.814228652444282,-10.959012783295757,-11.583955549124935,-9.966337250768976,-10.770088758878185,-11.567660910914634,-10.633682174896013,-10.296063498451645,-10.217069077375957,-12.015944499894992,-11.154111374460951,-10.311073781176717,1.170022427214286,-12.846757201881582,-7.723027337580194,5.123729864301388,56,-15.66653574325257,1.2684917770679074,-18.96267916114358,-13.56215127123462,5.400527889908959,32
258,P0258,2,Vegetation,0.69447047,-15.708530858708514,-8.75603825832403,0.5574065669845788,6.952492600384483,79.29029262621583,10.89607032296353,interpreter_1,2026-09-27T12:47:22.463Z,000000000000000000e8_0,-15.06472874405432,-15.664531877075358,-15.214386765566257,-15.708530858708514,-16.822322206832176,-16.113356582977442,-15.932546917716213,-18.81475640068672,-16.737737154987773,-15.544918488362082,-16.52688555790124,-14.372689859196887,-14.768934144299852,-15.39956589153229,-15.373630814319254,-15.540301155598272,-14.551663119847564,-16.5882874586262,-14.18102921007293,-17.30052055567257,-15.979408996712143,-17.67970844697561,-15.438067369861324,-17.398764608937828,-17.47440876213035,-16.089514736060096,-16.46580763353995,-15.473843765353202,-14.852866033525412,-8.643291941195507,-9.103910351225236,-8.037330560788403,-9.512426953211271,-8.79006558344938,-10.797520053044805,-9.309041930636766,-12.16753852358102,-9.850276955924665,-9.527706580889769,-7.917755656919121,-7.812090010099814,-8.75603825832403,-7.862220468146138,-8.31367029380904,-8.80916726457731,-8.075819820586128,-8.395952770596253,-8.075563455575159,-8.206158167284164,-9.007732224149702,-8.596546646769777,-10.287756407306665,-8.743301249163922,-10.972632266512935,-9.780995869507384,-9.275374247659276,-8.376466503604732,-8.731919666344458,-9.025388644168377,1.013469458254836,-12.16753852358102,-7.812090010099814,4.355448513481207,104,-15.968059107487234,1.0661347344940433,-18.81475640068672,-14.18102921007293,4.633727190613788,104
259,P0259,2,Vegetation,0.50363636,-16.00317573392262,-9.173191779361169,0.5732107134158602,6.829983954561454,79.19596952138328,10.88591936025298,interpreter_1,2026-09-27T12:47:25.386Z,000000000000000000e9_0,-14.834168918499788,-16.917662456977858,-17.464454479310287,-17.15848851300567,-17.07171483082014,-18.53812555927727,-14.29242569353038,-18.36979793980001,-19.80518180027012,-16.551230798499972,-16.549700556116555,-18.54326927021606,-18.246454804624022,-17.11794727107375,-13.602540191570345,-15.948854491743123,-16.187502105000167,-14.89384976209858,-15.673040340253708,-12.45155104618515,-15.75800420358676,-15.25769923894506,-13.11832190160866,-15.937058140415282,-16.00317573392262,-16.159194062588618,-15.380704182006376,-13.451580596809748,-14.440087554091344,-9.173191779361169,-9.408956235430438,-10.749484487281483,-10.342581390395484,-8.43679897778333,-8.883084475101972,-10.417372799419232,-12.433056844590748,-10.202949963303263,-9.810281988402068,-11.817655746435234,-12.582980749049328,-8.961890294028102,-8.0460263809843,-8.959300474520028,-8.530148738235622,-8.709237422173914,-8.58149210317353,-9.88145006878429,-9.341189831692375,-9.2893133477512,-10.969460623329429,-7.076553292196285,-8.672287129994675,-7.815987620462672,-9.001999814764028,-7.949886853772599,-9.372806957248564,-8.117519321158596,-9.432239507269792,1.314737789750493,-12.582980749049328,-7.076553292196285,5.506427456853044,152,-16.05944091182233,1.7372168484665218,-19.80518180027012,-12.45155104618515,7.3536307540849695,116
261,P0261,2,Vegetation,0.41120154,-17.336167105075187,-10.008918713519414,0.577343230072424,7.327248391555774,79.17440995456441,11.081662260662624,interpreter_1,2026-09-27T12:47:59.364Z,000000000000000000ea_0,-17.55986174748181,-21.983461569388425,-19.354832329050826,-14.34867394143506,-16.659195573972365,-14.885727861434866,-16.29107469037582,-16.54803384156737,-13.202464778207668,-17.39083234338609,-20.025013120794853,-20.5053198041734,-20.22520052054881,-22.14583586010577,-18.152122716640942,-21.09659776822396,-17.16422199318409,-17.336167105075187,-17.025371492422252,-15.377153362844997,-15.873029093354283,-16.726367213608317,-15.526762126850016,-19.652978622287087,-17.20578234798119,-20.31221975267531,-17.335635773798156,-17.59508909257312,-26.0124491346013,-3.880305187488147,-9.578420319354056,-10.140761784127708,-9.14339011016043,-11.334302966637068,-10.161152394649957,-10.551169809043088,-8.84180355863211,-9.737795705388962,-10.4115757155338,-9.566329472738383,-10.008918713519414,-7.911142131536936,-11.046225517666034,-10.107532016561729,-8.624648067184964,-10.554326942753388,-10.66355631982746,-8.490259738489291,-9.795572414506225,-11.736999500487183,-9.212561871020537,-8.118413417895615,-10.971203971576053,-8.482747982907167,-12.63501698004562,-10.593408570021952,-6.2443171681112215,-10.539898059745555,-9.623577807158968,1.6681132066104785,-12.63501698004562,-3.880305187488147,8.754711792557472,320,-18.05232674407046,2.6777307074068,-26.0124491346013,-13.202464778207668,12.809984356393633,356
262,P0262,2,Vegetation,0.4641838,-18.656395734499508,-11.490159873475513,0.615883155406478,7.166235861023996,79.3321541184558,11.056329769650452,interpreter_1,2026-09-27T12:52:14.253Z,000000000000000000eb_0,-22.377054779007665,-20.166115349674968,-20.27971588397981,-17.078725882169987,-16.233891812839897,-16.45018594490888,-16.189894859494416,-20.11306325666036,-18.9601781351979,-17.548672871969522,-18.815312440167467,-20.456885304234177,-21.873851723221023,-22.537513316490163,-20.8692403869834,-21.54022714291681,-19.663709766748926,-19.09213169871349,-17.89257078267996,-18.656395734499508,-16.287105605291682,-15.397319987255107,-14.689040930888403,-17.32864166773905,-16.2326426568876,-17.906482402709706,-17.259707453086726,-18.53477282623227,-19.58605736094736,-14.56784299339029,-12.022328597760843,-11.481492617036512,-10.6338764958884,-7.998077699632837,-11.650678864528489,-10.88903252641812,-7.7199670991297396,-8.071652961069468,-9.82016382813047,-12.248029355501286,-13.74672875070592,-12.742706069995792,-13.576303703937697,-11.490159873475513,-12.760752337550027,-11.191992371308446,-12.212274553404576,-12.342702613380894,-12.642992756506628,-11.974679134439558,-12.998693908222544,-8.848288670555721,-9.632849497399564,-8.206218968410582,-8.976523942672674,-11.586973837018062,-10.17823419070777,-9.258394041880123,-11.085193526208917,1.8534710120156817,-14.56784299339029,-7.7199670991297396,6.84787589426055,8,-18.6212795849516,2.102212989414927,-22.537513316490163,-14.689040930888403,7.848472385601759,176
266,P0266,2,Vegetation,0.70163417,-14.991113346644749,-8.860114650902513,0.5910244586927594,6.1309986957422336,79.27241615206185,11.146700287232877,interpreter_1,2026-09-27T12:52:27.693Z,000000000000000000ef_0,-14.307194406834096,-13.296479382809336,-14.29873991361003,-15.457655918741612,-15.954407768118886,-14.351919315455774,-15.265800512682448,-15.789991210350188,-16.148720999279178,-12.767024930662163,-14.004925404589232,-14.341196395926296,-15.677398898099266,-14.79987363252084,-15.882667608304368,-15.720803953841765,-16.453276620720533,-16.771518525422877,-15.973952365354032,-14.991113346644749,-15.290066592892243,-15.875623623563976,-13.983539461620376,-13.079223984433202,-14.192613053864962,-14.382889906595343,-15.596706372025082,-12.339458823455736,-14.55144809635576,-8.100249614872386,-8.536689437568917,-9.4036282919484,-8.537936182608274,-9.743637005648452,-8.98871148099522,-8.860114650902513,-9.015077196807006,-9.117608466605269,-8.568857222381764,-9.894887078981222,-7.700058773232502,-10.597085126681034,-8.543204372266421,-7.720692614510003,-8.861230263796548,-8.878101400227255,-8.919339879576327,-8.585609111877513,-8.591586300337394,-7.50404360281205,-8.397942820551231,-6.978758185050644,-9.931886319119728,-8.29521887754983,-9.683707412299212,-9.201716384073316,-10.171239315156717,-7.328428883199873,-8.781284354194383,0.8464283587069208,-10.597085126681034,-6.978758185050644,3.618326941630389,164,-14.880904518095669,1.108988617280991,-16.771518525422877,-12.339458823455736,4.432059701967141,224
268,P0268,2,Vegetation,0.55625993,-16.50882294338962,-10.238782862041049,0.6202006585903092,6.270040081348572,79.22929701842412,10.892477061827051,interpreter_1,2026-09-27T12:52:37.767Z,000000000000000000f1_0,-14.31504965946388,-14.626532163042503,-15.081449075192117,-15.75027573057205,-17.385934587732667,-16.97877706657498,-14.196157505047626,-17.70619450475181,-19.41459879096648,-14.17558990675117,-23.21578381942289,-18.61836316433775,-20.344861877557232,-17.217850302750957,-16.50882294338962,-15.629098715245892,-15.875783231674326,-15.509163679924214,-16.01435223611581,-13.1364395822329,-20.37202523973668,-20.01942275163971,-13.668896034207568,-21.166653529058983,-19.78318035830465,-17.658625948275375,-16.034411241855356,-17.79185697156692,-14.856311116402203,-7.969158912429489,-8.121293736220872,-9.407100676184632,-8.830244279006159,-11.97062924614345,-12.210675443272264,-10.681334571472762,-12.25783590374256,-11.228642619381477,-9.423360363799462,-11.463269307527122,-10.208534388100771,-9.335204333779227,-9.423673467642278,-10.19690340909744,-8.637339205658884,-11.39557314263481,-11.086730211237525,-10.812827232327455,-9.867323511983312,-12.985089732324894,-12.594552961672065,-9.306871885128396,-13.023915228060233,-11.449410467832974,-11.41365380724508,-10.238782862041049,-8.110346360806203,-9.007638501545332,-10.436479854079248,1.4699681263911335,-13.023915228060233,-7.969158912429489,5.054756315630744,296,-17.001809025303253,2.4752415105683103,-23.21578381942289,-13.1364395822329,10.07934423718999,140
269,P0269,2,Vegetation,0.42173782,-19.222054903445056,-11.098075202053227,0.5773615390134061,8.123979701391828,79.08206314335692,10.967755882636268,interpreter_1,2026-09-27T12:52:43.882Z,000000000000000000f2_0,-19.674535040048163,-22.204691074606377,-22.56781543153612,-27.13882736878176,-28.96968278259914,-27.189501703253743,-23.872395713448643,-24.77018571965138,-24.72696670596637,-19.222054903445056,-22.63859125691333,-21.20760502327185,-20.982251383436168,-18.95362670017176,-17.569726275578663,-16.467761925357166,-14.88860517636397,-16.411557256365302,-15.786883101742928,-13.317380540173115,-15.332942722586164,-15.13797335517223,-12.364247337792982,-14.400358864612189,-20.372988592371883,-19.67086762403553,-17.03340368458897,-17.006621635791348,-17.89457144308085,-11.50987848120826,-15.428642387167493,-15.510055992910212,-15.983227749596626,-16.06366330800434,-15.507335902530889,-11.90362506801089,-16.540855390988273,-13.428222073701658,-10.532649611920077,-11.098075202053227,-10.118036946299846,-12.821110090339705,-8.776349113359116,-9.30067040411517,-10.532360642402905,-10.399992647631464,-10.491932970971014,-12.443194742526034,-9.113856192883633,-10.496518447741432,-9.523164506407047,-8.349601204261864,-10.306579831514014,-12.249259632608604,-11.546764851783063,-9.756924456381451,-9.033245772121214,-11.180279956196133,-11.722278399228816,2.4152179859173097,-16.540855390988273,-8.349601204261864,8.19125418672641,104,-19.578435184232525,4.307210801210146,-28.96968278259914,-12.364247337792982,16.605435444806158,56
271,P0271,2,Vegetation,0.7114607,-14.76806249388539,-8.589195466532528,0.5816061159064585,6.178867027352862,79.11027024327828,10.990752753909728,interpreter_1,2026-09-27T12:52:57.218Z,000000000000000000f3_0,-16.632336417396978,-17.57388954215504,-17.012387678713388,-17.665344207514316,-16.621219426803044,-13.851497828623277,-12.76394482576391,-13.856256789626364,-12.081807171456251,-12.389819878841914,-13.542122215986868,-12.302277077054365,-14.3239900395933,-14.40475729083295,-13.45602108638608,-14.994031727141248,-12.9312159513443,-14.335250394645414,-14.76806249388539,-13.447857827253545,-14.79986874676734,-16.08442997711561,-14.858576672566432,-12.95140917494031,-20.70470525959984,-19.349024164856093,-17.487187092959033,-18.86153068444776,-19.720509559666663,-8.846281189576162,-9.247999901829804,-9.279292883522755,-11.046895430084025,-9.047658640445414,-8.816035397939796,-7.446238742233193,-9.052066811885046,-7.016194347828156,-6.72155186843391,-8.617018577880401,-8.503887737616383,-8.326211247540353,-9.37994769942128,-5.808262889983888,-8.270336762388187,-7.38979380785958,-8.407043430140126,-8.589195466532528,-8.061282051328464,-7.054483128245623,-8.488716774872888,-6.432781210683611,-7.739037645151895,-10.97049060711566,-10.759655884121017,-10.42930526755285,-10.459111624721714,-13.203227178302564,-8.738276007077149,1.5613505637302247,-13.203227178302564,-5.808262889983888,7.3949642883186755,356,-15.30245969668748,2.373915757014104,-20.70470525959984,-12.081807171456251,8.622898088143586,308
272,P0272,2,Vegetation,0.5403591,-15.555827104954446,-9.003504875334135,0.5787866382538135,6.552322229620311,79.41282283096973,10.904244992049016,interpreter_1,2026-09-27T12:53:02.696Z,000000000000000000f4_0,-13.933400985582283,-13.651891164652024,-12.812743522138163,-12.38525524527784,-14.695955129697824,-14.352027727339827,-14.663977087987378,-15.11991191040149,-15.634892319468356,-15.962935734627845,-17.2496328538154,-25.354391039442405,-22.46335958140074,-18.23924336441664,-15.555827104954446,-17.52110978259449,-16.08137987680893,-15.661586417408504,-15.1708168037658,-14.392001875960313,-19.267020773257272,-13.332815804995224,-14.105218439069,-15.560882145882363,-17.786609139931443,-17.56120039103361,-15.471912156536698,-16.34956919445941,-13.411116509204277,-5.089627918998479,-5.029221778948477,-5.329560540780131,-7.974925174178402,-7.432964384461234,-7.12403325199465,-9.05687709421737,-9.003504875334135,-10.314982533513684,-8.440034926918068,-8.343657371415032,-13.248963851817804,-11.35391357552516,-9.333876822999647,-10.193186684694018,-11.71273082951112,-9.75925497889443,-10.807635184383678,-10.646323273820776,-9.652727476088344,-12.886293757516288,-8.913028014195024,-7.142320581946241,-9.661398066654732,-9.152849920267755,-8.81003515146091,-7.573141136416829,-5.397740031658093,-4.829322969535298,-8.766004557177443,2.223536681171341,-13.248963851817804,-4.829322969535298,8.419640882282506,152,-15.991333933865862,2.7303004317692485,-25.354391039442405,-12.38525524527784,12.969135794164565,152
273,P0273,2,Vegetation,0.2886873,-16.886858584964187,-10.425435716241756,0.6173697531596796,6.461422868722432,79.14314858267706,10.863371646621578,interpreter_1,2026-09-27T12:53:08.044Z,000000000000000000f5_0,-15.696929015008816,-13.631087659969218,-14.861241797823624,-13.796255396847526,-16.723051302284247,-15.655277569810364,-15.60901728040242,-15.607919614654593,-18.01439914832773,-16.886858584964184,-21.90048928001329,-20.22831907130471,-21.094926028913427,-19.81004953189865,-17.477709002793663,-18.063851946484547,-17.190221360859553,-16.59981171834121,-15.410610698705698,-15.536961070862343,-16.286250718424263,-17.047416143851834,-14.407755588239656,-19.3831104203654,-17.051463948808447,-16.060356380701176,-17.488996714097055,-17.741908772522766,-22.73357329417632,-9.185522238901196,-6.654612476479668,-9.101100295905416,-11.624426827799258,-10.145858164916824,-11.968898735801329,-9.163917142430725,-12.051855385915552,-11.867410200517238,-8.682419478201442,-12.602556921457044,-12.578695504606426,-10.822441974441846,-10.425435716241756,-10.93294887021145,-11.655529953034502,-11.546577279973372,-9.398690585292588,-9.64417373276967,-9.837691109393012,-10.414453533542618,-11.394418078660795,-8.450136340743166,-9.510675256942347,-10.507974086423976,-9.93514906861038,-10.640736090816926,-10.28879029401184,-13.401904913754985,-10.49775862957922,1.4387694198898884,-13.401904913754985,-6.654612476479668,6.747292437275316,356,-17.172269622808848,2.248439528948412,-22.73357329417632,-13.631087659969218,9.1024856342071,356
274,P0274,2,Vegetation,0.75352114,-14.509468857768098,-7.091719615448491,0.4887649358475115,7.417749242319608,79.24609551423715,10.937662320618264,interpreter_1,2026-09-27T12:53:11.650Z,000000000000000000f6_0,-12.704606785438004,-15.755297247169771,-13.791273133272377,-15.44876359042724,-15.217825206843203,-12.617144439460866,-14.900046040363694,-14.945019944868784,-14.509468857768098,-15.39265300742834,-15.19866017478525,-14.080946140398172,-16.22462040335273,-13.174051939073426,-14.25413901842222,-13.430470654115767,-13.701124581493062,-14.228155436938458,-13.403950719504998,-13.162921500669633,-13.966379261535536,-14.569626052715408,-13.237912789878806,-14.756049904912052,-12.041504256216344,-15.214337315319382,-16.913764828095086,-15.326508938016566,-15.361865092059537,-7.8290615048670595,-7.88836249409595,-7.450943504247011,-7.002977429097194,-7.599576215071135,-7.011314097171495,-6.932059493467348,-9.532242370331469,-7.214638329309258,-6.766700912415812,-8.460496015271742,-8.424894077349792,-7.071653911182953,-7.091719615448491,-5.069756024198226,-7.489866544132614,-5.807744268483598,-6.510559360457394,-6.72655732546442,-7.144454322310359,-5.989723907952037,-7.834561668712996,-5.170932652244352,-9.132655100075764,-6.7390237264845885,-6.6629685989472,-4.944077683717803,-7.947631904613726,-7.614696830291812,-7.14006378922116,1.0696854197160703,-9.532242370331469,-4.944077683717803,4.588164686613665,104,-14.397554733122169,1.1321194438394484,-16.913764828095086,-12.041504256216344,4.872260571878742,332
275,P0275,2,Vegetation,0.4090535,-15.633954450972462,-9.079037364397692,0.5807255862788419,6.55491708657477,79.24735315563491,11.025966713047213,interpreter_1,2026-09-27T12:53:15.999Z,000000000000000000f7_0,-13.648890369719934,-15.868469193398058,-15.795816197866356,-13.97806564358726,-15.138400106092549,-16.77947499629943,-16.39643503750648,-16.1577831919115,-17.04965056107231,-16.571583842336285,-16.346264374579853,-15.737530822780606,-16.41655087889756,-15.09533579956846,-15.633954450972462,-14.557811942060235,-15.026355122193046,-13.91891686621316,-14.225959181458814,-14.6510265894275,-14.745206023238712,-15.62476707085036,-15.432929073361043,-14.928872107669015,-16.160272565429416,-16.256241502496522,-14.796660970626512,-16.47720618769285,-17.27878170274386,-8.253151829299254,-9.950370619330196,-10.339993981012556,-8.875217890273646,-10.323641709490255,-8.125927155322415,-9.689689955465854,-10.365111591590264,-9.913199651876946,-9.52799711270024,-8.538361858403578,-9.51807286901898,-9.157270813640498,-8.35269441806304,-9.079037364397692,-8.752592649920926,-8.840280659311375,-10.068520998002064,-7.691496464540426,-9.116756364507204,-8.634248705810007,-10.257818797223331,-7.918001270708124,-8.276516958724796,-9.609409892555169,-9.77784378469318,-9.033017599513778,-7.893424723327572,-8.841081440541293,-9.128301694112572,0.7940681464106896,-10.365111591590264,-7.691496464540426,2.673615127049838,104,-15.541214219725866,0.9605741073548224,-17.27878170274386,-13.648890369719934,3.6298913330239255,356
286,P0286,2,Vegetation,0.6711736,-15.143287227369562,-9.11061914652194,0.6016275733088954,6.032668080847621,79.26253468393654,10.999646075222511,interpreter_1,2026-09-27T12:54:02.701Z,00000000000000000102_0,-12.37600445576291,-14.804276953261574,-16.836384492691558,-15.529384605404877,-17.124498092707153,-16.017856155672664,-17.328157167340134,-17.426896476217962,-17.30492577600408,-13.755141498339798,-15.1253637991424,-15.001906423190563,-13.973395152314977,-13.985727438561328,-14.36780978116415,-16.520462534594568,-11.753668073595096,-14.964715039950374,-14.029684468699497,-14.804164957390851,-15.143287227369562,-17.195964680703348,-12.4632956064966,-13.998989010546117,-15.210065757175617,-15.26903306568097,-17.71962945994962,-15.7533473963313,-16.09626264048186,-8.167418161928236,-8.796686727697224,-11.092657001640791,-11.111929141972425,-10.389186723287072,-10.996233626685942,-10.632392912475744,-10.149403640302197,-12.987023268416936,-8.481813519174706,-8.720596272383055,-8.645381591431121,-10.034860973265491,-9.858667992327288,-8.869464089974905,-8.081362582742825,-8.447056695477963,-9.11061914652194,-8.199345271896522,-7.244901126456554,-8.833644715987669,-8.863004085864569,-10.191006932987271,-8.108297084318224,-7.727582817093875,-9.1903583817699,-9.948905733689346,-9.823247374545916,-9.94041753119959,-9.401498797362596,1.2353269826442304,-12.987023268416936,-7.244901126456554,5.742122141960381,116,-15.23725166161178,1.5598122208706369,-17.71962945994962,-11.753668073595096,5.965961386354524,332
287,P0287,2,Vegetation,0.8015496,-16.137718620262255,-10.273261602504778,0.6365993759245399,5.864457017757477,79.20944425064508,10.881517615360794,interpreter_1,2026-09-27T12:54:05.806Z,00000000000000000103_0,-15.706940832852204,-16.903664463473483,-14.694881959004707,-16.29153341184525,-16.58936105013223,-15.260197537291784,-16.469052239868493,-19.175363535768287,-18.35545724019489,-16.566656149282124,-16.934125750759865,-16.137718620262255,-14.541970422756291,-16.961912466250237,-16.690498444018345,-15.757669168114663,-15.983872609705166,-13.938809946595164,-15.908085974670836,-14.51753278806044,-16.323364188655297,-17.03207892974938,-14.418443836166544,-16.266187083837146,-16.441225813797228,-14.27129265326394,-15.803385514347829,-15.448143280740323,-15.131451346245646,-10.664217233934291,-10.460688276887522,-10.273261602504778,-10.66433977612495,-10.300545831816228,-10.294901820487537,-8.071745948101873,-11.550865735688628,-10.292257858565437,-10.652825367579949,-8.859307366848377,-9.403554111526844,-9.63274632020999,-8.335297598541423,-9.131108061797962,-9.106886338907437,-10.626481957130697,-9.55069651142715,-10.455318566166593,-8.922688113638502,-11.449127218527632,-10.807065860115951,-8.870607055337178,-9.622194465772877,-11.03546345101636,-8.371033256247362,-10.556368854124605,-8.629432045368054,-9.771734661117137,-9.874577974672874,0.9420965793257488,-11.550865735688628,-8.071745948101873,3.479119787586756,104,-16.017961284748623,1.1552589092463743,-19.175363535768287,-13.938809946595164,5.236553589173123,104
288,P0288,2,Vegetation,0.75523204,-15.151053716425656,-8.797870067754108,0.580677108828154,6.353183648671548,79.30233005102303,11.12523055194242,interpreter_1,2026-09-27T12:54:07.870Z,00000000000000000104_0,-14.113690410027177,-13.737508546268938,-18.247932521155604,-17.11418209409705,-18.08987014483195,-17.374645631628045,-14.608196767555446,-15.151053716425656,-14.758081795432425,-16.20062564699156,-15.271417261317426,-15.307584177009073,-15.902268501379508,-16.534833104039816,-17.163826221516118,-16.833277321780578,-18.006767381686387,-16.81451650660962,-15.047547241840356,-14.686957771880245,-14.706258651497988,-12.818479293699944,-13.55185559333318,-12.941226941265793,-13.301207547240368,-14.78076065573921,-17.229517593015473,-14.21071239598476,-14.048721428040814,-7.761472464760024,-8.621294735922305,-12.623560659420312,-10.12155611217027,-10.942952970104292,-9.920203689659395,-10.080563912254377,-9.451745725103468,-9.085854884413422,-6.968303014768785,-8.930531960421675,-8.527982834818749,-8.594517346520187,-10.153626769094256,-6.785167502333266,-10.671510552999832,-7.793082102819101,-9.74662699318079,-11.117160109385342,-7.27022198515073,-8.797870067754108,-8.740357179834518,-6.3536193521359365,-9.275516377843015,-7.252325178678079,-8.261100705288802,-8.901025611824192,-8.351896886827205,-7.980210907595174,-8.933857192864885,1.4048666244048995,-12.623560659420312,-6.3536193521359365,6.269941307284375,32,-15.467362857354845,1.579551928921651,-18.247932521155604,-12.818479293699944,5.42945322745566,32
289,P0289,2,Vegetation,0.4451146,-16.778336804330753,-9.259849025698724,0.5518931425496603,7.5184877786320286,79.1855490640875,10.903256845236486,interpreter_1,2026-09-27T12:54:12.549Z,00000000000000000105_0,-13.435631823050002,-15.40508717097233,-16.8656867687556,-18.573053526060125,-19.387937760941817,-19.343370142889928,-18.098934864996146,-20.83727391488584,-18.84377611787632,-17.27061402387729,-17.529629614256333,-15.434066496833571,-16.10003563797014,-14.64495849742262,-15.664130647791144,-16.778336804330753,-14.179191635302612,-17.73511625556751,-16.80077373164583,-16.68180219042579,-18.41197289475057,-16.448878010476275,-13.483306381480968,-16.522953375730726,-16.47282063125718,-18.59525498324064,-17.15838507188348,-16.757045575626755,-16.519062857904466,-8.171134275351958,-9.513686656510156,-9.259849025698724,-10.1395019047667,-12.367456960674394,-10.41140211816352,-8.191165019889317,-9.64114350119761,-10.797161594092046,-8.620532526516264,-9.819706249835614,-9.85727472655477,-9.670540381627982,-9.29526064772791,-7.488034513300156,-7.448823536699143,-9.6875256307645,-9.96116746988416,-8.4571885369595,-9.364423817627769,-7.171128369902195,-8.283586778642594,-6.899167237478981,-7.727779172328884,-9.023885780146797,-10.550054648442028,-9.242587641510694,-9.101480723290546,-9.009954866442303,-9.143882907311284,1.1789791222567354,-12.367456960674394,-6.899167237478981,5.468289723195413,56,-16.895830600282856,1.7182197061602738,-20.83727391488584,-13.435631823050002,7.401642091835839,104
290,P0290,2,Vegetation,0.6756232,-18.32652284772284,-9.737948321139054,0.5313582070124689,8.588574526583784,79.05996458736759,10.907478927071848,interpreter_1,2026-09-27T12:54:36.070Z,00000000000000000106_0,-15.354878111421286,-16.969270041341527,-22.42402648779706,-21.508026254114625,-21.78592530454718,-19.42224987723616,-16.97848739751872,-17.328721256908246,-16.7766574179197,-14.192926582907551,-18.635111040352484,-22.74607682588133,-23.183893163136524,-21.160755790535926,-23.45423042184595,-19.91538860868342,-20.739319497672767,-20.373588041290507,-18.028978484492413,-15.652165668450891,-14.78839312430191,-15.877124484492173,-14.9110409161198,-19.234455426657803,-19.48768838786616,-15.847311706543383,-13.653473200242978,-16.184720848176518,-18.32652284772284,-8.779807765233079,-12.124606040129866,-16.479155907225632,-15.122345324243092,-12.090934520102596,-9.737948321139054,-9.628208057792154,-11.555714412683308,-9.728364960593511,-11.431395234905716,-8.742518294244743,-17.23008141133459,-14.415562025541035,-12.75409100360032,-11.155372283715742,-9.666652853123168,-9.513857634073592,-8.667624776373898,-9.217359059351658,-8.20584903669492,-11.445906162259725,-10.705470386164953,-10.19008260220863,-9.771923167339752,-9.651189401138469,-8.153959300839,-7.590652121502376,-9.086907830820994,-6.63548571451559,-10.671690538237629,2.50963617830548,-17.23008141133459,-6.63548571451559,10.594595696819002,152,-18.446255421247518,2.8459935659146285,-23.45423042184595,-13.653473200242978,9.800757221602971,188
291,P0291,2,Vegetation,0.599233,-15.95857396124432,-9.934406377678686,0.6225121619140012,6.024167583565633,79.22929701842412,11.128194992380012,interpreter_1,2026-09-27T12:54:38.240Z,00000000000000000107_0,-16.026211343673523,-17.0384498676716,-15.670800754220917,-16.52283640968768,-17.389301727918895,-15.061568403208298,-15.899219041419242,-18.575395979569247,-15.548575837688308,-13.9064790440469,-15.95857396124432,-16.619689957478734,-17.04764363285567,-15.510413314697931,-14.251323686505282,-17.92946258770271,-17.029479614276283,-16.17111757293866,-18.790530481408823,-17.239285112668377,-16.316154576548996,-18.36797540032101,-15.153084889012709,-14.77346741201158,-14.01763370896968,-15.468217624612452,-14.57618691295243,-15.11233841764491,-15.123766125507968,-8.940139346240688,-9.2472241320693,-9.91391271233365,-10.054965697366953,-9.828203833211983,-10.677471809592364,-10.25466167171266,-13.2117532525499,-9.451467093975571,-9.281805706074715,-11.237030003784303,-9.459056408509948,-10.394944764938018,-11.069146800969229,-8.90682794788227,-9.36700094122436,-8.945108371753488,-10.663355011726503,-11.070546402012084,-10.162441412963451,-9.679949057652864,-9.92534780872305,-10.04952804033958,-9.934406377678686,-12.30494716070588,-8.900174014854832,-8.941991349405058,-10.145657059086505,-10.316086258935034,-10.080522429250792,0.9916610101471132,-13.2117532525499,-8.900174014854832,4.311579237695069,104,-16.106730462015975,1.3105779074533055,-18.790530481408823,-13.9064790440469,4.884051437361922,236
293,P0293,2,Vegetation,0.64977974,-16.615544858657817,-9.647249636330256,0.5806159062730578,6.968295222327562,79.16120471988785,10.852232537098498,interpreter_1,2026-09-27T12:54:51.739Z,00000000000000000108_0,-19.43663045303385,-20.69161548252633,-19.328183568702,-17.75316521235814,-17.670843458053188,-15.48173828633849,-16.09506231963746,-16.478701385784042,-16.728408476895936,-19.19117891853617,-17.985836193881006,-22.72630285031711,-19.78555196542818,-17.66685474376809,-16.741340470247543,-16.852658759556274,-16.615544858657817,-16.218331574645358,-16.75144009700176,-15.206286051087837,-16.290764082178477,-15.301927070255656,-12.774136687299922,-15.133035760401636,-15.806364701586556,-14.094686552369062,-13.541749556479772,-14.911351196766024,-14.62079025204254,-9.537295972314642,-10.24212381115488,-9.40311836238986,-7.273110595116829,-10.64662255543742,-9.166438846875868,-10.436877247495408,-9.830242144980954,-10.801621108829703,-16.05099709189536,-9.333330612688952,-15.42336660582087,-8.501938849736563,-10.490848494291685,-9.647249636330256,-10.321643942242442,-10.033431224988645,-10.57567003798409,-10.546631983133617,-9.101780405670349,-9.399276637254466,-9.86260029507916,-7.000877998743981,-7.372535186021717,-9.74424130596138,-8.97424270970891,-8.04503690156393,-8.731627293423498,-8.887270794247943,-9.840760298323568,1.8936579744632545,-16.05099709189536,-7.000877998743981,9.05011909315138,128,-16.82346486158056,2.165888596111835,-22.72630285031711,-12.774136687299922,9.95216616301719,152
295,P0295,2,Vegetation,0.42532605,-17.87923470608192,-10.987590972660556,0.6145448143215517,6.891643733421363,79.29810796918767,11.144544330550987,interpreter_1,2026-09-27T12:54:58.690Z,0000000000000000010a_0,-17.038393421344527,-20.864183822103787,-20.29573910480476,-18.456281496869472,-19.52980706138992,-17.612089481356115,-18.63405839856233,-18.732090024931708,-20.24574964216814,-15.713939073934046,-18.467206976463665,-15.503723732937134,-17.423693609381605,-16.317039967365336,-19.693229636857527,-16.3453095434363,-15.917738862783455,-17.87923470608192,-17.894093232805442,-15.190837830253352,-18.176931366169605,-18.75980317020573,-15.855018420123068,-16.935893525025737,-17.267776576418058,-17.101294380907806,-17.973741924659038,-16.681208793155715,-18.43211611414852,-8.805271782595462,-12.345817488881394,-12.353197791300074,-13.045980051157372,-13.070597916748689,-10.707360705743104,-11.444383393416915,-11.260406147946783,-12.429677513217502,-9.477867417457462,-9.391967636478618,-10.225198986967117,-10.875839362102711,-11.67565301853503,-10.614406793876928,-10.763024263889996,-10.322546518104208,-10.67007220313505,-11.903269966567436,-10.89863300171076,-12.472460817956348,-11.855074532204531,-10.799585461741936,-10.435811796270825,-10.987590972660556,-12.139443684621396,-11.46578853689994,-10.19586002254927,-11.66493079521658,-11.182679951032894,1.047088185340964,-13.070597916748689,-8.805271782595462,4.265326134153227,56,-17.756490479194618,1.4817276352178792,-20.864183822103787,-15.190837830253352,5.673345991850434,20
296,P0296,2,Vegetation,0.8325034,-15.191607453833807,-8.719508973903999,0.5739688180070446,6.472098479929809,79.35461200055879,10.993268036705262,interpreter_1,2026-09-27T12:55:01.012Z,0000000000000000010b_0,-12.963799345219332,-16.474795325985056,-16.799756156967355,-14.925754746113906,-16.519685687365644,-14.448842298388149,-14.614499244554084,-15.438075858593924,-14.81786404317041,-15.55707424593251,-15.400073553915163,-16.13484480874126,-14.831888493208083,-15.269101377347528,-15.247556547200794,-15.026488954198076,-15.162247960009177,-16.35487430403826,-14.940776987916042,-13.102288142695082,-13.697931125942333,-14.786575441463462,-12.369436750437666,-15.342933520051105,-15.363026881621009,-14.938505985535972,-15.191607453833807,-16.964896308212673,-15.983511989564771,-7.568476317371468,-7.834722826949165,-11.36245455270262,-7.630046511609758,-10.494281847400536,-8.690705266610472,-9.0963185935678,-8.432913966226188,-9.80582056280155,-10.185466936193404,-8.20310978252284,-8.357868420472151,-9.323747867196431,-8.51870465321969,-7.50000513425245,-9.478826410738632,-9.870035298902948,-7.984598497907882,-9.868329482172246,-9.203295518067424,-10.125286946289975,-9.244498200581578,-9.205239524516871,-8.59514013265981,-9.812983174738344,-7.667340533461241,-8.719508973903999,-8.346517710041518,-8.543266840863575,-8.954121051170436,0.9585886851369616,-11.36245455270262,-7.50000513425245,3.8624494184501694,32,-15.126507363386985,1.0708538831285894,-16.964896308212673,-12.369436750437666,4.595459557775007,344
301,P0301,2,Vegetation,0.711415,-14.461308170021642,-9.421894884571124,0.6515243831192779,5.039413285450518,79.31167252997787,11.015905581865074,interpreter_1,2026-09-27T12:55:20.024Z,0000000000000000010f_0,-11.391372396027824,-13.30137051220352,-16.539077214918805,-14.884607759572166,-15.348792629581975,-14.9691150594768,-14.223914224157417,-17.689663022926673,-18.218018441602105,-13.939184622506133,-14.342007105914858,-15.41964268377833,-14.374688259218717,-14.59305343624701,-14.07495915506509,-14.854436094283956,-14.045680447799144,-13.767378497050696,-12.624672896333305,-14.728530826796996,-15.005957998507313,-14.461308170021642,-12.42537962569344,-13.626267726118698,-12.747883044634865,-14.708916581775387,-14.965928585798348,-13.346573039744072,-15.874019731257537,-6.253552038720636,-10.975170682764103,-11.745865063330069,-11.651160132910794,-11.76470615298256,-7.263729456573916,-9.421894884571124,-9.722515921596456,-8.465025191100695,-8.248724913960457,-9.051181958787708,-9.332071648667135,-9.461933875005096,-9.24576194749164,-8.085722429513213,-10.476548830008598,-7.685568214127027,-8.423358854423384,-8.46842642617167,-7.919399490449676,-9.449322774420915,-9.86029575751328,-6.969267464894093,-10.70585409445686,-9.368225310114475,-9.85289991604238,-10.437698875280804,-10.388986060829705,-10.60517061259844,-9.355173757907137,1.4005938392352997,-11.76470615298256,-6.253552038720636,5.511154114261925,56,-14.499737923759067,1.4157049308507466,-18.218018441602105,-11.391372396027824,6.826646045574281,116
303,P0303,2,Vegetation,0.70987314,-14.529095380937347,-7.223992457772022,0.4972086883846972,7.305102923165327,79.3434728910357,10.936494510748908,interpreter_1,2026-09-27T12:55:26.471Z,00000000000000000111_0,-12.31957509718093,-15.921355418523378,-12.386079675391064,-14.74432079177567,-16.667272789107038,-15.526209407146274,-14.529095380937347,-15.768337500532216,-14.597996163069656,-11.984844683270374,-15.428828173541486,-15.17082531801822,-15.136948901615764,-12.387178691839168,-13.743943316226146,-13.610569468762584,-11.528406029784176,-14.29775356823754,-12.08734249816291,-13.266032624510554,-12.826369956072243,-15.22786330342362,-12.361735634319162,-13.525756830420734,-14.558258342972223,-18.28449507605212,-15.31992302905554,-13.25336642880589,-15.039712310424369,-6.066060582938397,-7.788703233431269,-7.223992457772022,-8.724128979139753,-9.614350141454208,-8.01927399789803,-9.283489685684556,-8.988458720118366,-7.000584743361818,-6.866978628199513,-7.383025948950099,-6.708893092703394,-7.644939257673271,-7.215720426053382,-7.298126206450356,-7.109512514763861,-6.349271825192153,-6.791777548935404,-6.07300673202648,-7.163787151545745,-7.173747215644697,-7.727862395878709,-6.6021713699101126,-7.570382920455241,-7.119561441873099,-8.67588283666581,-7.724457668945729,-6.670152311806854,-7.3281266473737885,-7.44504919596021,0.882557825187951,-9.614350141454208,-6.066060582938397,3.548289558515811,56,-14.18966884169581,1.571962690508527,-18.28449507605212,-11.528406029784176,6.756089046267945,320
305,P0305,2,Vegetation,0.7046938,-14.59864262000903,-7.323867849048144,0.5016814261217672,7.274774770960887,79.06634262588483,10.887177001650748,interpreter_1,2026-09-27T12:55:32.994Z,00000000000000000112_0,-12.89380403718643,-14.581528142931424,-14.720838667808405,-17.535025605068892,-16.517488397846623,-14.960960322439671,-15.60242868448954,-15.58068704982372,-12.864011034489556,-15.232690264489346,-14.388848645768824,-14.373512670536291,-12.977202338339213,-15.049542209807576,-14.608793782025089,-15.29510094287591,-14.565350531751694,-14.59864262000903,-14.687653316831597,-13.573888462937443,-14.144407828607507,-15.424995186595568,-11.732083603830992,-14.18540176421159,-15.30249996419575,-16.987891734918637,-13.989169769854955,-13.369921022445926,-14.020146767502496,-5.992800054471521,-7.52803675546986,-7.258231646197196,-8.324615905572323,-7.329921830921881,-7.360966385746101,-9.272309858429802,-8.135356706206588,-11.172742667279412,-6.780188117276853,-8.600197371349187,-7.135602379190877,-8.216429351358565,-7.934962947873592,-7.481652220668666,-7.162729364643531,-7.323867849048144,-7.3955478641742465,-5.085319328743702,-6.634166838442556,-7.673716617593663,-7.293685362341065,-5.809283059182123,-5.902058483330292,-7.149801153730665,-7.085805252621947,-5.647221663929582,-7.94101707067704,-5.867555038787813,-7.327441005008922,1.1832252787610968,-11.172742667279412,-5.085319328743702,6.08742333853571,116,-14.612569495504127,1.216310470261898,-17.535025605068892,-11.732083603830992,5.8029420012379,44
306,P0306,2,Vegetation,0.46293247,-17.096200389082373,-9.516080376244709,0.5566196090168476,7.580120012837664,79.24591585118033,11.083189396645626,interpreter_1,2026-09-27T12:55:36.302Z,00000000000000000113_0,-14.227495458699911,-15.479443209624591,-15.111910807517448,-17.095350727751853,-18.37393149221498,-16.464904653359426,-18.180968029751227,-19.59847531383373,-20.085308522444222,-17.620930177765143,-16.774688047798346,-20.991658980995133,-18.002064329538996,-19.458154609902355,-18.93904706257796,-18.42237413256508,-17.88477615655812,-16.270771835754655,-17.58302134828947,-16.090300848722546,-14.721617875595756,-15.300097825931031,-13.626013428165267,-18.834490354987143,-17.283195208667983,-16.662104101671712,-17.096200389082373,-14.38315933016478,-16.18256671611602,-8.997909570584431,-9.399848114070345,-8.904144032390926,-11.47198243097118,-9.33267597244787,-11.353282527458424,-11.23474276558906,-11.056136099096683,-10.51873399087206,-9.392654065030046,-10.070129395518885,-13.03470307624108,-10.266589985746876,-10.987361072930256,-7.643964454303738,-10.198476749297562,-9.113664376867106,-10.075529707670334,-9.34538901894268,-9.06066384302716,-9.956797003582228,-8.758950186512273,-8.384335816263377,-11.58832587106259,-9.472133087189595,-9.7998697426488,-9.039187658652915,-8.49561362896922,-9.516080376244709,-9.87827153862698,1.1480738296163953,-13.03470307624108,-7.643964454303738,5.390738621937341,152,-17.12913865434646,1.8114584945455183,-20.991658980995133,-13.626013428165267,7.365645552829866,152
307,P0307,2,Vegetation,0.39675677,-16.383444810487152,-11.264023162086792,0.6875247112180349,5.11942164840036,79.2359445515266,11.145622308891934,interpreter_1,2026-09-27T12:55:38.811Z,00000000000000000114_0,-16.519554290499755,-17.875353049224998,-17.389101736596484,-17.087908586238786,-19.12378645157912,-17.36929816427515,-14.126245344471211,-15.950155786969033,-16.916870878132002,-14.165832676891055,-15.679372071684751,-14.432492838859476,-14.92439248362706,-14.643009939486127,-14.96001936195022,-13.414966663492676,-12.771673536581435,-14.45279033707103,-16.272864211153447,-16.111870640154642,-17.185839930934282,-16.82272580166158,-15.465906043488156,-16.762394590333933,-16.98141927205034,-18.07478230041028,-16.808679668531514,-16.383444810487152,-17.28167047630376,-10.398362684773732,-11.205119905009736,-13.874447455985216,-10.910375503754857,-13.38840433100863,-11.256427408377965,-11.863161901439616,-13.37332742636502,-10.928644629128756,-10.141346398713656,-9.833326318758418,-9.60453020317204,-10.320325264211736,-11.264023162086792,-10.752318965668527,-11.186367354306748,-8.048558461035142,-11.800593298971634,-11.598055289919085,-11.49704083854785,-12.370935939720791,-11.584040358841492,-9.170055889798077,-12.558249716979413,-11.90009540617442,-12.74297532995356,-12.477876557490736,-11.120903487437031,-13.347558393082169,-11.397153375196996,1.3188142677547907,-13.874447455985216,-8.048558461035142,5.825888994950073,32,-16.067393860108254,1.4739798913505937,-19.12378645157912,-12.771673536581435,6.352112914997687,56
309,P0309,2,Vegetation,0.55434483,-16.899320223264056,-9.791443401714073,0.5793986546414399,7.107876821549985,79.08394960545357,11.088130130708285,interpreter_1,2026-09-27T12:55:45.544Z,00000000000000000116_0,-14.139298255669615,-18.066116298635063,-17.758646026431958,-16.61116645320842,-18.20109769214644,-15.282866714019592,-16.65991718108981,-16.899320223264056,-16.621120219719923,-15.599587290117729,-16.836372389107936,-16.950869357236687,-17.753569800498646,-16.20237777789912,-17.264269210878872,-18.569730761566813,-15.620176822919849,-15.748217206124036,-17.578645041818454,-17.2599622649418,-19.713903730063784,-17.809410989568825,-16.509898434819817,-17.652169636418048,-17.313846829512777,-15.51250835265387,-18.797322266820743,-15.60225706698934,-16.888758569509548,-10.156593187128657,-10.873423611500913,-9.288934237180587,-10.979556174352783,-11.128171691887616,-9.02918034663868,-9.425307357506682,-9.684650668951535,-9.48293853593787,-9.872635972616584,-9.150748797242263,-8.558065724469408,-11.005941318813536,-10.871364714720604,-8.618204329524673,-12.408384005085097,-12.085323225269825,-9.50311533331372,-9.791443401714073,-9.807607554811725,-9.166490925023489,-10.360206016289377,-7.411251468510573,-9.08748737488514,-9.668287247760096,-11.537897322232954,-10.530043363377745,-10.117544557050842,-9.711250736165706,-9.976277558619405,1.072124863588531,-12.408384005085097,-7.411251468510573,4.997132536574524,200,-16.945634581505228,1.1805442498701135,-19.713903730063784,-14.139298255669615,5.574605474394168,260
310,P0310,2,Vegetation,0.5259922,-17.458230257691287,-9.969144364019298,0.5710283469097537,7.489085893671989,79.37078167567294,11.016624234092369,interpreter_1,2026-09-27T12:55:47.838Z,00000000000000000117_0,-15.079252082665498,-16.621409672942633,-17.330333032747056,-20.07179530005287,-21.238437223597803,-20.36150529947513,-20.09401463207649,-20.450329473378464,-20.172709695367885,-18.05816066232353,-16.965396227844998,-17.458230257691287,-16.27033757905992,-16.772656470641255,-15.855055485216033,-17.01836129154295,-14.668580287380411,-15.81390214996417,-13.162093093921056,-17.348409214628198,-18.46909012759627,-20.37055153866167,-13.34583120012505,-18.37226569887781,-20.92083644862405,-22.35918137561756,-17.688031951474162,-17.13875657396797,-18.29120761805249,-8.18356534892851,-9.40775336318017,-10.742661865505896,-12.0786918662955,-12.01682938930723,-13.40494953327317,-10.958120670347412,-12.876049224190782,-12.585023443461017,-11.312227849250442,-9.294212894332077,-9.72055878770739,-10.594168341919314,-8.780643412683846,-9.667839998517648,-7.971813695555951,-10.995222341561812,-10.433983464385026,-10.222945207169094,-8.750568239708231,-9.969144364019298,-9.415740344652551,-8.487383576645772,-11.11023702449688,-10.573725382953976,-8.536660791592832,-8.910974275215917,-9.827364458797907,-8.067011536826243,-10.168830023878686,1.4582294893535066,-13.40494953327317,-7.971813695555951,5.433135837717219,80,-17.854024885017747,2.2966401547728794,-22.35918137561756,-13.162093093921056,9.1970882816965,320
311,P0311,2,Vegetation,0.4479554,-16.482367679820655,-10.602092652364624,0.6432384508291704,5.88027502745603,79.37904617628683,11.127386508624308,interpreter_1,2026-09-27T12:55:49.615Z,00000000000000000118_0,-16.353652751325946,-16.873610270003397,-16.324957269443534,-13.9571271076285,-14.835897266164984,-15.653752712288636,-13.898304962366892,-18.697446642026343,-15.662913772601446,-17.776370486389034,-18.09908629554378,-16.482367679820655,-16.189992427358856,-16.550832284035685,-15.545940588129843,-16.09311439742822,-15.794975327959715,-16.695035837626328,-16.340215312692415,-15.067386809199032,-17.11858928419353,-16.702992623465033,-16.7038578765686,-16.484621799493947,-15.644008596108383,-17.58269493118345,-17.77030566732379,-16.58246533204805,-19.86350310574353,-8.936336899245156,-10.232571885405076,-8.950751898070097,-9.807206702022857,-10.762055432843692,-8.972225713948692,-9.271128097768791,-8.919859133454906,-11.036109113567704,-9.418215660596935,-11.08017118924105,-11.0190367242017,-11.194487240444076,-9.66576802499837,-9.644423266774233,-8.885440472814292,-10.573005361268796,-11.604222227817642,-10.970588116273843,-12.073513084156293,-11.318077548762876,-13.224341318315718,-10.791425611909492,-11.678233781806028,-10.01468038381963,-10.655462723804431,-14.222678215265624,-9.853180505204632,-10.602092652364624,-10.530251344350592,1.2648285691284007,-14.222678215265624,-8.885440472814292,5.337237742451332,332,-16.460207566074534,1.2549739155305644,-19.86350310574353,-13.898304962366892,5.965198143376638,356
313,P0313,2,Vegetation,0.76290864,-14.267724409685078,-6.639642062611389,0.4653609694131975,7.628082347073689,79.09374124205048,10.864629288019346,interpreter_1,2026-09-27T12:55:54.271Z,0000000000000000011a_0,-13.19881935266955,-13.523524296297412,-14.310601421614606,-14.948640059906888,-14.96336942075502,-17.271022237399105,-12.510517627625958,-14.878067312992522,-15.362713462585216,-12.727595579257024,-14.473964029722552,-13.695179455674287,-14.267724409685078,-13.957533952308228,-12.745111746309984,-13.74655738801916,-12.603707105774545,-12.89977822070064,-14.858661356777237,-12.244212583197127,-15.586546681289796,-15.02070499880157,-12.094272182130696,-16.142928095360684,-13.46601561231912,-14.44753924623878,-13.67312686168834,-15.938862037148962,-14.83279077223015,-6.40422545596672,-6.046265955565984,-5.638504353367875,-6.820702133581307,-6.639642062611389,-6.597065054376524,-6.294777941803657,-5.80249892651546,-6.752502019283112,-7.634700266437163,-6.739182551198431,-6.013187841142459,-4.989250163831834,-5.080429163457372,-4.975524230933778,-6.725724153610275,-5.950855617193314,-7.123118234393855,-7.221394001202459,-6.3354926161669,-7.445692784811699,-10.151711042467529,-6.878431084898381,-7.129890659168423,-7.059459507310754,-7.379056646874034,-5.739846528363058,-7.566508468661457,-6.352057563073382,-6.603024035457535,0.9905995735028272,-10.151711042467529,-4.975524230933778,5.176186811533751,272,-14.151382327809662,1.2475091625783024,-17.271022237399105,-12.094272182130696,5.176750055268409,80
319,P0319,2,Vegetation,0.332967,-12.81234871050433,-4.931160636506003,0.3848756186649168,7.881188073998326,79.06185104946424,11.053185666156034,interpreter_1,2026-09-27T12:56:13.264Z,00000000000000000120_0,-12.463153538507694,-15.125845138168684,-13.876699251637124,-14.722999585812278,-14.919141037312764,-14.367194131193308,-14.850204064596223,-14.312065757980347,-14.906835517166426,-12.81234871050433,-12.992208388751196,-12.797269808648595,-13.789667207445316,-10.790219859462573,-12.50320936359157,-12.779827493304191,-13.171505744921513,-12.332237165838109,-12.660591553014244,-11.590434279633373,-12.750220275302514,-12.345441542379216,-10.771311349069451,-12.30532842088004,-13.716305183608776,-12.509394452446768,-14.541546409041327,-14.261700682237253,-12.371932241601566,-5.125508353234071,-4.483482253202346,-4.662542168042699,-5.198916020698227,-6.017499363603278,-5.922398266655032,-5.412121823153649,-4.904071411038714,-4.946981801047075,-3.47603643379665,-5.726010085946117,-5.082218220047173,-6.170911360672538,-4.320167118818425,-4.030957773541693,-4.129656130472082,-3.887735781194863,-4.2834239267289504,-3.764906778583321,-4.911452957604866,-5.1961630811968735,-4.547085050751426,-4.987708767398925,-4.589738008339764,-5.2236614333756055,-4.762458328786519,-6.200439006089638,-4.931160636506003,-5.064681436192602,-4.895175647473073,0.6904219010301917,-6.200439006089638,-3.47603643379665,2.7244025722929885,332,-13.218511660484712,1.189116004861638,-15.125845138168684,-10.771311349069451,4.354533789099232,20
325,P0325,2,Vegetation,0.5636646,-15.8773116981075,-9.553546311101153,0.6017105724667412,6.32376538700635,79.40464816188424,10.93245209197037,interpreter_1,2026-09-27T12:56:36.211Z,00000000000000000123_0,-11.918847971180842,-13.93894418505055,-16.36776380519843,-16.368739713119428,-16.200309974261117,-16.0588881322608,-16.965349169400387,-16.385952599875417,-15.8773116981075,-14.583700781523849,-16.194372790433498,-23.626915283667472,-21.265267301485657,-15.52136586845988,-14.402933175638848,-16.402015708219224,-15.054963153202948,-16.94912713361057,-14.422170388307531,-14.680273178667855,-17.285895090080963,-14.29703288555345,-13.41238638110068,-15.495713482897774,-18.679394324454968,-17.31285764907922,-14.794857393202282,-15.129856966998789,-15.627827174818943,-7.301248625858507,-7.821039804310169,-9.181630719674285,-8.9474743975415,-10.924444330897414,-11.50258338047954,-9.337261083290976,-11.597994048084663,-10.677256240900393,-8.223064940221272,-7.759851391733486,-11.283194354460338,-9.553546311101153,-9.691495790150356,-9.65629491964484,-10.993426619153423,-10.538398246862158,-10.302313280447098,-11.2201869784935,-8.283509629250066,-12.147199722360773,-9.44338487946212,-8.18390740208837,-8.322521946132337,-10.858346864425872,-9.893410160047267,-6.299321019985463,-8.280559366613046,-7.4791416217078845,-9.50703476121994,1.4873046103932503,-12.147199722360773,-6.299321019985463,5.84787870237531,260,-16.04210459861582,2.2121963499492625,-23.626915283667472,-11.918847971180842,11.70806731248663,152
326,P0326,2,Vegetation,0.8041136,-14.658421942246951,-8.255828422870374,0.5632139977548537,6.402593519376579,79.08394960545357,10.906311117202492,interpreter_1,2026-09-27T12:56:39.231Z,00000000000000000124_0,-13.186519586583316,-13.020804167834058,-14.094207681463754,-14.658421942246951,-14.86439747828771,-16.11636671217169,-15.40005504142664,-15.967147835203638,-16.326750227519174,-13.845236335444122,-17.541802311197298,-16.012039711354124,-15.833239691935509,-15.57858429779581,-16.00407530777788,-14.836810726221332,-13.593325077742556,-12.931580409496126,-12.157492151175642,-12.928780237073562,-15.807466249757187,-13.954703328730192,-13.897540435090042,-16.372571500733702,-16.704900195844058,-12.95385953360234,-12.89933946027758,-14.05679392096169,-11.512292892146824,-9.781423540898182,-9.165246027669928,-8.255828422870374,-7.888034984421694,-10.15666732322725,-8.140472853155567,-9.858256761757008,-9.294373245560044,-8.618415718224405,-8.153812925088737,-9.07113201654429,-9.14180684594665,-7.561338430403213,-9.493039834728815,-7.525500304577242,-9.72162510236467,-5.022971263888259,-7.198797343502138,-7.854485604054132,-9.213217009560214,-7.924595962904746,-9.298291175117177,-6.379113936926504,-9.307420846949086,-8.58482277230218,-5.970758829290258,-7.818212817691672,-6.533374606661502,-7.381259320869247,-8.286699856108799,1.2393708961678946,-10.15666732322725,-5.022971263888259,5.133696059338991,56,-14.588176015417051,1.5115435092331568,-17.541802311197298,-11.512292892146824,6.029509419050473,140
327,P0327,2,Vegetation,0.8522167,-13.381079941286648,-7.260992769816267,0.542631297449531,6.12008717147038,79.33709485251846,10.952574354334647,interpreter_1,2026-09-27T12:56:42.377Z,00000000000000000125_0,-12.90693617780576,-13.681457769629729,-13.381079941286648,-14.326122105399977,-14.54853294871411,-12.941372165545356,-15.06935322415636,-15.709560576243968,-14.64532153297611,-14.5209646121942,-14.77942950040678,-13.613043862935427,-14.455548924945427,-12.1013638589318,-13.473876469687324,-13.355130130667836,-12.797027043973303,-14.143293782843015,-12.602709220888784,-11.984859503592238,-13.864318163923656,-11.726883348274782,-11.306321760360676,-12.083062858244077,-13.56296738165528,-12.273419495600278,-12.501944158337734,-13.269113940297949,-12.551279948445382,-6.618436840551478,-7.260992769816267,-7.627250429821876,-8.317845857017069,-7.220499189263206,-7.620792476358901,-9.354712052558106,-9.46290622600346,-8.467611905846717,-6.139501884281263,-6.611509519249376,-6.623278987181341,-8.014060151689518,-8.76089142202941,-6.824479870480356,-7.173955846266379,-6.851034305492228,-6.483028099938269,-7.031915150636784,-6.232866092131854,-6.770470094749222,-7.3668708112412435,-6.503465389215744,-7.35521780856229,-6.597212859103662,-8.204431256958545,-7.919126944546383,-7.6582252965801745,-8.504066119899518,-7.43367778129209,0.8886966711703926,-9.46290622600346,-6.139501884281263,3.3234043417221963,104,-13.385389462343584,1.0814258143531372,-15.709560576243968,-11.306321760360676,4.403238815883292,104
329,P0329,2,Vegetation,0.8561658,-14.88819031066092,-8.840773201574162,0.5938111360145355,6.047417109086759,79.21321717483838,10.938919962016032,interpreter_1,2026-09-27T12:56:48.557Z,00000000000000000127_0,-14.765912007103443,-14.923739412959218,-13.98625607137761,-15.06023031202576,-14.932003292829926,-15.478907618649664,-12.797711009651945,-13.890195370774029,-15.93951844525776,-15.437039224101696,-15.66750111217107,-14.186804117942188,-16.015848167369846,-13.193588986168038,-13.751669740013346,-15.003541551134784,-13.326195166100891,-14.621464494436047,-14.87619779344528,-15.883696503687236,-15.509838794757105,-15.02529387747294,-13.92855318508917,-12.758251575003763,-16.63328830698594,-15.063956875005273,-14.88819031066092,-13.773554503965377,-12.666031385134051,-7.283825506978045,-8.525592186560404,-8.459079318326499,-10.576209450797109,-9.448776670989895,-9.62515718210492,-9.419224978084983,-9.11504448005248,-8.840773201574162,-7.9636371677206625,-8.844992325126302,-8.527327649698393,-9.00420614625469,-8.391650973262625,-7.172442657578799,-6.985059810045952,-8.965180735814196,-9.485271101997316,-8.177054439718152,-7.351394101305689,-8.996253390329771,-9.881069418022362,-7.872823281043718,-7.794066818147859,-9.784477230622164,-9.143291819953603,-8.113333654665247,-9.123636573848552,-8.83618689169264,-8.67955307456266,0.8603274161596305,-10.576209450797109,-6.985059810045952,3.5911496407511567,44,-14.620171696940496,1.0350535728501982,-16.63328830698594,-12.666031385134051,3.967256921851888,308
330,P0330,2,Vegetation,0.7111716,-15.57925012245794,-9.25666331969237,0.594166166338688,6.322586802765569,79.27996200044845,10.89103975737246,interpreter_1,2026-09-27T12:56:52.612Z,00000000000000000128_0,-14.621430264031584,-14.38935802283009,-15.630980840761662,-16.836067858428095,-14.772400163645743,-17.428152691283085,-17.12109283361404,-15.702141168360397,-15.58754201803104,-15.57857494541079,-16.96008345455175,-17.40370978745769,-18.262836636968544,-15.259407516701591,-15.69848503401317,-15.172321691037208,-15.085735248902804,-15.71203904310989,-15.086629734802075,-13.762663556384062,-15.57925012245794,-13.7519637451218,-13.704311275539606,-15.449629108775383,-16.48708964153014,-14.486544598168866,-14.286020806187672,-15.913858841431164,-16.741653710812358,-9.910438281838768,-7.4052301794365345,-11.268296581575306,-10.394094691103977,-9.21851303304032,-9.398921052061873,-9.1150798460118,-9.205735902860336,-8.852677092730852,-6.656828794622326,-7.984695335966173,-10.368857642588525,-9.622573260314107,-7.587727169183534,-8.797588921698157,-9.618146068311733,-7.671108808641759,-9.41598529530599,-9.65200705161495,-8.948290112055588,-9.291324285892069,-8.121645196968535,-9.274964314398936,-9.25666331969237,-10.098461580690962,-9.263745205247517,-8.82661484279739,-9.90432094922832,-8.31510794867462,-9.08433250912253,0.977272432078786,-11.268296581575306,-6.656828794622326,4.61146778695298,32,-15.602481874494831,1.1583231321535503,-18.262836636968544,-13.704311275539606,4.558525361428938,164
331,P0331,2,Vegetation,0.49150684,-16.43942346080746,-10.903475671300498,0.6632517069284708,5.535947789506963,79.33035748788755,11.149305401556823,interpreter_1,2026-09-27T12:56:55.771Z,00000000000000000129_0,-14.644133058096616,-18.311250621216832,-18.33320840370905,-17.95920293733656,-18.81971832087889,-16.26855747767228,-16.43942346080746,-15.87718459233188,-18.192113513795096,-16.415517036684633,-17.43222446589989,-18.123502385462366,-17.76460706351248,-15.756032434570466,-15.619258942225285,-14.441459901325327,-13.71035218056836,-17.043136653211903,-16.063185227328525,-16.434727385750104,-16.51355782409499,-17.3893615940747,-14.881943198027525,-16.07407845364238,-15.374337326175224,-16.312313046345682,-16.70875197774263,-17.489005335305396,-17.906560829826805,-11.689487363526815,-13.354369315389398,-11.593251598405898,-11.528974241781482,-13.741519204408473,-11.097692724893369,-10.572821497941938,-13.346052480208574,-11.619567114701068,-11.640650623061653,-10.786644167621446,-10.231555389848452,-11.994134673174525,-10.903475671300498,-10.184309481337664,-8.79963586516908,-7.980435283290234,-9.542600960751315,-9.895060161158137,-10.661344327758052,-12.578874802162598,-11.291030506582793,-10.400103698915183,-10.1509943703917,-9.61116489414042,-9.648228871334403,-11.249164579896698,-9.939497793114796,-11.80095088002329,-10.95977905318241,1.3074075449497755,-13.741519204408473,-7.980435283290234,5.761083921118239,56,-16.630989849917906,1.2764438949413377,-18.81971832087889,-13.71035218056836,5.109366140310531,56
332,P0332,2,Vegetation,0.6233698,-17.227444191964366,-10.3050487636349,0.598176296426003,6.922395428329466,79.20692896784954,11.02857182737116,interpreter_1,2026-09-27T12:57:00.721Z,0000000000000000012a_0,-16.81128208061685,-19.946526667477347,-18.188943343431426,-17.383699691739956,-19.51729047064456,-18.950851961454585,-15.90482889315826,-17.8127383912342,-19.12256450719868,-15.915769043945254,-18.31576322721814,-20.46656313308924,-17.109173998249304,-18.727079623835323,-16.054668661754015,-17.887625632057556,-16.22660820698475,-17.51217506865824,-15.45770338651643,-14.852688485189091,-16.68470554256578,-15.97507388241736,-13.188751264718082,-16.311102366957012,-16.546577771379603,-17.227444191964366,-16.247245819733372,-17.73541351221427,-17.35386339911765,-10.843992653150105,-12.668859143790367,-9.58335746531806,-10.3050487636349,-10.700013826768442,-9.811521760045084,-10.610661548195264,-11.399362159606865,-9.920850223910495,-9.02499670571594,-8.348679908222756,-5.971352571574058,-8.844751263616278,-10.11423492948937,-9.13458788368496,-10.61114237743167,-7.766617532946372,-10.216080689235474,-11.813452377504431,-7.447138877191829,-11.498426839047571,-11.330271803419516,-8.868363316068052,-9.281501841853917,-10.6340925431139,-10.680829254500688,-11.311496479331106,-11.474862065663148,-10.72850641428493,-10.03258804201088,1.429434327878527,-12.668859143790367,-5.971352571574058,6.69750657221631,20,-17.221886973293817,1.558610615659382,-20.46656313308924,-13.188751264718082,7.27781186837116,152
335,P0335,2,Vegetation,0.76822996,-14.499634499940832,-7.691682447103572,0.5304742300321404,6.80795205283726,79.1307518317562,10.870109011252476,interpreter_1,2026-09-27T12:57:12.333Z,0000000000000000012d_0,-14.341172217637936,-13.747035073562374,-14.437934324402658,-13.521285993686869,-15.938497514680485,-15.237177579565875,-13.156618591939678,-15.99953969334888,-15.522357051214524,-12.535045730884669,-14.50511744887392,-13.33207979599331,-16.35969993028826,-14.882682636729356,-13.09136625880119,-15.729901913329938,-13.766893946941485,-16.538478939960054,-15.936325620512555,-13.675862327566191,-13.817556752237444,-15.123474243045488,-13.430554062849104,-15.49775553997973,-15.546196440752748,-14.401206101384794,-15.49271351568164,-13.985777666039445,-14.499634499940832,-7.243801100198077,-7.691682447103572,-8.625175221045952,-6.933091620922887,-10.199945963047304,-7.758975993435103,-10.160249839385598,-8.965665209648431,-8.68630573250228,-7.554325383616195,-8.3956504057631,-8.986707742453907,-7.062247758929764,-7.277578152975773,-5.8338804512908125,-7.018677085747962,-7.595591194368487,-8.825461174224804,-7.655033481544641,-8.892468002200694,-8.049854793510086,-8.635857968236982,-6.134516940253887,-6.3179853455505,-7.400200847384061,-8.15646114276168,-7.479255346177613,-8.12969079764355,-6.90519123068712,-7.881776840434857,1.042065946517435,-10.199945963047304,-5.8338804512908125,4.366065511756491,56,-14.622411772821774,1.0818322140731729,-16.538478939960054,-12.535045730884669,4.003433209075386,224
336,P0336,2,Vegetation,0.66503155,-16.538753093513417,-8.809718283767078,0.532671250000237,7.72903480974634,79.18734569465573,11.040339757593124,interpreter_1,2026-09-27T12:57:15.918Z,0000000000000000012e_0,-16.538753093513417,-17.61753709141141,-20.397612823556106,-20.39823252695758,-20.309769205951227,-19.535648923103444,-17.831789111429696,-17.04476093742733,-16.680934915858533,-16.29613087828393,-18.857059508244404,-17.640938540304468,-19.279754418268908,-18.15735265580613,-13.64174675508566,-14.394841385865051,-16.084132488221044,-16.458349608623685,-14.339807022149788,-15.862976914874762,-14.817275849143304,-15.655877011876168,-13.822699190337062,-14.323933117096304,-14.337432358553048,-16.82305703431133,-16.722006899841297,-13.434744739788824,-14.66956495167553,-7.7585186622053826,-8.27229484403149,-11.555827377016785,-9.847289749623524,-10.370912494110822,-10.270456525667624,-8.16174166039151,-9.353753864225215,-7.653163624588693,-7.801605004779793,-11.182024228711173,-9.881920812103113,-9.2133989650334,-9.39239410965106,-8.915685664725615,-7.236698814116897,-8.670754375715951,-8.505531516454745,-7.59058189065171,-9.317413311106108,-8.809718283767078,-9.033414125090223,-9.323724329337056,-8.09296743322659,-7.481299634836702,-8.112850017779195,-6.974769407794776,-9.093227724707436,-6.931607376276334,-8.78639813199055,1.164282046341356,-11.555827377016785,-6.931607376276334,4.624220000740451,32,-16.61981792957101,2.0786217001200207,-20.39823252695758,-13.434744739788824,6.9634877871687575,44
337,P0337,2,Vegetation,0.6038005,-16.208755712168646,-9.366635403812053,0.5778750429794001,6.842120308356593,79.4336637455613,10.97611021477858,interpreter_1,2026-09-27T12:57:24.590Z,0000000000000000012f_0,-15.007179538131602,-16.6515924406541,-19.00762800937417,-16.208755712168646,-19.914698467343023,-15.562355227535352,-16.832002077671415,-19.60350613212965,-18.28160829718584,-15.876176956761135,-18.38999869507062,-16.153891645490543,-20.25737167287747,-16.309794492807978,-15.60681516622197,-16.544594998813263,-14.208226912193522,-14.675400716674076,-15.878967543725093,-15.3700378587975,-15.112745066944749,-14.094913338801874,-13.06298188651101,-15.226188944759338,-17.2849174499946,-16.85388833819373,-17.03267038305611,-15.732772956468107,-17.78731671431919,-4.74850221435367,-8.83656807414287,-9.657638027291243,-9.047371763913567,-10.477915453143684,-9.995496494732244,-10.205155054928202,-10.928238720726675,-9.718660461050998,-9.85870996321206,-12.372549912702816,-8.484022700243564,-10.300446659584605,-8.408740227365882,-7.639464234711943,-8.771649353051819,-8.716748092964245,-8.84588327759542,-8.43936576762011,-7.862271892920452,-10.138188276621271,-9.560982862015669,-7.823511056414438,-10.917120854927314,-11.674392948436246,-8.660683404509244,-9.366635403812053,-9.66082134386508,-8.187194274369075,-9.28637685418022,1.4169401750465471,-12.372549912702816,-4.74850221435367,7.624047698349146,140,-16.500999918643984,1.739739795426063,-20.25737167287747,-13.06298188651101,7.194389786366459,164
338,P0338,2,Vegetation,0.47223496,-15.64602216189378,-9.75121865741899,0.6232394762400562,5.89480350447479,79.26630760812984,11.07555371673061,interpreter_1,2026-09-27T12:57:27.497Z,00000000000000000130_0,-16.128760521007656,-15.411114310941404,-19.501004210707165,-16.881117459028907,-18.11378554130396,-13.757883007038478,-18.493341478827737,-17.20075545703115,-15.20076249998292,-15.207349532395602,-14.45646071800796,-13.538270993409936,-15.64602216189378,-15.32463182241746,-13.407830691642658,-14.146879324903512,-14.18691103099507,-17.03340368458897,-15.71372440084562,-13.667390432294225,-18.6552910324815,-17.13346420267891,-14.653722253884194,-16.584969522377026,-16.307120820327242,-14.342040522372224,-15.806972428372315,-15.65135215427534,-15.344443594726089,-9.495554142078332,-11.128031142364268,-10.594773509259143,-10.8604713917077,-9.775750937622988,-8.532716382151438,-11.122660105998644,-12.046224610128144,-9.864306685136883,-9.481343699273932,-8.511849617281994,-9.025216443131107,-8.169020884522926,-9.75121865741899,-10.746572313910884,-10.953066404332215,-8.279818085641821,-9.611119331450022,-9.222083103982968,-7.318067626588736,-10.706662733640057,-9.230416840284496,-8.779638700568933,-9.396449666025754,-10.261313600786668,-11.147574195654563,-8.864787103664824,-12.28773349251769,-11.49954180777338,-9.884964938444812,1.206731925081559,-12.28773349251769,-7.318067626588736,4.969665865928954,344,-15.77575089002617,1.5902353626286614,-19.501004210707165,-13.407830691642658,6.093173519064507,32
340,P0340,2,Vegetation,0.42215735,-14.986928174714455,-7.362096496701288,0.4912345219030555,7.624831678013169,79.18015917238277,10.920504498691582,interpreter_1,2026-09-27T12:57:34.011Z,00000000000000000132_0,-14.986928174714455,-17.69443337076061,-18.358882750662065,-17.897989190297448,-18.70613318397356,-19.544852234181693,-14.037276862894108,-19.50077165181545,-18.085964349331945,-15.33672790505827,-16.95077194740883,-15.17242310007273,-15.60619951549149,-16.194525019562438,-13.063726411506778,-14.436803508363166,-13.749376339066618,-16.141586046386585,-14.735164054303958,-14.735722937435485,-12.941986556192868,-13.77082236287184,-13.801964351901304,-13.864455634118922,-16.16921393181531,-14.51378712163236,-13.595845945651709,-13.433206155004108,-13.265275590569832,-7.362096496701288,-10.8336216508971,-10.041104022964507,-10.61424017879918,-12.06885521398479,-8.12181694858742,-6.760827794582731,-11.176107927147106,-9.405724765260858,-7.878455019939662,-5.991995068119835,-8.39819432611499,-10.024360492686103,-8.228332003059313,-5.044552578717686,-7.912416890707817,-8.061477109113877,-8.370910954030727,-6.891658467782033,-5.095400282431721,-5.464084250986354,-4.96023400061325,-5.115513709301086,-6.221914179209012,-5.96908603868397,-4.955042254669609,-5.406438447170288,-4.214052467792614,-4.956690019401695,-7.432593226188159,2.181783465638269,-12.06885521398479,-4.214052467792614,7.854802746192176,56,-15.5273384897602,1.985299588362602,-19.544852234181693,-12.941986556192868,6.6028656779888255,80
341,P0341,2,Vegetation,0.66034067,-16.2990924145563,-10.162182772563751,0.6234815113685821,6.1369096419925455,79.26181603170924,11.122715269146886,interpreter_1,2026-09-27T12:57:40.191Z,00000000000000000133_0,-14.205171052025564,-15.5065088244057,-16.687349759989182,-15.85332497624901,-14.824930066442734,-14.734167774403597,-16.496431654882546,-18.91879174049488,-19.87589906900274,-20.313948567370662,-20.361487716430297,-19.849387907457444,-18.89643800556713,-18.823248837610542,-17.732398669351333,-16.126125359214395,-14.876919345556251,-14.350137517656329,-16.05186034722156,-13.58423693789101,-16.405245865739705,-16.2990924145563,-14.912443621193407,-16.81345453844338,-17.684991422833132,-16.75035209894596,-16.152596238548234,-15.57454010145464,-15.421913978130398,-8.666720613526824,-8.921709574771523,-8.800397764903005,-9.508125312431831,-10.362824846358304,-11.00229772858995,-10.66334671833446,-11.220918132240886,-8.654504081436864,-10.464878917004445,-12.004452181158616,-11.770743324220764,-12.879300319734757,-11.4852749260028,-10.273865363257103,-10.269558168077657,-7.948826623575195,-12.590939886942314,-10.935224191466236,-8.495815472329893,-9.999294276416451,-11.41018807317074,-9.36489763415279,-9.192408368848175,-9.721791415217291,-10.162182772563751,-8.726949587963983,-8.250227733604099,-8.540191676369789,-10.078891575333463,1.3306784572327477,-12.879300319734757,-7.948826623575195,4.930473696159561,164,-16.692530841692005,1.898371263846979,-20.361487716430297,-13.58423693789101,6.777250778539287,140
342,P0342,2,Vegetation,0.65613145,-16.550417355999652,-10.019809304766996,0.6054112769026178,6.530608051232656,79.2863400389657,11.072679107821427,interpreter_1,2026-09-27T12:57:45.254Z,00000000000000000134_0,-14.532597459334236,-15.70246352710596,-14.268269488388135,-16.681490976413556,-18.15751169425484,-16.99352040506598,-16.096547460853973,-13.471579400792166,-14.201134817296346,-14.491217798105346,-18.928355147846908,-20.926038540018407,-18.342284403980468,-18.80781590313678,-21.216739389794714,-20.299139254243546,-19.998439534455613,-16.438178965846305,-15.029405972037091,-15.574140677071451,-15.17514632566967,-16.550417355999652,-14.394854292921654,-13.972409321396205,-14.201030958676313,-19.07097375582335,-21.04237943317042,-19.021948285443724,-20.56523506556127,-7.557610693917091,-7.315896413629352,-8.347807467954292,-9.334133576682053,-10.019809304766996,-9.552084986026143,-9.901644614802269,-9.483824809436586,-9.177227541100407,-8.68041795644654,-10.733782818770711,-13.109801315058927,-7.448511007263587,-14.10937567491266,-12.01792918902649,-11.632292952320478,-7.837985405040522,-10.55570907166901,-10.321349861514244,-11.158300338859426,-9.398158417194711,-13.172107224195257,-8.798802444964599,-10.22551184884755,-8.062358084293473,-11.600725993236342,-13.14104594519642,-11.505022566154118,-13.732566819499898,-10.27351014975104,1.9310340940854995,-14.10937567491266,-7.315896413629352,6.793479261283309,176,-17.039698814162207,2.46955112108649,-21.216739389794714,-13.471579400792166,7.745159989002548,188
343,P0343,2,Vegetation,0.7312049,-14.716646588591589,-9.763807311663005,0.6634532706134258,4.952839276928582,79.169738715087,11.045999143883078,interpreter_1,2026-09-27T12:57:48.745Z,00000000000000000135_0,-13.141729933832895,-15.225347427090188,-15.766793186390174,-15.039737609986734,-16.686416500435335,-16.455058984618603,-15.923735325765866,-16.251319552013868,-13.388202061986773,-13.846494973079416,-14.502646573281549,-13.409320937969758,-14.584891895143578,-14.85045911575047,-12.775592257137344,-11.99971442606268,-13.1668180025889,-16.275753983940206,-14.760193065705025,-13.25780121984982,-16.3010662838772,-14.077893691233204,-12.913810996703898,-14.909716332266834,-15.626160338656431,-11.785968995566671,-12.94994006983565,-14.716646588591589,-16.200279285080562,-9.763807311663005,-11.491930530622078,-9.33723219429612,-8.464768422122727,-10.191171264028668,-10.515916344855029,-11.235799786145728,-9.954584119460828,-10.192380268897292,-7.853590133601218,-9.537154028409145,-10.247800662631748,-7.815920694296075,-9.214144144132716,-8.33257644112943,-10.139620190889094,-7.365615259340638,-10.645529169751228,-9.11778962916518,-9.904759356972331,-10.598386973671722,-10.006930281966554,-9.206475185979995,-10.187798989654402,-10.303823256778069,-8.881191393469626,-8.631065965866714,-8.621917604605535,-8.798220421818618,-9.536479311249018,1.0088392450267003,-11.491930530622078,-7.365615259340638,4.12631527128144,20,-14.509983090153144,1.3993952690679887,-16.686416500435335,-11.785968995566671,4.900447504868664,56
346,P0346,2,Vegetation,0.8251852,-14.278841801635672,-7.973301992305667,0.5583997710088999,6.305539809330004,79.27457210874374,10.934967374765906,interpreter_1,2026-09-27T12:57:58.722Z,00000000000000000138_0,-14.130508198711532,-15.214049225076751,-15.945425180673844,-16.376296396574915,-15.462189584483228,-15.835198157534336,-15.34106727945068,-14.095654838641616,-15.145831128764016,-14.278841801635672,-15.70624250142335,-14.95892402845653,-14.48760068810904,-13.086887348028124,-15.237835756089362,-15.356195193319689,-13.6856021962159,-13.200992784424104,-13.891542813323042,-14.923957595006495,-13.78221229399327,-13.38356763508228,-12.777994753719582,-13.7444402558045,-14.1180729095687,-13.944697496079746,-13.871145328542545,-13.843311235418373,-15.527368351231624,-7.858986677671086,-7.025605904544246,-7.97720368518446,-8.390583113977456,-10.1085942062134,-9.595869992040434,-9.102334833122056,-9.342354938362448,-7.297108126327922,-8.43258465827626,-10.625639525987536,-7.879539907836826,-5.9925114767119005,-7.881639371562885,-7.247355401812162,-10.039081866916748,-7.973301992305666,-5.625947538007563,-7.431206343395539,-6.619427954766022,-8.110131086888057,-8.935172960996104,-9.294784464876072,-5.995739907596263,-10.072034137555228,-6.836965738672484,-7.1592708767865085,-7.202093098862564,-8.801750073316729,-8.098442064157677,1.3036848419538003,-10.625639525987536,-5.625947538007563,4.999691987979973,140,-14.529436308806304,0.9423276432303824,-16.376296396574915,-12.777994753719582,3.5983016428553327,44
347,P0347,2,Vegetation,0.5369755,-16.456402050845725,-10.571975014810375,0.6424232333499086,5.884427036035348,79.36350532187157,11.087591141537812,interpreter_1,2026-09-27T12:58:01.646Z,00000000000000000139_0,-15.040168757838376,-15.816442445601249,-16.554276802888538,-15.897788535141242,-18.27348261921605,-15.734310065351394,-17.179858116190886,-17.917224609663062,-16.988552815531662,-16.145013036991724,-16.456402050845725,-16.018059236933173,-17.00286448182062,-16.989826740844457,-18.29258271120421,-17.403691990551252,-16.596455782496832,-14.932247578906717,-16.82473771891123,-13.903613125709452,-15.609316317331958,-17.450081254462333,-15.129105586738344,-16.594268428640916,-14.16196527418804,-14.973638024966398,-16.24226492209813,-15.795411564585876,-16.692070809923887,-11.19418392957012,-10.996502257085492,-10.61994861525147,-12.134669109519018,-12.373404069438225,-9.989915800749458,-9.146432096171946,-10.031144736690978,-9.385284569896756,-10.571975014810375,-9.635888227935322,-9.34522176381565,-12.048843946005,-11.65603213186118,-10.74998824227049,-11.18484449213097,-8.780743114694767,-10.096522386778457,-10.747662997011012,-8.852910643697289,-10.892209531586834,-10.202498027261967,-9.02528882965528,-10.08706122362943,-11.261142806988218,-10.428660221906414,-10.833294697167094,-10.061969943693354,-11.35152862478612,-10.471923174208918,0.9631427154218098,-12.373404069438225,-8.780743114694767,3.592660954743458,56,-16.297093841571506,1.0889402353565267,-18.29258271120421,-13.903613125709452,4.38896958549476,188
351,P0351,2,Vegetation,0.37781042,-17.906376003853133,-10.6506951350157,0.5947990331892874,7.255680868837434,79.12410429865372,11.086243668611631,interpreter_1,2026-09-27T13:00:42.970Z,0000000000000000013d_0,-15.869388790507587,-19.42997157543699,-20.561003394917968,-18.493656841197,-20.24200013415912,-18.020171271205665,-19.51123758489956,-19.903999451965817,-19.085930123857068,-20.494476466024288,-15.361633772313672,-18.57840906338447,-16.168160991312075,-16.132026346705143,-15.88104231239247,-16.8612385735699,-15.487472990336588,-15.20234882329862,-16.51937716510474,-18.926803431618456,-16.033437210687115,-15.77764308437091,-14.45282100849312,-17.906376003853133,-17.58460927232217,-18.076612591131983,-16.59888525049514,-19.845464109345787,-19.2514079504074,-10.307545966575267,-11.024782475566372,-10.6506951350157,-11.187291450314676,-11.311953844655257,-7.582853036405473,-11.823340103757118,-12.900895351529275,-9.985022607392512,-12.139501142740857,-11.098353123254627,-10.503443722961125,-9.378752272943212,-10.517783514480838,-8.413653148986779,-9.728898740381348,-10.204636069200038,-13.37706956680986,-12.598114014684416,-10.301456865921123,-11.336324133758444,-11.79693492843997,-9.322103846786922,-10.593836667331937,-10.58935634937962,-11.336722933601996,-10.507432535305746,-12.55124879868948,-11.945892770618944,-10.86261707301686,1.2701525456915923,-13.37706956680986,-7.582853036405473,5.794216530404387,224,-17.664055365010828,1.8011531225629294,-20.561003394917968,-14.45282100849312,6.108182386424849,32
355,P0355,2,Vegetation,0.5306033,-16.717722002992023,-8.922852739881373,0.5337361596445032,7.79486926311065,79.43393324014654,10.860766532297632,interpreter_1,2026-09-27T13:00:56.311Z,0000000000000000013f_0,-14.421435031942352,-13.270938010497291,-13.53831739977726,-14.105735585735433,-13.750320488826349,-16.717722002992023,-14.95620032448998,-15.705847933614264,-17.526415097930613,-23.98581240030056,-25.44988303822985,-27.03918271393547,-16.336383768090023,-18.0074401735081,-15.77393600547003,-17.063101005160263,-17.376219722048912,-19.076138003047497,-15.280210455202395,-16.870720347585323,-17.839497493513328,-13.897417789814472,-15.081152203884772,-21.76963105009736,-20.992840241068013,-16.722884317946594,-15.706653058540525,-18.28831719351774,-16.427236861678317,-5.795515469094288,-5.578930584029215,-7.949293544988293,-5.5699001685303,-7.9681490933990515,-6.992085054669755,-5.988185109770814,-6.877728768783957,-8.154937945245461,-16.21469974695303,-13.35474375155665,-12.593450174634878,-7.192160778675728,-7.0489580557943725,-9.478188206121596,-10.269514098589,-12.557650253760706,-13.07916217972075,-12.523553847233948,-8.258036490131813,-9.7398042043836,-8.922852739881373,-8.50063686934954,-12.375608273599424,-13.778717291550077,-11.930817203646829,-11.156548674427992,-9.518281667540853,-6.561314405444979,-9.514807746603733,2.853537876132775,-16.21469974695303,-5.5699001685303,10.644799578422733,128,-17.344054817877414,3.434458238506577,-27.03918271393547,-13.270938010497291,13.76824470343818,152
365,P0365,2,Vegetation,0.5542537,-16.318993938857833,-10.802341517577844,0.6619489876674285,5.516652421279989,79.05053227688433,11.108791382243032,interpreter_1,2026-09-27T13:01:27.169Z,00000000000000000148_0,-17.755090115705247,-17.47564758520257,-18.56307977564532,-17.948966351707764,-18.523447669788748,-15.492628700565929,-17.598534944419946,-17.13593200208901,-15.614314988747225,-18.7403683168426,-14.034361442118918,-17.285768218245522,-14.675228852845724,-15.913971238746756,-13.73233105712886,-13.74643624979656,-16.33728060210827,-16.270088423749524,-15.787007285266863,-15.331841690710707,-15.817129392304764,-16.318993938857833,-12.788479170117746,-17.52784419029309,-16.348172573331,-15.87779135242127,-16.478602145340723,-16.27444195892283,-19.644696891178715,-10.802341517577844,-11.985731947514022,-11.086902677507004,-10.830097806787162,-11.687120837116892,-10.475277577648294,-10.605975971860495,-11.535850666511402,-10.374279802384144,-11.041661993758026,-10.74362330733006,-11.153041134157087,-9.679228912337171,-10.210696123745976,-8.233010445127523,-9.539350897306573,-9.3364114382426,-9.624303914354684,-11.767634486776824,-9.384946136657684,-11.508456765043489,-11.429118448716252,-8.990566878213826,-13.109261367567749,-11.327287012084955,-10.553172380566874,-10.448605166544208,-11.448877866008417,-10.87217154355032,-10.68224155251716,1.009682295935967,-13.109261367567749,-8.233010445127523,4.876250922440226,296,-16.380637142213793,1.5999975281548564,-19.644696891178715,-12.788479170117746,6.856217721060968,356
366,P0366,2,Vegetation,0.54151845,-14.550712205960352,-9.376134535283152,0.6443763303518877,5.1745776706772,79.24582601965191,11.00243085260328,interpreter_1,2026-09-27T13:01:28.967Z,00000000000000000149_0,-13.718910666876942,-14.683987368396366,-13.65281848199172,-15.18373988101084,-16.186844446232048,-14.890382267187174,-13.265144512873304,-15.699298410969734,-14.550712205960352,-13.466259633749914,-14.3375430448208,-13.5952154063697,-12.727105360979792,-14.618551655434386,-13.963223306226514,-12.974602061036864,-13.989591384637476,-14.605743651919267,-12.89895246684794,-15.325385548970496,-15.015737381988426,-13.37511732486808,-11.993041905923397,-13.1557040572237,-22.932770433737943,-20.178042957728834,-21.820649661514945,-19.22009112216643,-22.42275587494055,-8.804782758530218,-9.970097396412118,-10.263523435041062,-10.130491229490731,-10.093371554534713,-8.132320133020762,-11.598877697143152,-11.586902492653262,-10.230936666030123,-9.376134535283152,-8.89272827668566,-7.3765423904236735,-8.731343638013012,-8.824059997637747,-9.03538200769769,-6.890383440974123,-8.342003920643267,-7.860433242253022,-8.03075543724149,-9.28014924586107,-8.104271276479265,-10.527604553511145,-6.465503847039702,-10.311820792864095,-12.80208539088652,-13.109432514717108,-12.4557080382417,-13.463971977018245,-10.608301005779044,-9.699997203176098,1.797755954811626,-13.463971977018245,-6.465503847039702,6.998468129978543,344,-15.32579043043393,2.9410019289595764,-22.932770433737943,-11.993041905923397,10.939728527814546,308
369,P0369,2,Vegetation,0.9239814,-15.259673104013174,-11.06576660294053,0.7251640665900189,4.193906501072645,79.17899136251341,10.928140178606595,interpreter_1,2026-09-27T13:01:38.191Z,0000000000000000014b_0,-13.771435739914304,-16.150027918435075,-13.810947477577187,-16.13240416085961,-16.33229068271666,-15.338554394298594,-13.838665106051476,-14.075545490168048,-15.626308377470968,-15.00482745823498,-14.46897023913105,-13.349059930763,-15.590525294742791,-15.008024671595088,-15.250995613336553,-15.02814829884348,-15.455326939999487,-14.852249343882455,-13.473018975941,-15.259673104013174,-15.7711735817438,-15.682170682457793,-14.08411426390746,-15.27570083003627,-17.46406466826852,-16.94522920088415,-15.20712280982184,-16.14874932668987,-16.205457020047497,-9.728165569941172,-11.524454527356951,-10.549527287495938,-12.197085530482031,-11.483340332629645,-11.239170810950185,-9.6872651773375,-10.659794833063287,-12.153207137927078,-10.27880508582438,-10.58805831768359,-9.900342800125268,-10.15860604563862,-9.955319060123657,-11.06576660294053,-10.580089285049024,-12.608614129733937,-11.13633471944823,-10.58581407924845,-11.376350074805964,-10.918684591323164,-12.88848362238324,-9.89589724348309,-11.331590193699054,-10.455892471018071,-11.8757692744072,-11.09069617353547,-12.61784529009833,-12.954364209665492,-11.0857011888765,0.9465709705340538,-12.954364209665492,-9.6872651773375,3.2670990323279927,356,-15.193130400063184,1.010738677653246,-17.46406466826852,-13.349059930763,4.1150047375055205,308
371,P0371,2,Vegetation,0.47426984,-17.51487144647679,-11.296154319000282,0.6449464589860043,6.218717127476507,79.14126212058041,11.054982296724273,interpreter_1,2026-09-27T13:01:46.476Z,0000000000000000014c_0,-15.643813966277849,-16.837978556080596,-17.995296382650515,-16.622115737331672,-16.97903649412121,-19.90793810777804,-17.840268838766853,-19.09287309586226,-22.06658836277657,-16.898478511673595,-16.49095701824143,-16.920401080127835,-18.29266187829188,-18.36426878170156,-17.577782628417225,-17.19343668418866,-17.788897995977397,-17.54170769681512,-17.704468999951015,-18.535840360946743,-16.740755305720903,-16.639614823048046,-13.924445192092604,-16.21628053380833,-17.51487144647679,-19.302389616042543,-15.788668619695404,-18.051663243391843,-16.584852348000723,-9.361036208094692,-11.296154319000282,-14.822277302815117,-14.289912131529803,-12.747966810990112,-11.363239287367088,-13.000415912970965,-9.94746787570152,-14.056271041718968,-12.355349462756775,-10.070525339414669,-11.83838893842325,-10.918623022545734,-10.657291117131791,-9.920977000389332,-11.409143699884046,-9.144765343736143,-10.936864718944346,-9.109738891019392,-9.319828495201753,-9.464301805724308,-10.83743557657747,-8.10925879228151,-12.342538077295451,-13.130270428079198,-11.577762859726036,-12.00129772041555,-11.71014820025222,-9.144860212648664,-11.202900365263318,1.6786320168876947,-14.822277302815117,-8.10925879228151,6.713018510533606,32,-17.48477076918121,1.461329849823665,-22.06658836277657,-13.924445192092604,8.14214317068397,116
373,P0373,2,Vegetation,0.8588785,-13.684361740670909,-8.172386998950934,0.5972062967805076,5.511974741719975,79.23432758401518,10.864539456490936,interpreter_1,2026-09-27T13:01:56.250Z,0000000000000000014e_0,-13.653890095213969,-14.928618449124048,-13.296496663585282,-13.691525510937929,-14.283728289566117,-13.76215644793916,-13.997221573139964,-14.355564937356192,-14.000333248164065,-14.209401667630155,-15.31069878455255,-13.684361740670909,-16.17770570528234,-12.973113541348944,-13.589844170048586,-12.33639311103978,-11.144955759116757,-11.92358242603238,-13.524837305530928,-13.460302817792453,-13.440325031076108,-14.01920904741845,-11.715385599093551,-13.34680799369769,-9.835377628998891,-15.582719732457477,-13.45943149348465,-14.332752296754553,-15.923069592255729,-7.028952672909715,-7.590613104222904,-7.8868839221965406,-8.24374316576661,-8.105318271822393,-8.037804624275443,-8.960333364502986,-9.007305339210776,-8.803583285453497,-8.172386998950934,-10.264951196001594,-7.650356392034303,-7.91477894472467,-6.80327740704411,-7.695543859474485,-8.640913180572344,-7.331791275756019,-8.998390515432463,-6.995995800794788,-7.852589462479843,-8.239808220902127,-7.7277492582628335,-9.305408785674883,-7.735273765440676,-9.61909001108991,-8.191699279037755,-9.021667364268628,-8.408203262650426,-9.060068061203712,-8.251533820419219,0.7995507974593629,-10.264951196001594,-6.80327740704411,3.461673788957484,140,-13.653786574458952,1.337052351928317,-16.17770570528234,-9.835377628998891,6.342328076283447,164
375,P0375,2,Vegetation,0.7229247,-14.712089382092458,-6.997972595064347,0.4756613702729588,7.714116787028111,79.10523967768721,10.864180130377289,interpreter_1,2026-09-27T13:02:22.906Z,00000000000000000150_0,-13.674217071074658,-13.959289334470125,-14.712089382092458,-16.445969250992164,-17.119780238601795,-16.04357249396387,-14.49024180958678,-15.124535799658451,-15.624160979347208,-15.024284340228874,-13.523921617259871,-14.793842935514927,-15.69427575675527,-13.755254813042646,-16.194781328889963,-13.68875028005002,-14.429573429212166,-15.007756609637028,-15.704788406005148,-13.193986606425918,-15.213698812705704,-14.3747223711014,-14.732934051738392,-13.35460819423014,-12.26575496153228,-13.76733689603273,-13.972139175748364,-13.899819727176707,-14.914678959141815,-5.354547793076559,-7.691201723212505,-6.997972595064347,-8.347306734554259,-8.084521099253106,-7.227084567029465,-6.937959849103922,-8.495621867290108,-8.288537665541769,-8.235116850635883,-6.987879282500239,-6.795362492469961,-6.682750362634539,-8.119202775920805,-6.7120089508005805,-7.296710476461684,-5.811702049505295,-6.96421219931969,-6.170832844475785,-6.450857280391112,-6.321498414348763,-8.531343306781988,-5.731901513540939,-7.9048446486209585,-6.5862756042590345,-7.657720335601588,-7.485691787177453,-6.9595901711698165,-8.8800666414543,-7.231390409730913,0.903612421801687,-8.8800666414543,-5.354547793076559,3.5255188483777413,356,-14.644853987317823,1.075964160144042,-17.119780238601795,-12.26575496153228,4.854025277069514,56
376,P0376,2,Vegetation,0.40825927,-16.32466123353499,-9.64663660797016,0.5909241527262767,6.678024625564831,79.05367638037875,11.12567970958448,interpreter_1,2026-09-27T13:02:24.827Z,00000000000000000151_0,-16.688075306025823,-18.691625449900304,-16.91978372441019,-16.33218430280807,-19.80042459132505,-15.139446562738838,-16.016864169068146,-16.285197220147115,-16.312932875954935,-15.323346598579969,-12.6124190894437,-15.04274052719275,-16.21573391107979,-17.2138748890951,-15.216440523035908,-16.393413799494336,-16.41986990994254,-16.32466123353499,-15.399666577861804,-16.931746023737407,-14.983689872045924,-16.11147808714271,-14.576224965074298,-19.456452286357784,-18.0503308457795,-15.123775600830982,-18.590706600188103,-16.512646311587208,-16.49001238288291,-10.905867142694508,-9.350374285463792,-9.202666650175845,-7.592099724508611,-10.973443961036962,-8.544722382164164,-11.20485214817106,-10.560580730661275,-10.326134979416745,-9.652962267096989,-9.251346469551004,-8.666169828272473,-10.37984046293017,-8.38697712035512,-7.196009639949263,-9.082574977897206,-8.062580945076004,-8.898183587311939,-9.64663660797016,-9.58899367912977,-10.12127726893307,-10.01262635642345,-8.905899757254364,-11.26520511040682,-9.750586500091188,-9.156235041415933,-11.48412900346705,-12.008120126680684,-11.91741721857493,-9.7273970335545,1.2195113130205677,-12.008120126680684,-7.196009639949263,4.812110486731421,344,-16.385371180595385,1.4807488823809438,-19.80042459132505,-12.6124190894437,7.188005501881351,56
379,P0379,2,Vegetation,0.7794749,-16.031246844416337,-9.435204598573208,0.5885508900300838,6.59604224584313,79.27771621223816,10.922480792316644,interpreter_1,2026-09-27T13:02:38.843Z,00000000000000000153_0,-14.792056134042069,-16.76423550878367,-17.838118465011014,-15.564941606968604,-17.23125886922858,-16.628533549376094,-16.850817198638513,-17.07131462339724,-16.53007243691202,-14.804319502668212,-15.37137793748885,-15.640307376895567,-17.532841011412266,-16.714686402172283,-14.06491320990459,-16.031246844416337,-14.46906395572322,-16.196303329737724,-15.38061538311674,-15.60980553434181,-14.087772760831406,-14.896986266262475,-15.079115312267666,-16.288598706684656,-16.83807112501557,-17.158624756291996,-16.652362184914818,-15.115085156006566,-15.399756047617476,-8.472455340331837,-8.050814799685067,-10.818376303967126,-9.768169320823134,-10.190477464148078,-10.385129622631045,-9.435204598573208,-9.177316963870776,-11.28329783912462,-8.434820834325297,-9.57038991755265,-8.096472562123681,-10.028059527535662,-10.36594474601,-7.640530871527157,-9.43389189937452,-7.007343404191745,-9.266373660450396,-10.508826011346226,-8.949946900553464,-9.618640686523024,-9.359982519767602,-8.797701770459016,-8.729514578059055,-9.656541264473129,-10.494498675038315,-10.235205708689731,-6.673432426002544,-9.68785385443698,-9.315076347296383,1.0893013089718044,-11.28329783912462,-6.673432426002544,4.609865413122075,116,-15.951834524004418,1.0256047135397774,-17.838118465011014,-14.06491320990459,3.773205255106424,32
380,P0380,2,Vegetation,0.26128313,-18.50485058447592,-10.477687532356155,0.5662130307145573,8.027163052119759,79.38973612816785,11.027044691388156,interpreter_1,2026-09-27T13:02:42.664Z,00000000000000000154_0,-14.35272497737788,-16.54032616528705,-19.078471181733395,-17.254786749736216,-18.07674740041496,-19.033079950826544,-21.64582663037744,-22.16437478103536,-21.1114820186936,-15.6368279055397,-28.48528592030065,-21.2290496877728,-24.538433006551216,-15.85387703242498,-17.351524487471107,-15.640604425658866,-16.088996656784783,-16.248075672573908,-14.342332487620972,-14.4820666849534,-19.17303222962999,-21.69900263141095,-15.060564925872873,-20.368011514548247,-18.51482121795985,-16.927671858422375,-18.50485058447592,-26.51098596588664,-24.72470681372284,-6.183725823522021,-8.803602446901177,-11.91205018539274,-12.48036327379092,-11.838889488802607,-11.507423747853927,-10.95570348524889,-10.477687532356155,-10.603596780296588,-8.922405839604712,-20.51141727930509,-13.52307020768464,-10.355871380216428,-8.184547706006912,-9.117928807285043,-8.24802406426764,-8.520969053537794,-4.926922236790397,-7.061029549378915,-9.990671920712844,-12.437161567831415,-11.843764594371756,-8.450712488634192,-11.607234025133444,-9.759464680126822,-10.653800976396589,-10.367874251120314,-15.655005988804538,-12.402500516547398,-10.59666965165248,2.896059198289929,-20.51141727930509,-4.926922236790397,15.584495042514693,140,-18.98753591603671,3.670317762497613,-28.48528592030065,-14.342332487620972,14.14295343267968,140
381,P0381,2,Vegetation,0.33031088,-18.25877790864085,-10.366721726447736,0.5677664616064885,7.892056182193116,79.39135309567928,10.85142405334279,interpreter_1,2026-09-27T13:02:44.970Z,00000000000000000155_0,-15.8780290075718,-14.3637671931583,-18.10288945548552,-16.436960824929443,-18.07727265106064,-18.878308643485084,-16.738987686300387,-19.572704765910856,-18.47085491933455,-21.97811082378621,-23.270796196785263,-20.19656941010337,-20.308552701663025,-18.93430742719789,-16.517289952609055,-17.788382667271357,-16.73840054830746,-17.574430014226966,-14.64097794146374,-14.152895209982653,-19.791652426961416,-12.312663601396622,-14.512044211698392,-18.25877790864085,-18.86225085750976,-22.5506941812114,-23.63789210559157,-19.6857744949506,-18.632215117976788,-11.113649517270154,-9.265867297530704,-10.193470183536707,-10.578913435699995,-7.413924332721963,-10.16373955015515,-7.4704273830052434,-10.20104286186372,-11.220404254589509,-12.77937736658889,-15.957841311849217,-10.18963504526884,-10.366721726447736,-10.589950838828932,-10.380720247195876,-10.79747922922,-11.178189196513973,-11.624648366240242,-11.020029016127118,-10.071933797886128,-10.102204422246675,-11.293955168376431,-9.028103532629302,-10.148710118346331,-11.50966134624409,-17.56054577876489,-10.155592305953808,-9.366009558853255,-10.212797427351276,-10.757087745424352,1.9681069101390316,-17.56054577876489,-7.413924332721963,10.146621446042928,320,-18.167739756778317,2.7128475146711666,-23.63789210559157,-12.312663601396622,11.325228504194946,332
382,P0382,2,Vegetation,0.5891822,-16.086313232781674,-10.04258204641949,0.6242935780930898,6.043731186362184,79.11512114581252,11.035758349644116,interpreter_1,2026-09-27T13:02:48.956Z,00000000000000000156_0,-14.358805756215226,-16.405692056618353,-15.217706325615076,-16.515969633836097,-16.307546326482786,-18.23912471775528,-15.39174361719,-16.086313232781674,-15.780062450422935,-14.911157206107264,-14.812660874627642,-13.774588036785511,-14.929112191010308,-15.493638566446094,-14.211511481766676,-18.39806135527788,-17.469594322705262,-17.081982798739542,-16.516167656064844,-15.712374796432975,-16.24955336679857,-17.650280856611683,-15.985071790745666,-16.059287713092928,-17.214687145661994,-17.0069903423681,-14.289606292425606,-16.411076122903154,-17.981760535409162,-10.993935887733087,-10.97579123920755,-9.61585597056625,-11.08015583626743,-10.32840178424177,-9.788095742755688,-9.901654737339303,-10.04258204641949,-8.457330532503223,-8.81027281740414,-8.713617910313822,-8.509832867672664,-8.96713375050917,-10.47408681566096,-9.240025962698937,-11.733688497813205,-10.308738130322205,-9.076389837038205,-9.82114651161872,-10.23412746812128,-10.20591193548267,-11.354058535090328,-8.121826187253314,-10.399943331837711,-10.955436560145252,-10.927813218789218,-6.789582764115734,-9.64030793691878,-11.610667988907167,-9.8992556139568,1.1306451794892944,-11.733688497813205,-6.789582764115734,4.944105733697471,200,-16.084900950651665,1.2168647418784453,-18.39806135527788,-13.774588036785511,4.623473318492367,200
384,P0384,2,Vegetation,0.49777117,-17.336410233808287,-10.497228075514734,0.6055018273070023,6.8391821582935535,79.41749407044715,10.926253716509946,interpreter_1,2026-09-27T13:02:54.551Z,00000000000000000158_0,-17.361758772100924,-18.1366012048608,-19.552249382442863,-20.2064928315372,-23.869922122634406,-19.99123401106173,-22.944471918981662,-24.43323843313941,-24.203288102051417,-19.025073224777643,-18.80135235321836,-22.96528387479988,-21.55054284479149,-15.96012993542132,-13.5673595934451,-14.975565744408923,-11.749970570867072,-18.08851243183468,-11.89376424807621,-16.212350781279262,-17.336410233808287,-15.668237398128133,-15.256859464449162,-16.08837609494753,-16.416594477926477,-16.755041392398738,-15.902304712414498,-16.191993388381047,-16.13989152422354,-9.105305791017775,-11.080328041648816,-10.845074669952286,-12.624873348342456,-14.184971731926051,-13.05617015470417,-13.592258314006784,-15.06702543080886,-14.332741327954432,-12.392416363336793,-10.497228075514734,-13.907099155078631,-12.600108491312689,-5.531870806468728,-5.991993010837888,-6.918128402393908,-6.295889547069549,-8.601235037039551,-9.621558272076877,-8.996703845814267,-10.113380598483475,-11.181106349099275,-8.611987325662243,-8.565609933167655,-10.88302648305704,-10.379169530895249,-11.129596743289634,-8.823788504073846,-7.125153760389712,-10.415717208462873,2.6020900925855472,-15.06702543080886,-5.531870806468728,9.535154624340132,104,-17.973961071324403,3.394345728167377,-24.43323843313941,-11.749970570867072,12.68326786227234,104
385,P0385,2,Vegetation,0.6256181,-15.380385854776398,-8.04662851402713,0.5231746843027505,7.333757340749267,79.29137060455677,10.98635100901754,interpreter_1,2026-09-27T13:02:58.773Z,00000000000000000159_0,-11.373250888633828,-11.949288030918504,-11.230660300746374,-13.726786499555892,-15.06518341394048,-12.73354323788067,-15.344736312045642,-15.848841069610128,-16.43241398076938,-19.48708848681703,-18.01733037064269,-17.068437183572136,-18.70747134953397,-13.944145412269489,-15.380385854776398,-14.593459679885516,-16.592696002351094,-15.921301653949005,-16.671931452030268,-13.524887211354358,-16.261480272361794,-17.823433232665195,-13.102583290435811,-15.869421915885196,-17.801606565140457,-16.81903257617668,-14.663503589641282,-13.821498522346989,-12.709748479992376,-5.524645193157706,-6.6436135530224,-6.675458209641087,-6.790402626465456,-7.5904967976506175,-11.130837959636338,-11.04508768571202,-8.017398423905423,-8.192089346792871,-9.898204635287948,-11.310384560349318,-6.921377405707343,-8.104824232580478,-8.385898360323443,-7.937182752173257,-9.020907999355568,-9.826311349579536,-11.167389748683757,-10.866280791903876,-6.705512447786004,-8.04662851402713,-9.731225521857436,-9.177673870092956,-7.276436636376367,-10.251399523720142,-7.956607392833773,-6.512575790600841,-3.0284177504063567,-6.134081680760401,-8.271356922772062,1.9379198065689955,-11.310384560349318,-3.0284177504063567,8.281966809942961,140,-15.258142994342364,2.143610696085461,-19.48708848681703,-11.230660300746374,8.256428186070655,128
386,P0386,2,Vegetation,0.4317891,-16.752475134879493,-10.438955593698182,0.6231291501495055,6.313519541181311,79.1946220484571,11.145352814306698,interpreter_1,2026-09-27T13:03:01.704Z,0000000000000000015a_0,-17.152692462118246,-19.00261397953901,-17.79404978133663,-19.02791068123336,-18.94115970127476,-17.229355599620725,-18.579935055816684,-18.458431041964367,-16.752475134879493,-16.37697108797689,-15.859240267627666,-14.702573148975128,-14.964745488647166,-12.993106535178852,-10.867791158325025,-12.893038314510152,-12.783163628237954,-13.379847374098908,-13.272498868531615,-13.953826676330753,-15.424665415962306,-17.25264238136382,-13.263389413699064,-17.039031552992277,-16.979993241931545,-14.898181530695286,-16.874069070975338,-18.535869809917564,-17.624972892048213,-10.497613775644792,-13.678301002651216,-13.927782515456016,-11.689484976303488,-12.56241646426631,-10.198231533520715,-12.811557958492168,-10.438955593698182,-10.417346795831726,-10.319971362252025,-9.451233536720965,-11.035147637056966,-11.415709113863642,-8.082897645334562,-9.784036635428487,-9.358025231560758,-9.177985283352786,-8.867943928278477,-11.078873432174989,-10.401026634298947,-11.056989142573686,-9.956417059381184,-10.257919404399352,-10.356845031574592,-11.60719232996307,-11.44998425110792,-11.672304264522692,-12.222849141568856,-9.31912277516182,-10.796350498497944,1.3600259764660307,-13.927782515456016,-8.082897645334562,5.844884870121454,32,-15.96131866537272,2.2390312405636466,-19.02791068123336,-10.867791158325025,8.160119522908337,44
387,P0387,2,Vegetation,0.31193057,-18.05109253467793,-11.175637923226075,0.6191114416901121,6.8754546114518575,79.177374395002,11.09396918005506,interpreter_1,2026-09-27T13:03:05.842Z,0000000000000000015b_0,-16.863453458297393,-18.59606552131768,-20.4115446773798,-18.63882183538205,-19.87253997853885,-19.515539850915527,-19.311384188899112,-19.388160139569777,-19.427956897407395,-18.05109253467793,-17.493427093573953,-17.94179155245317,-17.55851567823688,-18.77976757513207,-15.765682071730158,-15.880739321208118,-14.656994907628862,-17.61759270973423,-18.202779851093226,-17.44547697264568,-16.730418693638878,-19.314515590886423,-14.33777716435541,-16.679794762316813,-19.633332634157167,-17.49807297135215,-19.176023591919343,-18.440331981293177,-17.8908308530017,-11.175637923226075,-13.299878797919874,-12.767892684492296,-12.755500201389934,-12.037168146916212,-11.291681326173,-13.640494444062064,-11.563104950294626,-9.762549223145388,-10.77547320774425,-9.245517980614132,-9.37590107059082,-10.152257923713888,-9.789129144582985,-10.291406538725616,-9.67364282682252,-8.841905666005754,-11.568985119042976,-10.645500261845813,-10.760037471753629,-11.89461858089566,-12.34747492907111,-8.647867083286629,-11.581905242417417,-10.971533785453143,-12.075167608555684,-12.403675451219032,-11.041483500657902,-11.304323243226088,-11.0924729080636,1.2911689978994791,-13.640494444062064,-8.647867083286629,4.992627360775435,92,-17.969669829611828,1.4919985582890314,-20.4115446773798,-14.33777716435541,6.073767513024391,32
389,P0389,2,Vegetation,0.81114405,-13.828294981671558,-6.68741457503215,0.4836036969052116,7.140880406639408,79.21564262610549,10.91493494393004,interpreter_1,2026-09-27T13:03:12.386Z,0000000000000000015d_0,-13.80009442764753,-13.813101181583976,-16.130137436954698,-14.047752865365473,-14.315104717751057,-14.943111287898034,-14.105333771597204,-14.820799335744056,-15.506888277608798,-14.185583713767013,-13.9590606639033,-14.116499709504687,-14.691532510610594,-13.301032133190256,-13.515278355290512,-12.826794891794952,-12.415931599065752,-12.927239403603036,-11.060837142367966,-13.20515271592897,-14.221983996957729,-13.506941746486616,-11.579220017702026,-14.170124019711515,-13.581217191755789,-13.828294981671558,-16.050710029898564,-13.015039933414286,-13.76127242018548,-5.852132363480735,-7.315334161653929,-7.4121105004703,-7.592372574597018,-5.02937053383371,-6.878292315638972,-7.286943548369535,-7.745977449039643,-7.0283496463577,-6.79405355695878,-6.654879081920727,-5.310987642360052,-8.654866797113618,-7.088953434724658,-6.504725480841481,-6.101939125866222,-5.557950802841706,-7.500364701280314,-6.318337134481262,-5.988500123263389,-5.126752612585599,-6.737380231766067,-4.25343777152459,-6.68741457503215,-8.569279888200839,-6.08484308047896,-5.933088017083298,-6.73799608771069,-6.512845414529696,-6.595154436345021,0.988145426708598,-8.654866797113618,-4.25343777152459,4.401429025589028,164,-13.841450706171084,1.0987017105832182,-16.130137436954698,-11.060837142367966,5.069300294586732,32
391,P0391,2,Vegetation,0.5144056,-16.223523769470155,-10.01315275442706,0.6171996230110051,6.210371015043096,79.1886033360535,10.858969901729392,interpreter_1,2026-09-27T13:04:04.860Z,0000000000000000015f_0,-16.223523769470155,-17.116446555503934,-16.680449739609458,-16.96276133792145,-17.18527209541653,-15.337903726566324,-16.41038230831114,-15.39758180941609,-16.055406088247402,-16.07745092657984,-14.405777613045752,-18.342121490602885,-17.315855515365552,-14.928066390368668,-14.874114866277743,-13.133893698417063,-16.234147737061278,-14.278401983975217,-14.55296086957672,-16.03391981728693,-15.102190302081516,-15.47769242916604,-13.548073373264826,-17.07031776855213,-17.31340886060208,-18.395346608454705,-19.107551152073302,-20.325690706427977,-18.79019433922099,-9.192567422968722,-10.01315275442706,-9.79628062195992,-12.445461938100966,-10.56049495103822,-8.893202728498615,-10.97682839828926,-10.683682132806956,-10.9365945331849,-7.041986997710739,-10.685367858616525,-8.333933058562135,-10.41276511529002,-9.550146847173387,-8.93944783673719,-8.30853023700046,-8.998099681306195,-10.830223161439022,-9.385623029511011,-9.95882414790568,-10.630521093642024,-9.442034704387838,-9.31838287436218,-9.434278480879486,-10.981202180280238,-10.882876200431976,-12.11507147820856,-13.75042370171245,-12.487651809047591,-10.171919171568254,1.3901660426358484,-13.75042370171245,-7.041986997710739,6.70843670400171,344,-16.29920358202978,1.6591456260388682,-20.325690706427977,-13.133893698417063,7.191797008010914,344
392,P0392,2,Vegetation,0.42506573,-17.188124293640165,-9.992545676681855,0.5813633591408943,7.195578616958308,79.11619912415347,10.855735966706565,interpreter_1,2026-09-27T13:04:06.923Z,00000000000000000160_0,-15.333648999077225,-18.673956986956146,-17.86402564436687,-20.27453943792577,-19.297728983532146,-15.331619143312922,-14.670494827623608,-18.17849489873675,-15.494440551181974,-19.04735234066668,-21.40013254278409,-17.662995790626464,-20.083828754083,-18.66154125651365,-16.38201193551479,-17.188124293640165,-15.797068741482535,-17.736785766638235,-15.393757803150478,-15.866953829764498,-15.63310113110381,-16.65840962721412,-12.257177472443724,-18.30983233131268,-18.65046563479606,-21.078224232431204,-17.1071323162166,-14.60247016075482,-15.54137027047652,-8.07176130775864,-10.503457530080748,-10.499866977859444,-11.892997643711343,-12.667563295255343,-8.868309456629962,-8.944664250959049,-11.508799326763622,-10.527823782053114,-11.298510354522133,-14.04518682834896,-8.673295916441369,-10.442484653247565,-8.820029322741256,-8.345488743794306,-9.432170169174848,-9.992545676681855,-11.32224218272392,-10.313259306398155,-9.323886604700718,-9.79369316831729,-11.309399780531614,-8.309982855305254,-10.16947662606652,-9.109819817515913,-9.683812409046787,-11.47871956039882,-9.957744445999936,-8.730172487145406,-10.139212568281858,1.3822135906322133,-14.04518682834896,-8.07176130775864,5.97342552059032,140,-17.2475064035975,2.104093671531727,-21.40013254278409,-12.257177472443724,9.142955070340363,140
393,P0393,2,Vegetation,0.4950182,-16.817039625065803,-9.47276753671336,0.5632838922847155,7.344272088352444,79.33323209679675,11.067558710701949,interpreter_1,2026-09-27T13:04:10.748Z,00000000000000000161_0,-16.23858003068605,-17.013751178051724,-17.909758565097288,-17.91199222950734,-20.22543098995453,-17.013521390491917,-18.201458825512727,-18.73002019792849,-18.73355949411077,-15.44215604874382,-17.41960079523097,-17.359582523794167,-17.539538102494447,-16.381155390707406,-16.359039110032718,-16.142608934303023,-16.117659959051988,-16.13195862250992,-16.607043551235783,-14.710572811211286,-13.980260168463108,-18.882456524907205,-13.796616810001671,-16.817039625065803,-14.897739264502308,-15.971694202117764,-16.999179484720788,-14.609151001419873,-17.605930795702164,-8.459811440109696,-8.324830637475431,-11.492068765305303,-9.18470793277228,-10.641015485591808,-10.221482154141874,-11.28907950357367,-9.47276753671336,-9.091350529747467,-7.521937056576623,-9.769237572390557,-9.649998140753194,-8.697675648410282,-7.896942649361016,-6.642150625754426,-9.6044631452714,-10.658083986336042,-8.452336713076003,-8.279993159393882,-8.04795853751634,-8.772227338106337,-10.65101050595467,-7.144278622068949,-9.5016284675597,-9.529467774649994,-10.026633318514248,-9.681741824361117,-7.690603174643817,-10.82340911834521,-9.214444529809477,1.225203243423186,-11.492068765305303,-6.642150625754426,4.849918139550877,32,-16.749967469915763,1.4886891489039336,-20.22543098995453,-13.796616810001671,6.428814179952857,56
395,P0395,2,Vegetation,0.60862726,-16.025780454415116,-9.649225339794334,0.6021064226632385,6.376555114620782,79.28750784883506,11.11696605132852,interpreter_1,2026-09-27T13:04:16.895Z,00000000000000000162_0,-15.828178060644634,-20.22533002495721,-14.96600777497893,-19.31303161394355,-19.040091601917364,-18.87047439655701,-15.98409977726554,-19.519369116983786,-17.47045403995908,-14.81974935181803,-17.10287704887124,-15.061200763218414,-17.178472302652185,-16.894651474850846,-16.732820974172146,-15.069564809091933,-14.746526728372537,-16.942440473538444,-15.89897330185262,-15.020515314314515,-15.07884412884451,-14.667909591921134,-13.69116630357036,-13.450853192206544,-17.451789549718406,-18.488015801050683,-17.028709427977017,-14.425173116508576,-16.025780454415116,-6.113501106146066,-8.589164601526724,-10.15924845089561,-8.912680870653267,-9.649225339794334,-9.423284995566538,-10.772503744629006,-11.02376247356964,-11.318571553142586,-10.462297174355918,-10.59155050843537,-10.817871194709936,-11.13812072047975,-10.12440479926624,-9.711399696985165,-9.756517852495794,-8.039657716308326,-10.492306966252013,-9.548482232370946,-9.378774147806736,-9.841116537529626,-11.060813182471438,-7.532279200637192,-7.66724219873601,-9.637039312603896,-9.205163806206404,-8.721227763027832,-7.636975307031038,-8.816771104377604,-9.522136364069343,1.2449277351354742,-11.318571553142586,-6.113501106146066,5.205070446996521,116,-16.448036914350773,1.7901787530674858,-20.22533002495721,-13.450853192206544,6.774476832750665,20
397,P0397,2,Vegetation,0.43054754,-17.357335172404987,-9.702906800050954,0.5590090128280069,7.654428372354033,79.11916356459106,11.057946737161869,interpreter_1,2026-09-27T13:04:26.524Z,00000000000000000164_0,-15.718469582440427,-19.540740624770013,-21.302942725502536,-18.52183433627267,-20.61029584076393,-22.803622016753152,-19.17879136634108,-21.276270020312666,-21.04728807890801,-18.82056353352015,-17.65701214938092,-18.0401432640307,-16.13578337361712,-14.044240812769464,-13.380034104218858,-15.401583148266209,-13.779317879458404,-15.885873599522435,-15.688106303447409,-14.786619766141062,-16.4806453016574,-17.720492272094667,-13.05885835725154,-18.40520766190499,-18.29825007846473,-16.39000781687049,-15.664446024007288,-16.370876328807572,-17.357335172404987,-9.204942586961751,-12.669968683005036,-11.95686180913301,-10.162127351624878,-12.021293132696876,-9.692620710795566,-9.702906800050954,-12.809489021051462,-9.62046880293712,-9.624405407333798,-8.94216736122533,-9.73637368190129,-9.000144668424475,-8.37922734005923,-5.779608896452086,-8.67812856341537,-9.277072446146988,-8.45154060862692,-10.469635630183722,-8.615401694897294,-11.062839500087636,-10.888043116527273,-9.035441089050396,-12.196237185620934,-13.147260824475484,-10.48074830374416,-8.726345741538426,-13.011616392913403,-11.678431413132149,-10.17314995737976,1.701353536538398,-13.147260824475484,-5.779608896452086,7.367651928023398,308,-17.357436259996582,2.506679313566877,-22.803622016753152,-13.05885835725154,9.744763659501611,80
398,P0398,2,Vegetation,0.750728,-15.154002632484396,-7.259941345702556,0.4790774768733385,7.894061286781842,79.44668931718104,11.002161358018045,interpreter_1,2026-09-27T13:04:31.083Z,00000000000000000165_0,-13.848598484666152,-16.00822168599366,-16.23914723091783,-16.690002383293645,-15.11102343429515,-14.501023971970188,-17.41187557810972,-15.245893800674644,-15.508748652892184,-15.025789470157322,-16.39594499282052,-14.925007938013389,-16.417231499019053,-14.05567001422263,-14.479658354555529,-16.223501731120525,-14.886271075338456,-16.819709672288887,-14.31339648813296,-15.312703763684668,-14.857315518961231,-14.463023599222524,-15.006716296423075,-14.33959081033252,-16.031948835307677,-16.91826359639196,-15.154002632484396,-15.920904449246509,-15.036972052962597,-7.181653148451419,-6.189602909163941,-7.1198244993947934,-9.858734080993534,-8.460407486546544,-7.74791698848817,-9.012753458919466,-9.132689284743096,-8.507318180315798,-7.394355739834718,-9.473484914459164,-6.924404757155007,-9.198204439211109,-6.697242636173173,-5.804560934627897,-6.8281745376539895,-6.696451664680011,-7.989709858659571,-6.145454188854709,-6.7831744460724055,-6.233443488988413,-7.263978645148802,-7.224185415317248,-7.469673104213149,-7.259941345702556,-5.703828103317591,-8.294992494059072,-6.424281905462943,-8.733483833310201,-7.508756085859256,1.1315823327786052,-9.858734080993534,-5.703828103317591,4.154905977675943,44,-15.418902000465506,0.9270238259734696,-17.41187557810972,-13.848598484666152,3.563277093443567,92
399,P0399,2,Vegetation,0.5596682,-18.42013412156342,-10.73509295759424,0.5827912482476046,7.685041163969181,79.05664082081634,10.851244390285968,interpreter_1,2026-09-27T13:04:36.628Z,00000000000000000166_0,-22.420606996789058,-26.618045737999285,-21.38311426780057,-24.077282424546805,-21.75833840353128,-17.265501660036346,-17.658828835934695,-18.03114940907649,-16.553149663939223,-16.207323246442595,-20.160531028359788,-20.935743437481445,-23.598012525292763,-20.15448402541395,-24.005706122964728,-19.092816641516976,-18.42013412156342,-17.752113652389472,-14.914666919239362,-16.341922597722277,-15.53079761002921,-14.39461618615444,-15.468508831508707,-16.080251567467194,-17.839994326475935,-21.124984695739904,-15.592302816937693,-20.319636731980268,-20.680581822034387,-12.92069037626166,-15.25052296640104,-14.624462811494991,-11.646520504767464,-11.507806063784018,-9.661759343034904,-11.54184123641326,-11.887696666326596,-11.42674622987429,-9.338246479742605,-11.597391493184748,-13.599931302868926,-15.847032822217423,-11.459595765865725,-14.407162368886247,-8.707038983274284,-8.068415016425474,-9.867000897572137,-9.933536029052528,-8.279943946407185,-10.33270278816794,-10.258462654743614,-9.01184410512726,-10.201241803993447,-11.603158692784255,-10.73509295759424,-6.301845104783115,-10.221267982196943,-9.308497179014928,-11.018877743871077,2.1896014604173537,-15.847032822217423,-6.301845104783115,9.54518771743431,164,-19.11659125194373,3.1211352749621986,-26.618045737999285,-14.39461618615444,12.223429551844845,20
400,P0400,2,Vegetation,0.60076964,-15.364342542760983,-8.340469894023894,0.542845869962302,7.023872648737092,79.28382475617016,11.147957928630644,interpreter_1,2026-09-27T13:04:41.718Z,00000000000000000167_0,-14.217206610938142,-15.46588525481065,-15.699674953620956,-16.19276831011343,-16.97612235539171,-15.423036112882354,-14.463980827481404,-17.647098637366017,-16.49578796488465,-14.539657956111,-15.605016111065908,-15.430209679544022,-14.726494457008224,-14.937057523750635,-14.071560136881844,-15.423837573514,-13.249710525398442,-15.364342542760983,-15.013931357221727,-12.829191439116403,-15.795842314445364,-16.132460603405747,-13.43802028354485,-14.928261137816122,-13.451805898475609,-13.91246508165285,-16.785614584210023,-14.06384328763223,-15.794947373444549,-5.776729493068706,-8.086026458315391,-8.109819921854564,-7.727197035593997,-7.466438816919689,-9.346705856239318,-9.774860807475852,-10.669302056702165,-11.008981749704406,-7.452020972400737,-8.639426939139241,-7.518809458147634,-8.80745413992041,-8.008092001640273,-7.205605934427775,-8.818702865326449,-8.60967357103922,-8.060800449348665,-8.277284661455305,-8.340469894023894,-7.479613561501956,-9.76824999808364,-8.858104682454629,-9.147397462517242,-7.442440387504101,-9.345161097158517,-9.777405091551287,-8.16032591786847,-8.469964926497857,-8.488036765789014,1.0827153691505136,-11.008981749704406,-5.776729493068706,5.232252256635699,116,-15.106063134292752,1.1516274348227202,-17.647098637366017,-12.829191439116403,4.817907198249614,104
401,P0401,2,Vegetation,0.47175142,-15.605348102279208,-8.956560024905459,0.5739417003839424,6.64878807737375,79.40896007524802,10.888075316934868,interpreter_1,2026-09-27T13:04:44.235Z,00000000000000000168_0,-16.614686261696797,-14.698139493382005,-12.59923859143188,-15.95907160815644,-13.813286090309774,-15.605348102279208,-14.749174173193712,-16.77052162577901,-15.943456435702592,-16.387867756738117,-16.095302291430137,-16.2287622355238,-14.624524281759657,-15.274237353951378,-15.963430688192194,-16.94615970865725,-15.284724221657068,-16.501484847596917,-15.315197880557204,-13.389399575317777,-14.48561010683672,-16.545001338665276,-14.49566279777324,-14.77335523663271,-16.19389694042082,-16.886198585253705,-14.98995654783878,-15.704807963247251,-15.463800342724715,-7.83574809058954,-6.897716715185474,-8.956560024905459,-8.361422358835712,-8.091899221517462,-9.138050596564364,-7.3757377537339055,-9.5535439753911,-9.333612868281223,-9.128037608784606,-9.420941582882048,-9.916577257419796,-7.960651916432992,-8.760913315125068,-10.66572681770751,-8.718031243500471,-8.574838418154725,-9.811151836107795,-10.176672883622818,-10.374017050678626,-10.509990676107948,-8.758454194349047,-7.743066491632002,-10.034608189261302,-10.332375471642663,-9.412508911964023,-8.629836101401288,-8.163614064589595,-5.806219327955833,-8.911811205666355,1.1290248238136524,-10.66572681770751,-5.806219327955833,4.859507489751677,188,-15.458700106300212,1.0568585208209236,-16.94615970865725,-12.59923859143188,4.3469211172253726,200
402,P0402,2,Vegetation,0.6485765,-16.715770437387143,-9.369580714424494,0.5605234140729838,7.346189722962649,79.2645109775616,11.114091442419337,interpreter_1,2026-09-27T13:04:47.354Z,00000000000000000169_0,-12.5275186228003,-14.120284202209428,-18.16695912228653,-14.326455499545784,-13.51610351760035,-13.904369181876351,-15.07886548946039,-17.4128550252966,-17.450485553277883,-14.92545751619252,-16.75349394799426,-17.336181999056663,-19.44825628349826,-18.56744370872306,-17.751714984388677,-19.38226340673768,-15.820091453850862,-16.2950942832541,-17.537763743975184,-15.446745568733895,-15.585132986608969,-14.624246030178044,-13.516750670861525,-19.019710784181896,-18.988549786680192,-18.231990306756444,-17.381360595682953,-16.715770437387143,-15.449724153257185,-7.232213896324749,-7.212019578383058,-8.754019042114049,-8.594501426842168,-9.236441660420928,-8.42801121351377,-9.42705529395698,-9.369580714424494,-8.124965952044608,-6.797243211600504,-11.299580393087709,-10.599355628716564,-11.221219886902798,-9.699138141103203,-8.404659256478675,-11.682593760254983,-8.599483856300255,-9.538297855900748,-8.192350122785799,-9.953721883600393,-10.083772427267348,-8.598117628696937,-5.835527755101263,-10.966668435969256,-12.079326395505134,-10.50099074923816,-10.272281014776128,-8.26645624165712,-9.590011094747364,-9.260676017852246,1.4760784462954826,-12.079326395505134,-5.835527755101263,6.243798640403871,308,-16.389022029736314,1.9251874687881383,-19.44825628349826,-12.5275186228003,6.920737660697959,164
404,P0404,2,Vegetation,0.662439,-15.750979658508818,-8.550211081213497,0.5428367800979667,7.200768577295321,79.05726964151522,11.10088620774278,interpreter_1,2026-09-27T13:04:54.743Z,0000000000000000016b_0,-15.750979658508818,-15.85849799961528,-18.507099453452973,-14.45858386118374,-17.414837331848688,-15.615566661444412,-17.220934713044404,-18.17250516400568,-15.819938513833788,-15.623883363337452,-15.978634368597932,-15.52999264104251,-18.019609300057272,-15.587235398376883,-14.10363906634963,-15.889401544175588,-13.978813744405878,-15.964146394998355,-14.790190606212796,-14.560120227829408,-14.170815491884095,-14.675693660477238,-12.61981395220486,-15.747540465048598,-15.205347002206564,-15.841174795855068,-17.050662371689334,-19.118585077692487,-18.69958224614668,-5.89506058529288,-11.009062165775395,-10.741696030462071,-8.001696985551304,-8.885602191081597,-8.529395899754524,-9.689712550126192,-9.120404387596905,-5.707746220648905,-6.620072181448381,-7.683063739347301,-10.490945227451824,-8.835381568142576,-7.196284155932356,-8.550211081213497,-8.963984062098303,-7.466963190908304,-7.894361522211363,-7.614950925060837,-7.986803115840271,-6.511796874424707,-6.52602984167973,-6.550567676009179,-9.589524142140425,-9.109495856990328,-9.547442135583257,-11.114068112608148,-12.078744870742453,-10.24355276678959,-8.557055864238365,1.6365329033462488,-12.078744870742453,-5.707746220648905,6.370998650093548,344,-15.930131899156084,1.5335470805042437,-19.118585077692487,-12.61981395220486,6.498771125487627,344
405,P0405,2,Vegetation,0.5760111,-16.18927182261713,-10.095022587326008,0.6235624861905656,6.094249235291123,79.14251976197816,11.028751490427982,interpreter_1,2026-09-27T13:04:59.112Z,0000000000000000016c_0,-16.138836025443016,-16.63205889983241,-16.516749443926134,-16.818809363720494,-19.55315429435504,-16.979885087791736,-16.788800979636438,-16.18927182261713,-17.79111703864463,-16.11822614456315,-14.961848236648828,-17.06225039113239,-16.19920698615831,-16.46933603852447,-16.08163353249456,-16.281242777374494,-15.319298549009732,-13.802474188590894,-17.698283232105286,-15.40534693432144,-16.24025224216428,-15.786299946611203,-15.095196691380377,-14.971382306613128,-12.767254703321854,-16.173199002454048,-17.25571806802046,-16.112538193916727,-15.94525949445228,-8.506556900064838,-9.679357543892294,-7.59933940110006,-13.957529123067744,-15.590778512040526,-10.808572530304987,-10.111718257110978,-10.912402280955348,-10.30484223230391,-7.342811121682249,-8.54303085309987,-10.153790362241262,-9.4013408460968,-10.981472316228908,-7.471195891809734,-8.140723377930426,-9.029927701767305,-8.01130532603758,-7.670170123268632,-8.548411783803843,-10.240689169284922,-7.7251977332672706,-9.2565171698866,-10.183765638110334,-10.471084469970808,-10.694904711099497,-11.411753536614206,-10.095022587326008,-10.193209350388624,-9.759911063819157,1.822373546470485,-15.590778512040526,-7.342811121682249,8.247967390358276,56,-16.17775622813189,1.2182586564864153,-19.55315429435504,-12.767254703321854,6.785899591033186,56
406,P0406,2,Vegetation,0.45859486,-17.959591785912558,-12.149366869939112,0.6764834643663246,5.8102249159734445,79.15150291481936,11.112204980322687,interpreter_1,2026-09-27T13:05:02.408Z,0000000000000000016d_0,-17.80720845898977,-18.823848539711744,-19.84806369789968,-18.3420963638293,-19.260948362362747,-18.005833518987945,-17.874586853163276,-18.8972684751034,-19.675183546212253,-17.150743973722836,-18.646031437456884,-16.102784934025983,-17.117882700055688,-18.18547504663953,-16.418487381309586,-14.053132619229338,-17.12768974012796,-16.059109137703498,-18.887452303516746,-15.533470541193486,-18.48984115085385,-18.46605957847969,-18.310143416326675,-16.973907304992963,-17.670609255151465,-17.959591785912558,-17.737150877591084,-17.277313402952323,-18.45284630558411,-11.827732465478906,-14.816888832475058,-13.22422574656212,-13.080891728716196,-16.32334753570213,-11.76012275206062,-12.20128676932988,-12.149366869939112,-13.672165804468692,-11.13966766796355,-12.98836782307254,-12.24308434029949,-11.971090254695998,-9.663800355717203,-10.900893595978635,-11.11907598425984,-8.23860362764166,-12.513989339590983,-10.15473784866449,-11.898982954075803,-13.624447698510716,-12.600090237816534,-11.297209382213326,-12.89612218697545,-12.290061570716237,-12.56581250527459,-11.175910672015066,-12.07530014384565,-10.269488965408994,-12.09250916067136,1.524707180884058,-16.32334753570213,-8.23860362764166,8.084743908060469,56,-17.763957265830566,1.2510846610586508,-19.84806369789968,-14.053132619229338,5.794931078670341,32
407,P0407,2,Vegetation,0.5515863,-16.43905716530783,-11.065488277928466,0.6731218321498708,5.3735688873793634,79.27142800524932,11.03324306684858,interpreter_1,2026-09-27T13:05:05.093Z,0000000000000000016e_0,-13.14116265918403,-16.507897582133747,-17.10657758679869,-15.06742785911358,-18.783332380699512,-16.43905716530783,-16.758766868068633,-18.26052104131071,-16.572971889347663,-15.683072618481098,-13.826261017941368,-13.78030912770969,-17.127209611894717,-15.911703964480852,-14.861922707318572,-16.637462318375718,-12.521151854778063,-15.932303724009047,-15.11296192713479,-14.02789304526754,-16.49814369192439,-16.94877773098424,-15.121091752499249,-18.959129941426088,-17.389170912153972,-17.213118566507653,-15.70690260232124,-16.747614551227294,-14.973124449901167,-8.350959166821236,-9.214399856426148,-11.316761500817806,-9.724733595388065,-11.065488277928466,-12.045494360457957,-11.14328861883032,-12.254487647767952,-11.964100915666334,-8.870484812026922,-9.073850585798011,-8.761648500702496,-10.35672489395276,-11.357263907889909,-8.477648749596174,-9.167335479393603,-9.23622101337997,-10.745828054959006,-12.288779671555645,-10.421957563127826,-12.468114405445746,-12.300124606637816,-8.283121723695754,-11.10005854043522,-12.485178120450811,-12.97196292740832,-12.46343539680496,-9.959369388796317,-11.412305792650022,-10.664866485338331,1.4587494392125575,-12.97196292740832,-8.283121723695754,4.688841203712567,320,-15.986794522355211,1.5510548222000238,-18.959129941426088,-12.521151854778063,6.437978086648025,296
408,P0408,2,Vegetation,0.6520509,-16.81810208155395,-9.60365941727276,0.5710311050975263,7.21444266428119,79.32101500893272,10.968833860977211,interpreter_1,2026-09-27T13:05:07.735Z,0000000000000000016f_0,-12.724896275810153,-14.686366098875997,-15.08286359768649,-15.746196412039664,-15.358784434529872,-15.288312317647607,-18.33074868687692,-19.517044371504507,-18.59324231833459,-20.834165942319075,-20.41257332345453,-18.022790318376344,-21.179647368665456,-17.10905176958783,-16.002243803044458,-19.120591348440648,-17.615336299358884,-16.461529550296454,-15.46594363422616,-16.83984007849732,-17.99736126395443,-17.562729126518704,-14.677595189421934,-16.81810208155395,-17.42184665209406,-16.510853564115457,-16.341339725318775,-13.979756130451388,-13.824026240484242,-8.173871279244521,-8.278624984836036,-9.107529942869588,-8.853219745350657,-9.476718167089984,-10.48330668341632,-9.652460140458428,-10.909597453432443,-11.577271976005516,-8.662405698642889,-9.727468990312886,-9.503317064584342,-7.60936091262132,-12.023571069310092,-11.94852524688893,-14.224675513705192,-13.512893899547617,-13.752169099921025,-9.229252654814786,-9.890812481611226,-12.38930267531605,-10.919474668162716,-9.60365941727276,-10.837708296224752,-8.498475096812994,-6.120057437774001,-7.313302360211713,-5.985226742545495,-5.915691975372843,-9.799308678426105,2.169654497497365,-14.224675513705192,-5.915691975372843,8.308983538332349,200,-16.880199238740897,2.0756438678436013,-21.179647368665456,-12.724896275810153,8.454751092855304,164
409,P0409,2,Vegetation,0.66319984,-15.91905330943484,-9.200157202625675,0.5779336888816727,6.7188961068091615,79.27681789695404,11.06773837375877,interpreter_1,2026-09-27T13:05:12.576Z,00000000000000000170_0,-17.111472454380806,-19.66811525219377,-16.754938314465445,-15.93873279963713,-16.856365798811495,-15.716712687675765,-16.80213319309923,-18.38778926825653,-15.22407320066418,-14.9288519754972,-16.349018798129006,-15.91905330943484,-18.65635269275503,-15.133086139907013,-17.113456667020287,-19.372711036865628,-14.125769256263418,-15.833362728746147,-14.342684279053016,-14.671802491308505,-16.108844802145043,-14.683330936865064,-15.605586892873278,-13.145778376843198,-13.719383797165726,-14.528101665161069,-16.542090988289893,-17.84458361728944,-14.85490118658469,-7.64522259741449,-11.12912251349677,-10.001693207640493,-11.017790235836555,-11.239943051423962,-8.999288832847203,-8.40652640433117,-11.44874687132696,-10.384539891641356,-8.970411831012635,-10.38043096887305,-8.774487339483212,-11.316581413389647,-10.234006921274922,-7.623870845399773,-9.095407864267976,-7.828505277166719,-10.411861739450751,-9.987404632224395,-8.08875909141969,-9.133412525769852,-9.200157202625675,-7.719637881469378,-7.9104472932942205,-9.403934616917928,-11.167928723850284,-10.226009134316705,-7.56891665503527,-8.917538867709434,-9.45629601485898,1.258271843663184,-11.44874687132696,-7.56891665503527,3.8798302162916896,104,-16.066864986461443,1.608895081783722,-19.66811525219377,-13.145778376843198,6.52233687535057,20
412,P0412,2,Vegetation,0.2621236,-18.315349378691828,-11.069449368007206,0.6043810106557651,7.245900010684622,79.36844605593423,10.8537596730815,interpreter_1,2026-09-27T13:05:20.314Z,00000000000000000172_0,-14.31640359662132,-18.57946579906713,-18.252793621285694,-16.934694826838143,-19.694848654277425,-21.758660080341578,-16.96234692955425,-21.504214422713943,-22.161545862205823,-23.580463505609885,-27.61832335058211,-24.150168078324533,-26.08860468672805,-19.49243552354105,-18.366946114640005,-16.154640775858887,-16.033278841728244,-16.107999860034163,-16.943756171120278,-15.727855440893144,-18.58609842665204,-14.873390798423058,-17.199655856943817,-18.008235797421072,-21.661520679671035,-18.315349378691828,-19.69175212705876,-17.402895653633916,-16.282900565027195,-8.641400187867713,-9.449535704960246,-11.664783149614683,-11.218946527331546,-10.885799119178476,-13.614325096042164,-10.006902086109546,-12.077082197022868,-13.363577052885477,-15.44971422313939,-16.066079351600955,-12.874970143695606,-13.238317558342969,-9.770779668190116,-10.17064023020938,-11.069449368007206,-12.833078244983644,-13.0228756887516,-11.685613672195457,-10.042516694347558,-10.218635449578349,-11.009263416580634,-11.899742597716816,-9.403152769469736,-10.47761637728619,-14.787404533963556,-9.20713857263314,-7.410964449211042,-8.210754905584496,-11.371415828844851,2.0888293862485043,-16.066079351600955,-7.410964449211042,8.655114902389913,140,-19.050042945706497,3.2569987106951945,-27.61832335058211,-14.31640359662132,13.301919753960789,140
414,P0414,2,Vegetation,0.41758397,-17.07967181306492,-10.177472680021308,0.5958822155022998,6.902199133043613,79.40590580328201,10.878193848809552,interpreter_1,2026-09-27T13:06:52.514Z,00000000000000000174_0,-16.911024029880153,-15.410430188604598,-16.45730469593573,-15.954575715882989,-19.236042373480583,-16.644561417723732,-15.49145635859415,-18.540616879629464,-21.325619148984988,-18.29483981205051,-18.37574679414147,-18.51255398942109,-19.24920049569049,-17.07967181306492,-16.825894759812538,-17.78145888785551,-16.624474081023035,-18.642575453929968,-15.531729652778978,-15.243514372938424,-17.014010262855805,-13.645762796432765,-11.708807105821368,-17.874208020393603,-19.867803790522977,-18.805698925046784,-21.32872340380358,-20.356477252323497,-16.828315767713235,-6.66603815517761,-8.377385696642442,-10.498948569715584,-10.005087889330804,-11.01988455705786,-9.417996336307668,-10.203633550832764,-10.63883668287728,-12.594115458924517,-12.466594430818157,-10.019664333154685,-10.326364850760417,-6.82903664256282,-9.298761134759683,-10.177472680021308,-10.231987149525963,-11.98887767594026,-10.40146563856592,-10.69107842723814,-8.592745938066269,-9.362385458759489,-8.925352189317858,-5.468880533335309,-9.464679375670912,-11.113855255391446,-11.76768455677842,-9.721920099605066,-11.246413051612958,-7.79418792746358,-9.838321870559144,1.6445910484913877,-12.594115458924517,-5.468880533335309,7.125234925589208,116,-17.433210284356445,2.1020489220232523,-21.32872340380358,-11.708807105821368,9.619916297982211,332
415,P0415,2,Vegetation,0.7171717,-16.756320682005335,-9.52395550333034,0.5683798779023217,7.232365178674994,79.32299130255778,10.968474534863564,interpreter_1,2026-09-27T13:06:55.785Z,00000000000000000175_0,-14.37852641894869,-13.934602572792851,-15.158542788903732,-17.73881972930093,-19.263203442922475,-19.52848715706569,-22.645809937738484,-18.02608765933852,-22.549272119546103,-18.299103268700755,-20.514845808846538,-16.756320682005335,-16.449338349902657,-14.762811556350982,-15.26211438937851,-16.44107110357413,-15.109798574489163,-14.883848068421983,-12.910644970404396,-14.32604018460583,-18.69469363728432,-17.914676946782166,-14.074730927543287,-20.05670832407657,-21.99793595994744,-18.173810504302853,-16.456133404370526,-18.32896200288224,-14.843346039757604,-9.187023311836558,-8.772986883522515,-9.38748179740728,-10.104783206620318,-10.327088379591384,-13.496183535985594,-13.501671995070192,-9.807142321393997,-11.081255163370988,-9.52395550333034,-6.866979886436192,-8.909075040804655,-10.56000938931871,-10.393445642957516,-10.53973061479246,-8.60690038207593,-9.396600883242916,-10.060332738687492,-8.765148054898953,-6.990253650076109,-8.66156729069795,-10.647465686685,-8.75279611406471,-11.846904665663494,-12.088390431360292,-8.399680833446467,-8.905363559742595,-9.45888500380086,-10.151964703698177,-9.834174712778609,1.5318613713508562,-13.501671995070192,-6.866979886436192,6.634692108634,92,-17.223458156213265,2.64797129418841,-22.645809937738484,-12.910644970404396,9.735164967334088,92
416,P0416,2,Vegetation,0.58315533,-15.74043027396976,-9.145293925498608,0.5810066031436478,6.5951363484711525,79.43465189237384,10.894812681565762,interpreter_1,2026-09-27T13:06:58.372Z,00000000000000000176_0,-16.689519212709406,-15.573081562784878,-15.298577058147036,-14.938398040318074,-17.832257563481285,-17.272743110861104,-16.65257363588195,-16.621219426803044,-16.05995964021985,-20.133249607892964,-17.16356604234531,-15.14714690426638,-15.931882685487142,-15.74043027396976,-13.845953663203494,-15.497124177942222,-14.842491891230283,-14.128891973996977,-13.345382731788757,-12.779089273157153,-12.791551193206868,-13.907275379821538,-14.066251189836702,-15.247616939000835,-17.565958173917625,-18.739598477880048,-17.201883791752827,-16.652152989575985,-16.014045292984925,-8.40153106178472,-10.008783831864372,-8.140248911423303,-10.320648886817034,-12.645216785096824,-11.021917247428686,-10.886026085655908,-9.763295575576398,-8.675685806416073,-10.733369051840562,-9.590492801708466,-7.827323971245851,-8.9011080170879,-10.487788925688712,-7.7592382853551,-8.853411578340168,-9.49290134531924,-6.496857271925824,-8.11159004879666,-7.464933940732625,-7.128098099647024,-8.517370958541337,-9.145293925498608,-8.145975070833583,-10.1287969950826,-9.212835035852422,-10.08846713033158,-10.226884208685608,-9.134477332412905,-9.217605799551382,1.323378426066229,-12.645216785096824,-6.496857271925824,6.148359513171,56,-15.782064548429808,1.7008153192775255,-20.133249607892964,-12.779089273157153,7.354160334735811,128
417,P0417,2,Vegetation,0.7215937,-17.653278794162457,-10.421039795281956,0.5903175221323735,7.232238998880501,79.12985351647208,10.903526339821722,interpreter_1,2026-09-27T13:07:00.945Z,00000000000000000177_0,-13.155151681870034,-14.972426898667646,-22.695480037279523,-25.983271539305,-20.00095838810788,-19.44256594420742,-20.2304016246139,-17.36571449401361,-17.788731236694577,-15.874338209752333,-15.801355812970478,-18.323942352118657,-21.9776745794384,-18.966430852239647,-21.974170588936097,-21.54638890781783,-17.462093139447717,-17.791152062212717,-17.653278794162457,-18.213561982481576,-15.917000747402232,-17.241996404966184,-14.827298781365116,-16.100061342749996,-17.40785801071605,-16.940050589138874,-20.31058416341813,-17.076990215838094,-15.230680334466587,-9.412105611123163,-10.548903424333387,-14.249673930145113,-14.049734602321765,-9.887302561063532,-10.42103979528196,-13.623292402881404,-11.554934390824618,-10.634078314369832,-9.06640484022716,-6.063102818465644,-9.6041792684481,-11.646935594268758,-10.237502430202778,-12.014896661617747,-11.702002975123838,-9.33157892897643,-10.107606646636995,-9.853327532405174,-10.67055097083207,-10.212396453428276,-11.929540433175784,-11.315697296830036,-9.834750235105282,-9.714196688442362,-9.710738192544817,-11.032884222999025,-10.804121840545417,-10.258011429386206,-10.672120361793333,1.584394107757393,-14.249673930145113,-6.063102818465644,8.186571111679468,32,-18.21626240401375,2.739086929841469,-25.983271539305,-13.155151681870034,12.828119857434965,44
419,P0419,2,Vegetation,0.8014528,-13.898377611368636,-7.421088969927389,0.5339536151224632,6.477288641441248,79.23792084515166,10.913677302532273,interpreter_1,2026-09-27T13:07:11.056Z,00000000000000000179_0,-12.124048499326614,-14.913379845523508,-14.197096801891526,-14.903120479945288,-13.898377611368636,-14.328810578076476,-13.662621809274032,-14.399597339367103,-14.439980519342724,-13.292587085232304,-14.28325674447482,-14.612200718875528,-14.549545648451502,-13.815772806865992,-13.62858617822354,-12.78997800162526,-13.308869012809565,-14.126366257431918,-14.89972406784469,-13.70199606958995,-13.54263938431679,-14.553036568229896,-10.393652179962148,-13.580152659704916,-14.781658698665469,-14.235227049905117,-13.167335630922206,-12.30735576865815,-13.591364550732346,-6.620357181211647,-8.59877373925691,-8.94421662315693,-7.088496603256356,-7.111458145047179,-5.727346453489199,-7.742356854213169,-8.149031351763922,-6.3089497898728295,-7.672374083891117,-7.099898641783301,-7.300056733114917,-9.140686081293405,-7.065280456015131,-7.421088969927389,-7.133602422592624,-7.499283542481962,-7.5971409243439645,-6.75914196951052,-6.919380082517948,-7.983898724021845,-6.978274394161224,-4.971254532890479,-8.80233158736261,-7.236684428685953,-7.609587077127,-8.000206278006475,-7.863833122436784,-7.724839374618654,-7.416201040277636,0.8804843843874766,-9.140686081293405,-4.971254532890479,4.169431548402925,164,-13.794080640228897,0.9637917429015724,-14.913379845523508,-10.393652179962148,4.51972766556136,20
422,P0422,2,Vegetation,0.35084802,-19.760361917764424,-13.95988602810367,0.7064590257101431,5.800475889660754,79.34248474422317,11.072499444764604,interpreter_1,2026-09-27T13:08:54.737Z,0000000000000000017b_0,-19.760361917764424,-19.350406257194752,-21.761311107144145,-21.81080039431498,-21.74028060372214,-20.88779311974648,-19.507775147967067,-22.68382602658412,-20.56392230002121,-16.948287332512834,-16.68913045040769,-19.855561550444552,-19.908898080439982,-16.878802077901096,-14.9957656036235,-18.125439749919924,-14.994214638121658,-18.33272896780101,-17.20785861500014,-20.89591967338091,-20.7390284323086,-20.233780008597574,-16.708217435513887,-17.99575272411048,-18.4478438867146,-21.69320508622252,-19.96818575888128,-18.29722351996345,-19.794604604554472,-10.312969618151014,-12.00451532455164,-15.004764972068024,-16.128573095124626,-14.51140045861732,-16.446535285419365,-15.284600490556858,-15.455108768788389,-16.739709310502906,-12.108521818423911,-11.09425361057462,-11.15669141687358,-14.55893773675928,-12.491344168805604,-11.405779508743624,-10.85922186868409,-10.419033789444349,-11.84634230477558,-13.95988602810367,-14.376969915538336,-14.951770862021078,-15.709847639593756,-11.580630636242386,-12.207602713026134,-11.130809832104775,-15.701663688368576,-14.856618996292362,-14.325167626903257,-13.02003420978104,-13.436182954994486,1.983859442392008,-16.739709310502906,-10.312969618151014,6.426739692351893,116,-19.19920431278895,2.0219030663005824,-22.68382602658412,-14.994214638121658,7.689611388462463,104
423,P0423,2,Vegetation,0.6286765,-15.25450168995182,-9.516525871784587,0.6238503272809723,5.737975818167231,79.27798570682339,11.084896195685454,interpreter_1,2026-09-27T13:09:01.254Z,0000000000000000017c_0,-16.901282737923054,-17.308853988391796,-17.353568272391165,-17.260174906548208,-16.780707924600705,-14.205597549967786,-15.975533714487009,-17.131361344289285,-16.510830018395588,-14.812092002971106,-15.692442511910553,-14.144801929808969,-16.936096070188682,-14.835459819356275,-15.207390585204138,-15.107745059355684,-14.614966493425092,-15.492119271650555,-14.788435031081873,-14.488507411857896,-16.458632708732523,-15.046898660777718,-12.649693872064676,-15.719119771418772,-14.291183506141946,-15.25450168995182,-16.766703448295182,-14.48004278068556,-14.866450446624844,-8.136192546982048,-11.205084032322478,-10.907351864370227,-12.941366751395156,-10.887666390074788,-11.47474618925587,-8.886354785950331,-10.923998385429265,-10.574184412929393,-9.516525871784587,-8.594566510600105,-8.411011734776558,-8.71064771969391,-8.828774844319524,-9.240386701731714,-10.744181302285682,-9.421027388456944,-10.358858006655309,-8.044146232798754,-10.885799515962669,-8.731850074971744,-10.707687454635533,-7.614456948579082,-9.048015443587069,-9.480294292874603,-9.559550023818057,-12.531012070719674,-9.982314137977124,-8.861696307453185,-9.834818894565222,1.3109791855508002,-12.941366751395156,-7.614456948579082,5.326909802816075,44,-15.554523914775809,1.17701483639968,-17.353568272391165,-12.649693872064676,4.703874400326489,32
425,P0425,2,Vegetation,0.5045229,-16.761528342539123,-9.726288220928897,0.5802745443113637,7.035240121610226,79.36925453968993,11.109689697527152,interpreter_1,2026-09-27T13:09:11.316Z,0000000000000000017d_0,-16.610982215611983,-18.698351110770894,-20.612744097817064,-17.349060297268334,-17.401572011005083,-17.756142396701225,-14.522373759742946,-15.21187116113718,-16.664856941867413,-15.160572159066032,-18.78571676258315,-17.472075903794863,-16.581005404970774,-15.635029108880762,-17.463739401342654,-17.008005259240043,-15.923067377533188,-16.761528342539123,-16.967954239257267,-15.891811746384557,-16.46962667330898,-17.084022609387418,-14.671584757193424,-16.147748981151736,-15.222009639240705,-15.996810878047578,-17.034954442914184,-18.246024011195907,-18.947149881256184,-8.83311983839196,-9.65917838815508,-10.164137400719234,-6.856701882379202,-9.69685141648524,-9.726288220928897,-10.743150623030097,-10.508159225834357,-10.832471933324475,-8.8160713672925,-10.989114061087742,-9.46116352503982,-9.807960769283378,-10.06515686284395,-9.99114916409679,-9.063838553889758,-7.864205510695184,-9.69981328103927,-11.019972950705316,-8.990698704138548,-9.595611145120817,-9.125180952457615,-8.234892716375697,-9.746706660759552,-10.12104934951324,-9.52809696028742,-9.835292579729767,-10.710904463362052,-10.494758302303987,-9.661437821009342,0.9313179474877364,-11.019972950705316,-6.856701882379202,4.1632710683261145,236,-16.83787557142106,1.3528050918096497,-20.612744097817064,-14.522373759742946,6.090370338074118,32
426,P0426,2,Vegetation,0.8495822,-13.847739457119552,-7.431467478731691,0.5366556398424253,6.416271978387861,79.13173997856873,10.87999047937779,interpreter_1,2026-09-27T13:09:15.812Z,0000000000000000017e_0,-12.391413387506647,-13.847739457119552,-13.729479995479574,-13.339464353835794,-15.506957847625769,-14.1142569643676,-14.174815595095083,-15.67650411802575,-14.07562075188692,-13.793767426037729,-11.97786584550574,-13.614678747246751,-14.98702101004326,-13.898038196129312,-14.312748759872576,-14.084558872458691,-12.573940083765384,-13.369618032197517,-13.34182459059817,-12.21898565705051,-13.445004361401498,-13.93991242766373,-14.364865888314696,-12.932915216579676,-14.66418733780322,-14.37941242534679,-11.96278330818862,-13.23415675608552,-14.1956656139673,-7.960778166181647,-7.544522575268515,-8.682402277426537,-7.351173605491112,-8.976922757559912,-8.16953289567522,-6.475000748665486,-9.017676759397409,-7.8450316824064625,-6.3736257036772805,-6.863065703171495,-6.13929277818078,-7.180416538129424,-7.431467478731691,-5.458381180607078,-7.084448462215756,-8.568189792071317,-7.837979897842091,-7.750819633292707,-5.911410627862102,-7.126795825695172,-7.129794413506115,-6.720796300665029,-9.22839055656472,-6.956810193383158,-8.035979084341806,-6.177393170137946,-8.509304377872716,-9.190445121312134,-7.506822355425271,1.0108027007115103,-9.22839055656472,-5.458381180607078,3.7700093759576423,296,-13.729248380248254,0.9186697916892476,-15.67650411802575,-11.96278330818862,3.713720809837131,104
427,P0427,2,Vegetation,0.4147097,-17.05411176342136,-9.836507415754271,0.5767821597634993,7.217604347667088,79.05924593514028,11.073038433935077,interpreter_1,2026-09-27T13:09:20.810Z,0000000000000000017f_0,-15.016017747656765,-16.443177275514746,-18.560417584984748,-17.158418290511882,-15.5062167830033,-15.77787042597829,-14.9769650213035,-18.22704647588832,-18.12065870156195,-17.05411176342136,-15.23141846890753,-14.169846785506506,-18.00250401894905,-20.66778472047959,-17.087773302286017,-15.694771036675084,-17.199784058523267,-17.076293255186602,-17.229896313550498,-15.637885201661712,-18.374237466954973,-16.34318163215792,-12.804316819529998,-17.166944532148264,-16.926517681249074,-15.334678650469932,-14.064640548554976,-19.31486032461634,-20.79836956727225,-10.35894727519062,-10.875639449696251,-8.158413428002905,-9.38184164573849,-9.36736930652662,-10.911738026057634,-10.211725754385268,-11.27052135908156,-8.42231647280477,-9.697305285045031,-8.921755012871508,-8.815453031524243,-8.40854328773482,-11.267499354485585,-9.304274498873278,-10.950699555113248,-11.97918752715282,-9.182051770707846,-10.10815231437633,-10.88941453388622,-10.496810483986163,-9.239868963653064,-9.836507415754271,-11.600466847638923,-9.334726527512442,-11.046540079527905,-9.265662910875433,-11.517599321308552,-9.389292725820203,-10.00725255742524,1.0469457640433513,-11.97918752715282,-8.158413428002905,3.820774099149915,212,-16.757469119120845,1.8192068281802547,-20.79836956727225,-12.804316819529998,7.994052747742252,356
428,P0428,2,Vegetation,0.53569853,-16.541726875552744,-11.315737161442232,0.6840723007079704,5.225989714110511,79.20082042391752,11.143735846795282,interpreter_1,2026-09-27T13:09:23.071Z,00000000000000000180_0,-16.275136692671875,-16.23881309440104,-17.110144050387703,-16.417605885557162,-17.540239600880184,-16.54663328743212,-18.758018485228234,-16.527353150190425,-19.01107601963844,-17.456965313638474,-17.044351737489688,-16.541726875552744,-15.674825669515888,-16.846074661661664,-15.596841083470288,-15.697293037451336,-14.392174453778752,-14.499304867688243,-16.52368030676344,-15.53671386654315,-17.21329187880077,-17.460641789444736,-14.842002965571275,-16.638478003503895,-16.925006750913177,-16.060636243317653,-16.356442280479545,-18.46286278460682,-16.72956070449567,-9.833486688455084,-12.256222380341296,-10.979292238834756,-11.098318121704654,-13.286368793742888,-12.53223823870318,-11.068032327492965,-12.59692441704349,-12.606057917368094,-8.924967681588662,-10.155366938258432,-10.535276458317888,-9.061545677152946,-10.60733370298459,-9.863364042802512,-11.315737161442232,-8.877537138891507,-11.129630319043187,-12.744391881807069,-10.743740046386744,-11.82358433562265,-12.814855461722704,-8.095011156686896,-12.056976175609035,-12.399433848191595,-12.92702767300684,-11.891777960885983,-11.889927578753692,-11.8204438521874,-11.239133455690654,1.359883190121144,-13.286368793742888,-8.095011156686896,5.191357637055992,56,-16.583582604864635,1.0848919753587631,-19.01107601963844,-14.392174453778752,4.618901565859689,116
431,P0431,2,Vegetation,0.21602868,-16.06084231471886,-8.9579017789665,0.557747943939222,7.102940535752362,79.28238745171558,11.032614246149697,interpreter_1,2026-09-27T13:09:38.072Z,00000000000000000183_0,-14.786884749473884,-15.946315733145472,-16.82741094605535,-16.57642078049658,-16.93142794733044,-14.68914952063065,-16.619096815459258,-15.732646680276964,-16.731395758015925,-14.698797212529431,-15.71785359252798,-17.555538192840466,-15.479586616391728,-17.85741889124284,-16.435679652399173,-15.061886253971458,-16.150770714432145,-16.43382016776894,-17.392384355385946,-16.1573069929197,-18.25669703580609,-16.06084231471886,-15.105443255232895,-15.10243125563874,-15.428214092327998,-16.018147845426903,-17.295496133298784,-14.910900570281694,-14.735284393432943,-7.257622431469337,-7.785910814846526,-9.919954632857475,-8.9579017789665,-9.734700986687594,-9.014942049723604,-8.215532012398084,-7.971070144010815,-9.862820062577317,-6.227650165912699,-8.0191911504661,-9.435195791002434,-9.30523451525737,-9.288459571473377,-9.146708576859782,-9.122349702632802,-8.695600947479425,-8.806766719169396,-8.734557711590673,-8.943563027332226,-9.1139313912953,-10.106080467908406,-8.267040226441042,-9.736963571734908,-8.80561585262576,-8.953308144323968,-8.151493570286268,-9.080271666803666,-9.190157249373712,-8.82243430805195,0.8257758356215628,-10.106080467908406,-6.227650165912699,3.8784303019957065,272,-16.09293960239515,0.9907766376882838,-18.25669703580609,-14.68914952063065,3.567547515175441,260
433,P0433,2,Vegetation,0.56525517,-16.587405844221394,-9.81264783637561,0.5915721800340512,6.774758007845783,79.23702252986755,11.130620443647135,interpreter_1,2026-09-27T13:09:44.407Z,00000000000000000185_0,-13.35643594709497,-17.291382269715708,-18.53337659363035,-17.92644602704201,-18.04504556575143,-16.863331667243898,-16.34835262220032,-18.821975053913683,-17.220319191210397,-14.651683822165229,-16.587405844221394,-16.17163884188115,-17.982100069925018,-15.391058620429176,-15.380135118701888,-16.147064333806398,-14.634719258915547,-14.188863930032849,-18.48949835728721,-17.566746178387334,-17.665122586662687,-18.27688349373741,-14.461360594710328,-16.86569345115408,-17.29716465113128,-16.262083652782845,-15.126864078204209,-12.5382924253221,-13.855673378319546,-6.535553501578336,-9.684013384113024,-12.439312413173605,-10.111072221009348,-11.6523088620909,-9.616217032566706,-12.840808471875476,-12.53889909221378,-11.821649568626862,-9.761319369575276,-8.438829972319946,-10.80428694573502,-11.399719447660772,-10.548279283660577,-8.431883270466717,-10.491145221940831,-8.669110697610524,-8.283707953901567,-10.202008172216948,-8.252481423898912,-9.879186175691627,-11.034793246396436,-6.530854710833323,-9.81264783637561,-9.049726322966102,-10.405461658893016,-8.70829042857844,-9.196996947657023,-6.972611047099703,-9.797006023473324,1.6525407238730492,-12.840808471875476,-6.530854710833323,6.309953761042154,92,-16.342990262951044,1.6685586980544336,-18.821975053913683,-12.5382924253221,6.283682628591583,104
434,P0434,2,Vegetation,0.7461929,-13.204669813341903,-6.101330952733254,0.4620585776835187,7.103338860608649,79.20091025544593,10.909006063054852,interpreter_1,2026-09-27T13:09:46.086Z,00000000000000000186_0,-12.335817682406432,-14.11431579346474,-14.3495287721198,-12.816925100975824,-13.21254304898333,-12.27583663350382,-13.212389485037994,-15.022209402777069,-13.204669813341903,-13.389656631836884,-12.489312049732836,-13.186597428274592,-12.738538169371424,-12.526248921876013,-12.387427067160788,-14.651087964711216,-12.963440175871938,-13.202166484164405,-14.876801482195582,-14.45006595532879,-12.863625612070637,-15.33754400695113,-13.282855555006892,-13.907956478104603,-12.460931264472784,-15.524902969646616,-13.035588899647507,-12.861324113461198,-14.13711165573525,-4.996960863692373,-7.999182274643751,-4.93678452869165,-6.580467877771198,-7.040399270385649,-6.04950464181618,-6.668677113357301,-7.232287460767882,-4.37713258859309,-4.877553972888774,-5.902019692501948,-3.338168375324191,-5.687625029384522,-6.101330952733254,-4.690490923106655,-3.470634435204372,-5.894543061910494,-7.809452120608185,-7.463171212607238,-5.376945891185465,-8.080562601200379,-7.057240908028142,-6.106147242027972,-6.870697679866242,-6.06939077207715,-8.789136059222844,-7.046296989502869,-5.9362588492795565,-7.085808560771349,-6.190857653418989,1.3099789437516856,-8.789136059222844,-3.338168375324191,5.450967683898654,320,-13.476462710973516,0.9390979299322372,-15.524902969646616,-12.27583663350382,3.2490663361427963,320
442,P0442,2,Vegetation,0.5288552,-16.673654307345238,-11.183562249906815,0.6707325247219577,5.490092057438423,79.15374870302966,10.990483259324492,interpreter_1,2026-09-27T13:10:05.068Z,0000000000000000018b_0,-14.891638589866574,-16.977184932413103,-15.621274344763494,-16.25644101099946,-18.43695904727464,-16.673654307345238,-13.886433859925734,-16.67401987217864,-15.363688000200629,-14.353350922950163,-17.42484606532646,-15.615706085982753,-14.060149256730249,-14.521018678364062,-15.432037207079878,-16.660830513995933,-14.970031063676409,-16.51206398606024,-17.0164094633688,-16.963735815630777,-18.695717647066484,-18.01990617174009,-16.818782143474074,-18.852543241389338,-16.700879252899313,-18.810714170006463,-16.72899845541729,-17.379712517681657,-16.598070964914594,-9.99995981222012,-11.19932603799629,-11.000897944826898,-12.79743094041164,-11.052228768173922,-12.58371159709082,-10.54958641043148,-11.87412397039434,-11.654795265812265,-9.394982541051975,-9.721641490574571,-10.736066908544862,-10.850231019840097,-10.818825599772168,-9.417276181539618,-11.970974615908563,-7.786411078632352,-10.40447882390011,-11.7652925363357,-11.438997961558677,-11.480500573845625,-12.931950936231758,-8.620424659723561,-11.17699504967759,-12.677784766556934,-12.922144545378131,-11.183562249906815,-11.339168914597144,-11.332980673983805,-11.058025926721305,1.228244374422598,-12.931950936231758,-7.786411078632352,5.145539857599405,272,-16.44540681340423,1.371892563117875,-18.852543241389338,-13.886433859925734,4.966109381463603,296
443,P0443,2,Vegetation,0.61156183,-14.698714156866416,-8.576530260237652,0.5834884717607205,6.122183896628764,79.24259208462908,10.863551309678405,interpreter_1,2026-09-27T13:10:12.073Z,0000000000000000018c_0,-11.18826594031319,-15.149992808467536,-13.058131351289848,-12.922206374999943,-15.259935991702449,-15.971485278954717,-16.10084804850108,-14.565152881451471,-17.007948394880067,-15.984361933131,-16.42814732566297,-12.548211460712706,-13.247431931868247,-14.27548688078978,-14.538601093876352,-15.111393741625784,-13.996556380818443,-15.044015871378102,-14.552380249392211,-14.698714156866416,-12.759712519801813,-14.395211254997305,-13.844778703807082,-14.296799646726262,-16.587817315749525,-17.37950102126648,-18.51636009166808,-15.56633067399178,-17.112223344574552,-9.636313748510632,-9.185928107893824,-8.430235116719937,-6.501534729670916,-9.18383666556395,-7.833166917169116,-9.095132528438034,-6.719021963315004,-11.093076907843484,-8.94290952985628,-10.64556783906842,-8.725793616533545,-8.140993741585735,-8.364865958207805,-7.980173919236721,-10.607922842523047,-7.6111966934304,-7.217314922511722,-6.144509070500376,-7.469816938358852,-8.576530260237652,-7.171847382766838,-9.20940067148891,-8.475579478777625,-10.96941248787842,-10.486792351344148,-10.869347507612355,-9.14175054856987,-8.406407133914197,-8.718495847569926,1.347385794163826,-11.093076907843484,-6.144509070500376,4.948567837343108,116,-14.900275954112594,1.6133180944173626,-18.51636009166808,-11.18826594031319,7.328094151354886,332
444,P0444,2,Vegetation,0.5591036,-15.805264664431032,-10.432064043552192,0.6600372891590381,5.373200620878839,79.31104370927899,11.137806965920094,interpreter_1,2026-09-27T13:10:14.360Z,0000000000000000018d_0,-14.556910037995426,-17.025077475619845,-17.68318369034874,-15.805264664431032,-20.505235745226024,-17.36718563833535,-17.14379556686901,-16.9047975100812,-19.492815187556303,-17.723277601988002,-18.6766748047669,-16.42308852942777,-15.615673071734122,-15.181172883653815,-13.58265370887976,-15.878657181163495,-13.196005310121375,-16.0705966522503,-13.130205564211128,-14.274927474089507,-14.949555295232848,-17.123386345950454,-14.612997178716496,-13.922357323332715,-15.126100574963974,-16.397351417731176,-15.78840973236259,-15.062543046262649,-15.185299708685774,-9.13543368077956,-12.947841799872,-11.929732177119472,-11.101116635780508,-12.413135458041332,-10.88709322515468,-10.907757420383692,-11.112299080113605,-10.432064043552192,-9.44317595055634,-9.155311128954276,-9.399234089473778,-9.965463048188866,-9.41127199650057,-10.483619533911424,-10.48189714650634,-9.715847561717805,-11.131196916520524,-10.164334659403762,-9.805799212475687,-10.272653791192766,-11.271647401665843,-8.734266128101815,-11.421870102330685,-10.469806883962711,-9.727248673156234,-11.10964583731245,-8.677437446876642,-10.00933700298221,-10.40405303560647,1.029085439430413,-12.947841799872,-8.677437446876642,4.270404352995358,20,-16.013972376620266,1.7584783149863314,-20.505235745226024,-13.130205564211128,7.375030181014896,56
449,P0449,2,Vegetation,0.5345635,-16.03034454405488,-10.91525845694025,0.6809122802658883,5.11508608711463,79.43123829429418,11.144723993607814,interpreter_1,2026-09-27T13:10:29.206Z,00000000000000000192_0,-14.752546643236853,-14.708569241339903,-16.594215992949074,-16.03034454405488,-16.882499151552125,-20.258413374808093,-21.97165518424616,-24.657507590790463,-22.09846524708954,-18.07546856904061,-21.05202809319243,-14.420718156961607,-18.5089012811913,-18.66624152875061,-15.395437799210836,-15.830651768133082,-14.337724453415587,-13.966354662903054,-15.82688618683873,-14.21913343325013,-15.709514491240848,-15.865173617259616,-14.342862384330797,-16.323444678829123,-17.454544567846728,-16.64555447707979,-15.416232477919,-17.94491404405816,-15.5291277185899,-10.993182581894224,-12.087406073421434,-11.399286686265896,-9.880752391943377,-10.63028165483516,-15.133223829285152,-14.478924544604112,-14.776666357876572,-14.311926899890876,-10.077097885092176,-10.85400560278458,-11.70874811868664,-12.57768255387216,-10.007991810900732,-8.642191632043593,-8.638393825499744,-8.303118218654316,-8.904878222267712,-10.580826386914204,-8.052070894118057,-9.589127319087968,-11.599224192748474,-9.163135164199192,-11.99264869988504,-10.876823223565331,-10.91525845694025,-13.89670540435768,-12.09672506793772,-11.290643720262834,-11.153756807580525,1.9421597324331048,-15.133223829285152,-8.052070894118057,7.081152935167095,80,-17.016728667589966,2.667624393482422,-24.657507590790463,-13.966354662903054,10.691152927887408,104
450,P0450,2,Vegetation,0.7550964,-15.016945753604109,-9.183491853999612,0.6115419210191626,5.833453899604496,79.1051498461588,10.871546315707066,interpreter_1,2026-09-27T13:10:31.710Z,00000000000000000193_0,-15.78151287979622,-14.991340556486282,-16.988532597507458,-14.482011285157864,-15.298675704168884,-14.319321809012036,-14.803188417102383,-16.514922369714863,-17.64352659764691,-16.807907316940035,-15.016945753604109,-15.426170885841898,-15.712061948256656,-14.066556552925196,-13.60242560038767,-14.570404546668971,-14.194069158705943,-15.63873057198274,-13.867815355782254,-14.079700068111332,-13.594557195849983,-16.166822167017447,-14.288777507215444,-12.78295082247256,-15.95573686831518,-15.280998265505657,-18.01657201788337,-14.428259549968864,-15.376856220515398,-8.830070273570525,-9.980980188183766,-7.285157380075224,-11.02373011598103,-9.642219396622115,-11.729067834317968,-9.251329312258044,-8.59842786290803,-9.170697963856735,-9.183491853999612,-9.186215163061448,-7.865223112645939,-10.369767971252076,-9.440930172643352,-9.478005141351538,-8.09958485265677,-8.74854574297159,-9.641548383206532,-10.368016181052775,-9.250564383741349,-9.123112736608975,-10.392521129422857,-8.50624994777035,-7.841087460690428,-9.100659925735345,-9.01180802358684,-10.502358548002697,-9.007183306234825,-8.383654665912367,-9.276283070011074,0.9647408894696656,-11.729067834317968,-7.285157380075224,4.443910454242745,80,-15.16197760657047,1.2236009195458908,-18.01657201788337,-12.78295082247256,5.233621195410809,332
451,P0451,2,Vegetation,0.6864266,-14.697834532600377,-7.738854237522636,0.5265302327603126,6.958980295077739,79.27115851066408,10.941345413283154,interpreter_1,2026-09-27T13:10:39.107Z,00000000000000000194_0,-14.57123184942727,-14.771920035977107,-13.81065567719676,-16.70399951428261,-15.34154324268808,-16.729493276476365,-15.285316431671616,-15.07353458690693,-15.8158685810771,-12.336853896781545,-14.618482303617052,-15.632903142237694,-14.25686175321503,-14.732265370399084,-13.136488216645898,-14.303204338200146,-14.462770875526571,-13.673435198828024,-14.833045787402757,-12.614977868090977,-14.655606623195752,-14.0157040860026,-13.576981273967698,-14.697834532600377,-15.07454809222537,-15.556139365448017,-16.267754871782326,-13.662159709888153,-14.826633601877823,-7.159964036621424,-7.931072478144555,-9.405909041482904,-9.476312301351513,-8.36503205870294,-8.526940855625933,-7.513567356923291,-8.53262129134554,-8.908946172697362,-5.700366037899275,-8.010557848139966,-8.252439445854588,-6.959253099637245,-7.176257862587364,-7.620678352143501,-7.214632195356097,-7.325717208942509,-7.602021068651825,-7.020070502578318,-7.422884033275364,-6.337780222804162,-9.400596952692622,-5.449635861120676,-8.984817110344592,-8.324254669501508,-7.738854237522636,-10.170692730979594,-5.747959746440136,-7.895306495163731,-7.799142802570039,1.1356541513206335,-10.170692730979594,-5.449635861120676,4.721056869858918,332,-14.656490141504712,1.0491893872838611,-16.729493276476365,-12.336853896781545,4.39263937969482,80
452,P0452,2,Vegetation,0.4927923,-17.65271664100778,-10.168920844236322,0.5760541593135654,7.483795796771457,79.38829882371327,10.87909216409367,interpreter_1,2026-09-27T13:10:41.568Z,00000000000000000195_0,-16.195789535861454,-16.95174774781553,-14.672309631165446,-14.1257696745957,-16.622593324904493,-15.883614985716603,-15.518931565367026,-17.65271664100778,-25.798309195540195,-24.298024181523047,-20.378739659192576,-20.03104248570041,-19.30277507022468,-17.75016019146067,-16.921059132260293,-17.936106003377294,-16.528429603716496,-16.25447331489943,-13.93631707115687,-12.241947443920962,-17.891581003291936,-18.15181693262314,-15.88162892830998,-18.355351716530294,-17.501546423458056,-21.823310806703923,-24.512201449628883,-23.240620972468268,-20.26744032577978,-5.286193968784877,-7.412843076225752,-9.659076378437383,-9.154808494436995,-9.752761397543546,-8.56204113545968,-9.719910448311603,-10.703390652880236,-15.140345839991094,-17.30724015436845,-9.460287293020675,-10.787816341158385,-10.09373821278595,-10.168920844236322,-10.825249359174226,-9.532055269732547,-11.756923066094895,-11.892778996120084,-9.615661678910122,-3.962691103355364,-10.021701855726272,-10.677635951526264,-6.863091788144462,-10.641784757901956,-10.714761613452817,-11.6907107493908,-14.5853462036841,-13.701256981783509,-11.791386669819635,-10.39594518215372,2.6577724304308368,-17.30724015436845,-3.962691103355364,13.344549051013086,128,-18.15952948338625,3.242773772193622,-25.798309195540195,-12.241947443920962,13.556361751619232,116
453,P0453,2,Vegetation,0.2221239,-17.670052423410226,-11.776734340197434,0.6664798755545847,5.893318083212792,79.26693642882873,11.03503969741682,interpreter_1,2026-09-27T13:10:47.099Z,00000000000000000196_0,-16.36912466814711,-17.64499005427488,-18.586669762798177,-17.841137750106554,-21.82801717886868,-19.08517287341389,-19.69021372991333,-17.551077629879753,-17.670052423410226,-15.9774936701892,-16.490214272412803,-16.077870907594374,-18.820332640360046,-18.52731433723225,-14.92892898155862,-16.999510669982104,-16.45488053650609,-17.42981612475538,-19.29142144894076,-17.187947749180058,-21.145470842838165,-19.19375077236347,-15.79240242341386,-20.108716878981525,-18.40033394299239,-18.84563360892306,-16.987554561909068,-16.924196302198823,-18.368587088207526,-9.028100428313664,-11.14795940543388,-12.38725494099122,-12.051094870952037,-13.364955281755371,-12.49721305365293,-13.576306284254152,-13.040673022621204,-11.143947144888491,-9.2925712163919,-10.456698653315676,-11.6574257453617,-14.698430156687245,-12.887369679243143,-9.847865530885572,-12.939155157907358,-10.520220826223834,-11.776734340197434,-10.961892520058168,-10.564640817264706,-11.284668591341443,-12.863272755303663,-11.397840441731216,-12.59513077981503,-12.989575605389591,-12.492062340773396,-12.28493843319043,-11.034756289591762,-11.449496756380132,-11.801112105859184,1.2902152091208068,-14.698430156687245,-9.028100428313664,5.670329728373581,164,-17.93858047694318,1.579664866807315,-21.82801717886868,-14.92892898155862,6.899088197310061,56
455,P0455,2,Vegetation,0.6347501,-14.142085962610562,-7.311334925946422,0.5169912660180709,6.83075103666414,79.3908141065088,10.898136448117004,interpreter_1,2026-09-27T13:10:52.673Z,00000000000000000198_0,-14.213491270913384,-12.47300374643843,-13.825689430034888,-15.216777442736609,-15.223562806792126,-14.08157096702337,-14.271591148712528,-16.598864179901856,-15.802767518159047,-14.84234091537468,-13.401280667387727,-15.14461281102908,-14.32224329667065,-14.142085962610562,-14.233655013813763,-14.721676417787528,-13.08899063837867,-14.116536444408966,-13.852491942338304,-13.504293925878116,-13.764545915864815,-13.079254558366122,-12.524850248897996,-14.755213235884568,-14.063072150154568,-14.50943686971862,-13.781282053501824,-15.148579814625718,-11.943737213312328,-5.607253793390456,-6.8968148980749895,-6.161496863734186,-7.736565177632293,-7.556428919899867,-8.996622688468012,-9.029250729170638,-8.37291269609967,-7.75901384902271,-7.429156492901548,-8.223639679742652,-6.168704604837426,-6.677026343047226,-7.311334925946422,-6.572216234149626,-6.913554180620393,-7.122569049454475,-8.244797118813125,-8.722848366408217,-5.975910710633979,-7.622756256759184,-6.373890487791697,-5.246245737543742,-7.89104558086346,-7.553399074539831,-8.517434896610496,-6.960678682771498,-5.453636910869028,-6.741406707283364,-7.235814195071731,1.0259065087373995,-9.029250729170638,-5.246245737543742,3.783004991626896,92,-14.160258572645407,0.9899846036991052,-16.598864179901856,-11.943737213312328,4.655126966589528,104
456,P0456,2,Vegetation,0.798488,-14.320153819356722,-7.634677368142443,0.5331421341174812,6.68547645121428,79.34401188020618,11.025248060819916,interpreter_1,2026-09-27T13:10:55.141Z,00000000000000000199_0,-11.044511061995788,-15.186880393010274,-14.094043639826817,-16.319853216122034,-16.404354328418375,-14.573621947857848,-14.015606199865836,-15.37830194632967,-16.29407551042092,-12.822273165719244,-14.029862055829412,-14.320153819356722,-13.014624029838352,-14.102359421433434,-12.48048900745362,-13.87922611200346,-12.826012049773375,-14.188230690548622,-14.449772065923923,-13.98405649088719,-14.501746016274472,-16.10679464096744,-13.167330934081876,-15.568419335811882,-14.834917998137987,-14.656756641369586,-16.63359943942944,-14.549018978225018,-14.262873155340966,-5.489823285477227,-8.88367347983454,-9.112341156334791,-9.87343197251958,-8.679193136228346,-7.481851536732218,-9.08902708247364,-9.246671844504528,-8.441978829742578,-7.032596773774116,-6.885698379401228,-5.7410449236182455,-9.367035902420554,-6.338420756983063,-8.560734952323475,-6.058295618955544,-6.371513063318402,-6.8393946468965385,-7.3273060992278705,-7.48684321864853,-8.155178726417414,-8.826509636859722,-7.791342556453894,-7.183918644493038,-7.25615309562487,-7.956229826588485,-6.1351249948010285,-8.721147254915095,-7.634677368142443,-7.723005474610725,1.1756420298804735,-9.87343197251958,-5.489823285477227,4.3836086870423525,44,-14.40309532042254,1.2701449372449094,-16.63359943942944,-11.044511061995788,5.589088377433651,332
458,P0458,2,Vegetation,0.52703834,-17.21962016999281,-10.64947220855302,0.6184498904982214,6.570147961439792,79.35398317985991,10.971438975301158,interpreter_1,2026-09-27T13:11:01.255Z,0000000000000000019a_0,-16.32488993945703,-16.26632130652256,-18.793676723089725,-18.68166318626224,-17.25072928999543,-16.825218256533674,-18.523103652782083,-17.456568968237544,-20.687958332692126,-18.828009865020626,-16.6101567640334,-16.312341769046213,-17.128219612806078,-14.611941503171693,-16.58394490634642,-17.21962016999281,-14.001833612798793,-17.812263729990534,-15.32245739008892,-12.608674897896442,-18.44705205637804,-18.61178512259832,-15.527077503152269,-17.816813519453937,-18.29508317714875,-16.301461855802888,-19.283704996322044,-16.75098066978317,-17.32090792606581,-8.542814310904603,-9.98936445211018,-10.64947220855302,-11.0257285469614,-10.348385213492238,-11.812235182652117,-12.586621251305797,-11.448886448556497,-13.67087267016089,-9.672264155422178,-11.58112515951506,-9.24740207612594,-9.803245666135064,-9.278411204124634,-7.991608965791493,-9.628025093306947,-11.737376985753782,-10.659082243571412,-11.48036407187682,-7.819115905880628,-10.712455147522776,-10.313762916115175,-10.2983732303332,-12.541424782091063,-11.535292613141294,-11.587499863020614,-10.447201824224544,-10.675356295512197,-10.62184388579749,-10.610538357584796,1.310935214390347,-13.67087267016089,-7.819115905880628,5.851756764280261,116,-17.110498644947228,1.6571236994822087,-20.687958332692126,-12.608674897896442,8.079283434795684,116
459,P0459,2,Vegetation,0.4112646,-17.29363651747517,-9.369683982011528,0.5417995210286447,7.923952535463645,79.13272812538126,11.081662260662624,interpreter_1,2026-09-27T13:11:05.176Z,0000000000000000019b_0,-18.43756613452262,-22.642576286705182,-20.28906955479508,-20.287112513636963,-20.85712485464616,-18.808971780262148,-21.766316407175616,-20.43150641225313,-17.204449009166815,-21.68160039744074,-16.968654152866655,-17.806258443651306,-16.079240964053362,-14.113621160294816,-13.733971341939933,-14.251666890459436,-13.795280274286297,-13.69352156446913,-15.24343807528736,-15.707878338738093,-16.5391056541717,-15.310534194756013,-13.588146898715108,-17.41656617787677,-18.20490888187919,-18.80827422079565,-13.65919502142894,-17.29363651747517,-20.072611217903017,-11.334561225800073,-15.45071046893174,-9.977416299336712,-10.614538375849351,-10.630323181557015,-9.039708991775036,-12.516223053993516,-12.7403032458679,-10.0499149094477,-9.671401283015214,-6.304975604649997,-8.310577108762594,-8.692694294581482,-7.452212094364199,-7.144078453166038,-7.197103735179673,-9.056083949604208,-8.599308542684817,-6.45243785779341,-8.69712811488525,-8.990114494379153,-10.53144703997356,-7.45688730279825,-12.681209875031502,-10.875394025265946,-9.369683982011528,-5.848549086973664,-11.637720777702064,-11.11003271113299,-9.6011289685005,2.1786819564193247,-15.45071046893174,-5.848549086973664,9.602161381958076,20,-17.403200115229392,2.752522292789347,-22.642576286705182,-13.588146898715108,9.054429387990076,20
462,P0462,2,Vegetation,0.65475535,-17.59460229804479,-11.478985187579529,0.6524151551214736,6.115617110465262,79.38856831829851,10.929397820004365,interpreter_1,2026-09-27T13:11:16.091Z,0000000000000000019e_0,-16.703751083271897,-17.347438483190526,-19.51102832967944,-19.140188189222386,-23.475016186832963,-22.594861048267248,-22.57732992201588,-19.74678922965831,-19.79187063815548,-19.34277142164841,-17.655190093619712,-18.00647549607346,-16.978193713799236,-16.266131957864513,-16.019201584265282,-14.798619151515656,-16.441461097972347,-15.62983886937342,-14.207112574069225,-15.208945242805443,-17.59460229804479,-19.907917516629745,-15.91194379829676,-17.35744258201781,-23.27763188383916,-18.555020665731007,-21.183808458221407,-17.349684233215473,-16.351711413198387,-11.70927567436619,-12.218287251243485,-11.917056459497342,-14.9661275767403,-11.785255837357951,-12.461876276450276,-14.829456276452692,-15.2571327668955,-12.751742848145096,-11.959399839734049,-8.406606218695202,-10.93027706045545,-11.478985187579529,-9.845293695034812,-8.65259984644547,-10.812161648288496,-10.322047464558842,-9.759975658808791,-8.354000630899623,-9.227085272174133,-11.082029714892006,-12.103484614914944,-8.441575153136437,-12.158627894009262,-13.447666726712162,-9.40995775365869,-11.488956129424018,-10.45644488563741,-9.96966648162251,-11.248381132545886,1.8709073255961053,-15.2571327668955,-8.354000630899623,6.903132135995877,104,-18.239033695258463,2.5101008472217203,-23.475016186832963,-14.207112574069225,9.26790361276374,56
463,P0463,2,Vegetation,0.5975249,-16.58104884590504,-9.999731376671466,0.6030819563709965,6.581317469233575,79.21546296304868,10.90388566593537,interpreter_1,2026-09-27T13:11:23.412Z,0000000000000000019f_0,-12.212389259691683,-13.629182775606305,-14.19352439002092,-14.91453097099043,-16.57566621638978,-17.287569452667547,-16.93111827423926,-17.359819919754436,-22.81233070213732,-19.53643478153232,-19.77098140868273,-17.391566573817325,-16.58104884590504,-17.59109870852232,-17.070022753289123,-18.63958051988057,-15.555347709586773,-16.496053660466394,-14.249065331747016,-16.41631126928311,-17.745380256877993,-16.642172355446434,-12.413302408659993,-15.368992550203744,-19.31137832115065,-18.12709994750948,-14.695885484797817,-13.71721475455297,-13.95422516931462,-6.151783628813655,-8.633026442968628,-9.823106954025064,-9.777323321835986,-10.65091465181652,-10.155051376064058,-8.689578044497498,-10.646329281780863,-16.104815387583457,-11.915496031104109,-11.315219388046009,-13.13024049078894,-11.809540197224637,-12.560307064810466,-9.141015031974774,-11.222864904183538,-9.755842405133771,-11.790337875389644,-9.806703753755638,-9.999731376671466,-10.50076778730239,-9.993371070419562,-7.286174394383496,-10.273062435006338,-10.424744501392391,-9.14902904982594,-7.841098089324756,-7.515144691308581,-7.040636295720335,-10.107008824936292,1.991603901242,-16.104815387583457,-6.151783628813655,9.953031758769802,116,-16.454803268024968,2.32051312877065,-22.81233070213732,-12.212389259691683,10.599941442445637,116
466,P0466,2,Vegetation,0.32297063,-17.29578169780212,-10.83766983975529,0.626607691350111,6.458111858046831,79.14934695813747,11.00925804876259,interpreter_1,2026-09-27T13:11:36.868Z,000000000000000001a0_0,-14.648962524465466,-17.924958347635133,-19.25324733177161,-19.910282573082963,-19.55477265934704,-19.24260897706429,-18.348937592560425,-17.476485427090882,-18.83323305768172,-16.036515518292994,-17.29578169780212,-17.04462371393224,-18.19494673293497,-17.501395801065442,-16.25060575885333,-17.14300735425986,-16.711046707350473,-17.52828647110314,-16.231242031466717,-16.08582378365712,-14.729284977544705,-16.108231963354456,-12.014145934939364,-17.225294489783263,-16.94969056448618,-17.494579578454513,-15.5704039848995,-18.44927514896273,-20.41849956328128,-8.957876324539008,-12.654640341951357,-12.45682624327001,-13.273119312472408,-12.60856545681899,-10.796940001945847,-10.068697524392174,-12.714022415958766,-11.23397187907245,-9.192744484998428,-11.465568153675928,-10.492626627280975,-9.19046606796283,-10.541034437748038,-10.839209934409926,-10.154240945718565,-7.609357180632546,-11.510181755382956,-10.178581786005257,-9.411155020674627,-10.83766983975529,-10.316117231317213,-8.505275552402882,-10.89981589529688,-11.714597017362935,-11.79001195033015,-9.578907203160677,-11.509200084995474,-10.863374528316744,-10.736717075787908,1.3359536310032811,-13.273119312472408,-7.609357180632546,5.663762131839862,44,-17.2474541471422,1.7332878577094526,-20.41849956328128,-12.014145934939364,8.404353628341916,356
468,P0468,2,Vegetation,0.63351274,-15.726903935786831,-9.079308802301648,0.5773106289306905,6.647595133485183,79.40518715105472,11.131967916573316,interpreter_1,2026-09-27T13:11:41.996Z,000000000000000001a1_0,-16.09955814991504,-16.243668426299735,-16.98269272154134,-17.01444671537818,-18.37610827586626,-15.285394014980742,-14.787627665790149,-15.431552352839317,-16.737145224984744,-15.029453875882115,-16.10972458830617,-15.237291861682792,-16.84627384345792,-15.905366738906109,-17.23958285640886,-14.118506391251929,-14.52772489290333,-13.727215072023265,-16.951266234675227,-14.73179350690014,-15.097814083973152,-15.726903935786831,-15.02728533991151,-14.837341941829148,-17.994180460136786,-16.15204823392324,-15.0844864602366,-15.417616178171397,-15.822490381564688,-11.016595628226067,-8.55397473136561,-11.005569725100656,-8.633519180919873,-9.7852107314074,-8.25989192651923,-9.079308802301648,-10.89917306490292,-9.904462754255526,-8.044232857684198,-8.958836059679973,-8.833769389923546,-10.440274626389083,-9.804612113876416,-8.447869180137973,-7.178051491574445,-7.40228048324358,-9.83465118119623,-8.78633448785815,-9.466828144706064,-8.599936704429831,-9.417072748838656,-8.959045345746752,-8.205752277347898,-9.59035323074655,-8.527906291556391,-9.444636955613907,-9.817003361793224,-11.079716847174383,-9.240581735328142,1.0148793912258625,-11.079716847174383,-7.178051491574445,3.9016653555999374,356,-15.811812428466435,1.1002977076600635,-18.37610827586626,-13.727215072023265,4.648893203842997,56
469,P0469,2,Vegetation,0.6175489,-15.16746162547909,-9.020081630601736,0.5946994858684418,6.147379994877355,79.25705496070341,11.083189396645626,interpreter_1,2026-09-27T13:11:45.604Z,000000000000000001a2_0,-15.16746162547909,-15.729923399749476,-16.639377510244874,-15.54436809273608,-15.16149520326029,-14.970911686895578,-16.054318745973074,-15.45842200399428,-15.833469962663242,-15.62403427792434,-14.08550169262039,-16.34721557836928,-15.256856479115214,-15.73042851254371,-13.491961019708665,-15.90445272429512,-14.81269468588345,-14.380715156373425,-14.61707488847644,-14.372467576313554,-14.742661288145817,-15.61699973464984,-12.088063072260711,-15.64317376687656,-12.998932398229568,-12.291781230835475,-15.39493740226372,-13.993025826200666,-15.11839352613402,-8.498014845556607,-9.46582201076088,-10.052567625633122,-10.77451861270336,-10.040613419926778,-9.020081630601736,-8.691439195193045,-10.47789522514162,-10.765385151684873,-9.82473511678204,-10.847516388351323,-7.423816886996609,-8.433120134734699,-9.598858461934904,-8.882574602633932,-8.147904058223157,-8.750252769152363,-9.329044359129162,-8.800874020121402,-7.613696663411966,-7.656561185413134,-8.129069887413339,-7.703767833965227,-7.097403213463155,-10.483141406183536,-9.732962906615109,-9.639259910847478,-7.593951650091695,-9.255323342883804,-9.059661121225863,1.087275092242355,-10.847516388351323,-7.097403213463155,3.7501131748881686,140,-14.93348686442124,1.0988065375845082,-16.639377510244874,-12.088063072260711,4.551314437984162,32
471,P0471,2,Vegetation,0.42733565,-15.064414579652382,-9.122302116597282,0.60555304478402,5.9421124630551,79.22381729519098,11.010964847802416,interpreter_1,2026-09-27T13:11:49.715Z,000000000000000001a4_0,-13.68664374191945,-16.77646063326018,-14.759055988637089,-16.554040814827207,-17.85123793566551,-16.462049259957023,-16.260103483342544,-17.69507231908243,-17.90732819149859,-16.46848039347631,-16.033485890830768,-16.69849948822156,-17.81072180561116,-14.944695631210232,-14.484469990686568,-15.291175958019414,-13.38196317910153,-15.586087011699286,-14.012533289351843,-13.47570037681926,-14.83989445676781,-16.87962026693555,-13.495496021249718,-15.064414579652382,-14.264484311191149,-14.762961730365564,-15.052262191883056,-14.386544305614958,-13.664520730403384,-8.729652721039626,-9.075939933546628,-9.74011323980124,-8.378154066838814,-8.094933529365166,-8.113941001177633,-7.590492338674699,-8.913917412718956,-10.507100873136428,-7.841468926852839,-9.50477044156237,-9.524875131363205,-7.917480009046218,-9.394193015715876,-8.123129455998386,-9.122302116597282,-8.14111775176323,-9.281136300526342,-9.671527282899724,-7.727298654632754,-10.886167747319016,-9.210422763995794,-8.535004728580589,-9.585292250729996,-7.993558645096236,-9.405212332216935,-9.837115428718658,-9.927725640841343,-10.460835791311744,-9.00809929420923,0.886399915616697,-10.886167747319016,-7.590492338674699,3.2956754086443167,260,-15.467241516457989,1.411809914497141,-17.90732819149859,-13.38196317910153,4.525365012397058,116
472,P0472,2,Vegetation,0.24506652,-19.93905171689155,-12.258261488486092,0.6147865837622255,7.680790228405458,79.24277174768591,11.135651009238206,interpreter_1,2026-09-27T13:11:58.518Z,000000000000000001a5_0,-20.22526058625804,-20.753552246960933,-20.922095625586465,-22.2248307803137,-23.554062952050742,-20.31782818950742,-21.35290302580931,-20.19013863458316,-19.406720881215023,-19.83196217020421,-19.453452267304822,-17.890348575297025,-20.292708935376496,-19.470992586336205,-18.943625058891225,-18.806144114614334,-19.25745407270377,-16.931787131924036,-16.865963507273,-17.39967753789537,-19.49194506836012,-22.52350915561712,-19.0362585931582,-19.939051716891555,-21.74230842609488,-20.64805419164207,-22.13393467936214,-21.38196929554045,-18.987445709361594,-10.543722104804566,-12.258261488486092,-13.051475516900634,-13.043987158075277,-10.9740140596493,-11.32809616986217,-12.28785705894844,-12.281423677101651,-12.551833112162612,-11.830964051205362,-11.751504599117306,-11.55934972687402,-12.482787796864134,-10.212965643536858,-10.730982233140177,-10.814146217153873,-12.164963291891496,-12.186240442203784,-11.88968558706609,-10.133062847769065,-13.29397819742426,-12.780827635035196,-11.406580163784646,-12.356556523575094,-13.013133064317849,-15.661279291547016,-14.584991401854388,-13.236216378175111,-12.293472491844096,-12.162219238978295,1.19436957438555,-15.661279291547016,-10.133062847769065,5.528216443777952,320,-19.999171921245978,1.5985572496880749,-23.554062952050742,-16.865963507273,6.688099444777741,56
473,P0473,2,Vegetation,0.5260235,-15.66366179902028,-9.493144352529558,0.6060616268619468,6.170517446490722,79.11539064039776,11.135920503823442,interpreter_1,2026-09-27T13:12:02.508Z,000000000000000001a6_0,-16.352804924612062,-18.05937386681409,-15.77227479552321,-14.292260946356,-15.065982512281405,-14.350223418433067,-15.189315024452682,-15.184878467967549,-15.13280576296376,-15.098717603616564,-15.975543641760774,-16.824930472754247,-16.85885605496598,-15.66366179902028,-15.242369237421368,-14.27136403074396,-15.5012237871979,-15.253576565694836,-18.37671777046061,-19.85766457045605,-17.65565213686338,-16.240237947030078,-11.833858444902452,-15.03680281140268,-15.897416749872503,-14.4212612874789,-20.44544765635016,-17.176237764896065,-19.61195706607693,-9.130682914900849,-10.939628162656454,-10.145249522085182,-9.511679981455488,-7.82799817891852,-8.968231782432204,-7.836536859164322,-11.165314493393735,-9.21962919295492,-8.62787706361881,-9.388053410459658,-10.80224576755203,-10.299878370082984,-8.82737408044891,-8.5352545988905,-8.534869869248213,-10.16666345948791,-9.493144352529558,-8.972390185614351,-11.206115490298645,-12.608066959579238,-8.691884974919448,-8.22863929502152,-9.34566482307884,-10.13084202726638,-10.981217592990475,-13.085034595383975,-9.965829658915254,-12.26726186258514,-9.824250328480469,1.3468141596319467,-13.085034595383975,-7.82799817891852,5.257036416465455,332,-16.091152314426537,1.836237976735786,-20.44544765635016,-11.833858444902452,8.61158921144771,332
474,P0474,2,Vegetation,0.47837484,-16.807555129869787,-10.924019600827934,0.6499469742279267,5.883535529041852,79.13308745149492,11.016354739507134,interpreter_1,2026-09-27T13:12:06.256Z,000000000000000001a7_0,-15.756086018311033,-15.805282831874752,-20.68494636581775,-19.144508317859085,-21.846756147789502,-18.045552553962217,-17.840133548282935,-20.40963345690338,-19.291785314323235,-15.534677426872086,-16.807555129869787,-16.49723432519068,-16.707783784344038,-15.521125030212891,-15.895202110259936,-15.843258297652374,-16.38369211190604,-17.699611890680313,-16.93048542858117,-16.537819875635765,-17.907827848800864,-17.199069658864566,-17.222472832555063,-14.96245837087802,-16.469997709433247,-16.8095002728633,-16.77094774160636,-17.142163149081085,-16.67513368066072,-10.691059837322385,-12.178548017126074,-12.59123104353856,-12.624404950564005,-15.52234002957838,-12.919797256287293,-10.924019600827934,-13.09431122122155,-11.400843756960482,-10.507212515358855,-12.212423456753193,-10.725339821975856,-11.252871116008986,-9.71109996395383,-10.13640288727913,-9.743088601923688,-9.63009755746631,-10.839052524553091,-9.95427448889046,-10.901258729226466,-11.324815665560063,-12.691571495223286,-9.289192743045527,-9.48518344289983,-10.11756018232058,-11.509602712503543,-10.71210173494113,-10.999749929174037,-11.319563238195885,-11.207207535195876,1.343651016485909,-15.52234002957838,-9.289192743045527,6.233147286532853,56,-17.253196594174906,1.6122083878288385,-21.846756147789502,-14.96245837087802,6.884297776911483,56
476,P0476,2,Vegetation,0.624081,-15.777972626486749,-9.185275731570918,0.5821581738677529,6.592696894915829,79.41677541821986,10.885649865667745,interpreter_1,2026-09-27T13:12:13.240Z,000000000000000001a9_0,-15.092021686642047,-16.999958235846314,-15.09448004104456,-14.65707764202642,-16.855487271821914,-16.868671286100128,-15.699416809529597,-15.879985851536665,-15.7744111030374,-13.470622707179189,-15.777972626486749,-14.888009816561196,-17.28324973511873,-15.043953852462987,-16.94143436191297,-16.145796938308074,-14.071797700630269,-16.21566656108956,-17.3337273720015,-16.863003634136852,-17.13457727801864,-14.89575536783615,-13.829464707856369,-18.142530779292503,-17.030144606752952,-17.065867886784428,-15.680665378432488,-15.2361340500784,-14.2259506195634,-7.949098618363504,-8.72737054416888,-6.39442962640969,-8.291764098939677,-8.913176654529334,-9.277690536083194,-9.185275731570918,-9.651479951042392,-7.815928913243439,-8.890365315771202,-10.36608062834518,-9.405138124734204,-11.21505436843398,-9.490966122798287,-8.824745224138624,-8.0600497868166,-9.668686273728044,-9.079215354550946,-10.70673393460318,-9.922174728247146,-9.233296124824946,-9.953152063023984,-8.979966716844741,-9.255972968715575,-10.238143282559378,-8.737494463483827,-9.563366806975042,-9.083691325069186,-7.621824969073176,-9.12077011231339,0.9678826344394446,-11.21505436843398,-6.39442962640969,4.8206247420242905,164,-15.86889089338236,1.1871375603545224,-18.142530779292503,-13.470622707179189,4.671908072113315,296
477,P0477,2,Vegetation,0.8191024,-13.38865744530588,-6.723441363152625,0.5021744256747633,6.665216082153257,79.29325706665342,10.946465810402636,interpreter_1,2026-09-27T13:12:21.394Z,000000000000000001aa_0,-11.289269339479864,-13.998924409845506,-14.160513144600674,-14.778801756888022,-14.32742998079905,-12.90980829512932,-14.512056557327778,-12.260136299331547,-14.490886073906015,-12.725956581316968,-13.38865744530588,-12.89279549112961,-12.303537943921716,-13.351977048644772,-13.073408004906186,-14.846232933088949,-11.923956829795175,-12.144144258265694,-15.408453222509396,-12.212505584654329,-12.072376958169809,-13.79786298532328,-11.665039514961858,-14.093711007325926,-14.326699099360807,-14.23353193432693,-13.37591346326886,-13.706658104135943,-13.847710420326704,-6.189385994500677,-4.061262947637739,-6.373355039677716,-5.672422935318368,-8.590448022584447,-6.262161510013662,-7.50456233680686,-7.685717860070794,-7.6568641495595475,-6.004657051905119,-9.132431978856877,-7.218569248313699,-6.754820065247342,-8.10225663574194,-7.308486601283256,-7.110662886444162,-6.23818599432585,-7.57408536296442,-5.936340599751437,-5.668532245844671,-6.723441363152625,-4.494830362950562,-5.502489691295831,-6.597654233956965,-5.972300680125646,-9.570833984302665,-8.799030662511186,-6.446197226225204,-7.257010893371971,-6.841689605680731,1.2562334570142046,-9.570833984302665,-4.061262947637739,5.5095710366649255,320,-13.383412230622294,1.0616678142442464,-15.408453222509396,-11.289269339479864,4.119183883029532,236
479,P0479,2,Vegetation,0.39926738,-17.78947027695876,-11.304920560580364,0.6354838218663936,6.484549716378396,79.12491278240942,11.009527543347826,interpreter_1,2026-09-27T13:12:32.859Z,000000000000000001ac_0,-18.487677720007547,-18.332508555258404,-20.830975953052835,-20.34881612329893,-20.23707986117381,-18.598936259099748,-18.142114127002166,-19.85596689152308,-19.669323862002845,-17.78947027695876,-19.6854712582443,-17.739203756858807,-17.75409066074898,-16.286452298314256,-17.56201660330335,-16.472829249290577,-17.14110257398877,-17.145758968043694,-16.75898202965773,-15.76560060320915,-18.49855404281844,-18.43604307345234,-15.507682074439618,-17.166740619551057,-17.510783956245543,-16.424878787502188,-17.06377569181435,-18.33140142697541,-18.78883534098273,-9.573698792977517,-13.009224139626076,-12.198274887402604,-13.838067609226623,-14.439551057698033,-11.990345985093358,-12.089768174451129,-12.701029086832545,-12.018655848087764,-10.943371916435424,-11.505642645097408,-10.826160379130478,-11.285830068360882,-11.17353243801631,-10.134889588195785,-9.614338594339708,-10.6364154488408,-10.348345595778255,-10.666807191750642,-11.86885143951042,-12.828396683845805,-12.36726023121014,-11.304920560580364,-10.844919012722029,-10.55505858164053,-12.91566112800679,-9.806117621702928,-12.9541227244345,-10.498782696145629,-11.549587590591049,1.2306015569279167,-14.439551057698033,-9.573698792977517,4.865852264720516,56,-18.011485263614457,1.359998480989528,-20.830975953052835,-15.507682074439618,5.323293878613217,32
480,P0480,2,Vegetation,0.5383539,-16.964059885955148,-10.323196558607592,0.6085333716107871,6.640863327347557,79.37733937724701,11.146610455704463,interpreter_1,2026-09-27T13:12:36.105Z,000000000000000001ad_0,-17.184294424474132,-19.71685049786624,-19.62273107640347,-17.523113322337377,-16.71219775217167,-13.562653192221171,-15.48553702789394,-16.08279010141373,-15.90240043695231,-16.987634607807923,-16.98823621207629,-18.66327958899308,-18.973939180868,-18.08496125348837,-18.30269802125838,-20.78397101531377,-16.206514652511455,-17.33200623823947,-16.752745135378916,-15.5425645714665,-14.740318999889768,-16.964059885955148,-13.43699277397797,-15.228983586585471,-14.969617491545865,-15.810929814072308,-19.62933660817909,-16.86074539604727,-18.03675339348069,-10.21715309733981,-12.491782925889623,-12.58397733718038,-9.10158806982568,-10.16200811503284,-9.454953409162592,-11.011573774288015,-9.142253001910134,-10.213296317778788,-9.979752285516977,-10.41804502838126,-10.018165493356788,-10.767976699115067,-11.304452137971603,-10.724662659142968,-12.263004245959056,-9.865771855821526,-11.296102422959422,-9.92516620019559,-10.323196558607592,-10.654410749170133,-10.0692689010856,-10.328580122460206,-10.184753451033766,-10.331213120961849,-8.35829764851158,-11.140806570066337,-9.33029135237165,-14.347776572280653,-10.55207862494405,1.1887900237158822,-14.347776572280653,-8.35829764851158,5.989478923769072,356,-16.968581250305853,1.7815206314360426,-20.78397101531377,-13.43699277397797,7.346978241335801,200
482,P0482,2,Vegetation,0.52404904,-16.65376019775567,-10.834085073530682,0.650548881746882,5.819675124224988,79.41830255420287,10.895890659906708,interpreter_1,2026-09-27T13:13:06.699Z,000000000000000001af_0,-16.957039890103683,-17.91048649249289,-15.09500137217804,-18.34542126371236,-17.613739904563623,-15.864485584706138,-16.11789555738131,-16.65376019775567,-16.007297704188296,-16.293682678113758,-17.293502045105217,-19.883890142901105,-17.682069241604403,-19.165515765200382,-20.261803317739385,-16.627311068594434,-16.64630745559325,-18.50112329047729,-14.539397052408669,-15.028278066449197,-15.462563193029276,-14.63659398756976,-13.910941521076577,-17.364663603714053,-17.202258835795924,-15.618546250648173,-15.234254816717998,-22.8585308186102,-18.556256788932515,-9.274263108796172,-10.597923521909031,-9.891332524169131,-8.86834785634618,-10.858567669059042,-10.12975971388042,-11.52191023400154,-11.968749041886037,-11.915078603416251,-8.40384719681407,-12.461470472126493,-11.663992785047173,-11.974173902573696,-11.283116525182034,-10.713666957224346,-11.353170733685705,-10.008969943707246,-10.784823698088395,-9.113537735447157,-11.101189602998616,-10.394507482334332,-10.54461628500334,-8.94939710796,-11.6222990351672,-12.87169031887898,-10.834085073530682,-10.440027545800252,-12.052803167199562,-10.983033025029885,-10.77863278852631,1.1077578955981464,-12.87169031887898,-8.40384719681407,4.4678431220649095,308,-17.011469583012538,1.91552081912742,-22.8585308186102,-13.910941521076577,8.947589297533622,344
486,P0486,2,Vegetation,0.39641204,-19.4160507073876,-11.109337532745087,0.5721728738851152,8.306713174642514,79.13479425053474,11.088130130708285,interpreter_1,2026-09-27T13:13:26.467Z,000000000000000001b3_0,-18.060026912899573,-19.66917131502454,-20.716555997024933,-18.371604008402297,-20.717338863624995,-16.839575158408067,-23.73176682695691,-22.22447062988545,-21.552833831372364,-24.300362691019,-18.1857834761516,-21.15951687722129,-20.703814795760888,-20.897000087260192,-19.480707852180814,-19.394685150399155,-17.819569283087915,-17.714417949834363,-19.535964776028152,-18.40555255182764,-21.331912598603378,-22.038718006747903,-17.175177701296462,-19.4160507073876,-18.007474429375584,-15.227046528197617,-16.891678318901068,-14.713904889091548,-16.70941778333131,-11.756033335927096,-14.696810517403485,-14.946234062881814,-12.503981334227449,-12.752389836473482,-10.333388940427426,-13.16941045356713,-10.822562415722398,-12.98433862372437,-11.109337532745087,-7.364143147767277,-11.675397929514984,-12.182275668294295,-12.039610201341498,-10.644322334521748,-12.317566590722253,-9.36992802791034,-8.583548485012349,-12.49960385258428,-8.596896121187367,-13.168138529777506,-8.319875587876126,-8.691135171893832,-10.509622068316547,-7.278537023683226,-9.816575584585143,-9.553732588022672,-10.610166993954476,-12.010186571593122,-11.04502584591927,1.988956095760492,-14.946234062881814,-7.278537023683226,7.667697039198588,32,-19.34455517232077,2.301448833559345,-24.300362691019,-14.713904889091548,9.586457801927452,128
487,P0487,2,Vegetation,0.55089146,-17.960340253079465,-10.720676001659417,0.596908290744729,7.239664251420049,79.22516476811717,11.12711701403907,interpreter_1,2026-09-27T13:13:32.105Z,000000000000000001b4_0,-14.934983514124124,-18.363876093254152,-18.153869824902625,-18.766751336258405,-19.315744391173705,-17.571629357928195,-19.009021179493203,-21.13002333204748,-18.94006760461537,-19.394570450028464,-18.56773163307831,-17.58045194087061,-18.921768202631227,-20.270385759061348,-19.91682834266458,-17.229555207121912,-17.601542064681162,-17.960340253079465,-17.998980095186337,-15.904030282027652,-20.2299964633186,-16.764329591267913,-16.153290098926306,-15.987156143557293,-14.585323417374504,-15.43368430740632,-16.64142569295588,-15.829648367309728,-16.082727735982473,-6.708532162980494,-9.605505761621192,-13.188270519417912,-12.634089320280513,-13.042589416951165,-8.995267892977035,-12.490694728889638,-10.622305789678796,-12.005046689470555,-12.274856395541722,-8.753602294829651,-8.815791011322027,-10.23108476949865,-10.720676001659417,-11.110959092285942,-12.086336667816944,-9.936632280505462,-7.372541900493905,-10.673958239779754,-11.23216192999146,-11.747221038788796,-11.086326708482703,-7.559178285058864,-11.990272813686412,-11.300217217348855,-9.737088747099833,-11.305008395444442,-9.88082353977426,-10.5057232188861,-10.60733664932974,1.653928289351112,-13.188270519417912,-6.708532162980494,6.4797383564374185,32,-17.766887333873353,1.680357460245627,-21.13002333204748,-14.585323417374504,6.544699914672975,104
491,P0491,2,Vegetation,0.72130454,-16.60843445882583,-10.868118348489755,0.6543734375105035,5.740316110336073,79.11089906397716,10.88870413763375,interpreter_1,2026-09-27T13:13:44.558Z,000000000000000001b8_0,-14.092085585727844,-17.462226170313794,-16.515567451643626,-18.38529315359098,-18.697808047298327,-16.872860539948462,-14.31212296181786,-15.544564406039283,-16.017848394793774,-15.249230767270284,-17.50068917420637,-14.677466938261537,-16.60843445882583,-16.564432038528526,-18.41736424734924,-15.664401309539826,-18.13038832326105,-13.772184555150597,-14.274729620703308,-16.030337409428824,-16.944018317860355,-18.24955913088167,-15.572624191683031,-16.53270095266409,-16.70021286301124,-18.31656688659972,-17.44203145050493,-18.352292921824088,-17.01727963834948,-8.727539034634287,-10.704688609295374,-10.242243557106905,-16.19139899391818,-12.412897169711668,-10.993914328028351,-10.078359885418928,-10.473633913711076,-10.1795346971564,-11.712324762629011,-11.719789785055212,-9.140407329032923,-11.955956055320293,-11.717342303531034,-10.775976891468249,-8.467135816469213,-12.17109536497115,-9.10829880974874,-10.859036127489114,-10.868118348489755,-10.99864823359976,-11.436699619704465,-9.925905721996116,-11.48447876016206,-12.97980385214345,-10.613780995383031,-13.253833558078563,-12.187501795727725,-9.74311178110218,-11.073222624175282,1.52563203533017,-16.19139899391818,-8.467135816469213,7.724263177448968,44,-16.548873169209582,1.4227868811191835,-18.697808047298327,-13.772184555150597,4.92562349214773,56
492,P0492,2,Vegetation,0.43019646,-17.25224061812381,-10.370906855327863,0.6011339097852035,6.881333762795947,79.20719846243477,11.039710936894242,interpreter_1,2026-09-27T13:13:48.908Z,000000000000000001b9_0,-20.899569200370035,-18.87961937217525,-23.25331116372132,-22.022579834471152,-22.94689676104268,-20.887344074730848,-21.0087942880717,-19.164218294978955,-20.58325447437649,-17.22798808619784,-20.687869241725835,-17.392496185561036,-15.19893787300509,-15.719578946791088,-13.705528961792496,-15.433669891155724,-15.263236749027094,-17.444166337262384,-16.43860824603317,-15.70794126786459,-16.640354456509463,-17.058411538955568,-13.2017397090405,-17.100744961003464,-18.66908551129644,-17.25224061812381,-19.20990885527314,-17.09129081325323,-15.717136607011366,-11.107104440279096,-14.134679245413963,-14.384998692392994,-12.898694175019587,-11.778350949494335,-7.351605464261772,-9.900561639640856,-11.820346425231673,-8.981026030097784,-8.279444444372954,-8.946530371333337,-10.55125871097944,-8.250756763366732,-6.858264651692098,-9.46343952473632,-7.822155907099155,-8.44741471316117,-10.39583470368061,-8.571633697411393,-9.217806289110246,-10.499672752829582,-12.8025752012392,-8.050767290085624,-11.521927230835258,-10.371619867012116,-10.789716849872498,-11.357783622195385,-10.370906855327863,-10.047058389052772,-10.171514996456064,1.8951542090708615,-14.384998692392994,-6.858264651692098,7.526734040700896,32,-17.993328355890405,2.6240155579599533,-23.25331116372132,-13.2017397090405,10.051571454680817,32
494,P0494,2,Vegetation,0.52832466,-16.807562886986634,-9.90543398991625,0.5893438600539521,6.902128897070384,79.28984346857376,11.04797543750814,interpreter_1,2026-09-27T13:13:58.179Z,000000000000000001bb_0,-15.51088000626428,-16.668799952292435,-17.23461641946768,-19.889300357295536,-17.812635242103084,-15.704126219676038,-19.28540336817303,-16.85047091568929,-17.045283655289335,-14.466568253310022,-14.7525369776415,-17.127303545850744,-18.08027990765313,-20.45864122201233,-18.92519921583803,-18.909076928549485,-15.645494122651618,-16.807562886986634,-15.181691656539977,-15.153060510369327,-16.058395888772882,-14.860410380637594,-13.609987681715833,-14.24669115007774,-13.864561989404493,-19.151775875590136,-18.0962762915404,-17.179793040660606,-16.803430306839285,-8.729376922466875,-7.943013883080114,-10.07164660895825,-9.90543398991625,-10.363693801411904,-10.92029088530216,-11.23886522415859,-11.130854332462471,-8.698914805752787,-10.18705201525001,-8.30773814432918,-11.747273777033024,-11.40984469598993,-10.55415673489659,-9.794392119587789,-9.037055772209198,-7.130895350603181,-10.174444476786055,-9.89867783051106,-9.430031097302129,-12.037663690125433,-9.052696098424002,-9.288178312569986,-10.339197276969166,-7.761908847365917,-9.60864191422157,-10.200026264127198,-8.820556566470822,-11.037650959552552,-9.82138525509773,1.197335479191676,-12.037663690125433,-7.130895350603181,4.906768339522252,260,-16.73725013685836,1.8302202064789943,-20.45864122201233,-13.609987681715833,6.848653540296496,176
496,P0496,2,Vegetation,0.60743093,-16.139575911850105,-10.384544134024374,0.6434211277137565,5.755031777825732,79.12087036363089,10.952843848919883,interpreter_1,2026-09-27T13:14:05.012Z,000000000000000001bd_0,-15.467938973281573,-17.041545722192456,-16.139575911850105,-17.904780833063853,-18.29549072814549,-15.037100020471916,-13.891844856331566,-15.872876466997717,-16.86639869853625,-16.02961265735397,-17.72527889506806,-16.540313765182393,-18.51837826502005,-18.47071185520225,-14.977737106310974,-13.726228235720052,-14.698865472108276,-15.30758527533921,-14.786872571576575,-16.335251592590474,-15.242801772616092,-15.123824030582597,-13.414389899306316,-17.018992821476285,-17.71030642949748,-16.50967172659398,-15.208687302356193,-16.225356734406873,-17.047100138360832,-8.694725441150107,-11.721061654913436,-12.236627536676536,-14.681989366265103,-12.848029094189226,-11.207985552377869,-6.929583324078152,-10.88105934212216,-10.814918282287188,-6.778657502310309,-10.992503823701105,-10.86637440907947,-9.772858144043756,-10.307229570139793,-10.000025821330162,-11.232678060385922,-7.998314428938324,-7.617120303825783,-9.646961457476632,-11.47924946635959,-10.254654809404006,-9.906623637983806,-7.820190378974701,-10.779431135716182,-9.649740525153796,-10.900233885609188,-8.641775537848096,-10.384544134024374,-11.707781419324236,-10.23285958778238,1.7370798168594952,-14.681989366265103,-6.778657502310309,7.903331863954794,44,-16.10812133646689,1.3870678993548544,-18.51837826502005,-13.414389899306316,5.103988365713734,164
497,P0497,2,Vegetation,0.72679013,-14.244058608498824,-8.287194279880598,0.5818000689028324,5.9568643286182255,79.38838865524168,11.05345516074127,interpreter_1,2026-09-27T13:14:08.110Z,000000000000000001be_0,-15.477836634813354,-15.05207319525038,-13.175115870733467,-14.51518158730882,-13.653494212893158,-16.78348454726422,-13.861155188207054,-14.900328535912566,-14.2990516209519,-13.943899083561709,-12.465777981772312,-12.168252270989882,-13.16847208008664,-15.214797976927189,-14.1200874208661,-13.916406279053671,-14.572115870283053,-13.666141619281436,-13.495214171664552,-14.167549718912989,-14.502381496329352,-14.244058608498824,-13.284059862482714,-14.861316127730388,-14.574642834951565,-16.413825922171725,-14.835642576121328,-13.317520497142809,-14.784054063528302,-8.464732521121343,-8.738901382974763,-8.328542160337232,-8.099667576791976,-9.64362164874614,-7.155310211532166,-8.713705497783957,-10.52397135616916,-10.537421119396138,-7.553246919348194,-6.003661113222657,-6.476268706913339,-6.982075492001613,-8.117925019390505,-5.776786269513828,-7.476798980763482,-7.0458737957915885,-7.477960729276671,-4.691507540082785,-8.027439758911061,-8.80536320425858,-8.678339070344178,-7.26563130299003,-8.287194279880598,-9.004995018427106,-8.949020118515381,-9.162238864743074,-10.009556864294368,-8.999179873693773,-8.103342634386749,1.3420911451738866,-10.537421119396138,-4.691507540082785,5.845913579313352,116,-14.256342684679016,1.0041761727642995,-16.78348454726422,-12.168252270989882,4.615232276274337,80
498,P0498,2,Vegetation,0.45117757,-16.650100490783498,-10.348450425737694,0.6215248028962935,6.301650065045804,79.22983600759459,10.862114005223813,interpreter_1,2026-09-27T13:14:15.515Z,000000000000000001bf_0,-14.27415905682108,-14.685823525142956,-16.884004047248023,-16.412834164721165,-16.55499362665169,-19.09519755130819,-16.479016021746475,-16.650100490783498,-17.042625248211387,-18.040089174232893,-20.23390037840592,-19.36848319328428,-18.53075878534771,-17.879239670154877,-15.640495624003307,-16.26575568187083,-15.865166436683737,-15.988113746715667,-15.443632179807263,-15.582453235986486,-16.986850383289962,-15.738823373155263,-14.650471418577844,-17.53508522113718,-21.373192403267183,-18.06950039047721,-19.20673974677008,-15.24637217105904,-17.230859506774948,-9.5623292834253,-8.924291212517028,-9.54212453634403,-11.182398062209549,-12.690865560771048,-10.102847152491126,-12.013454496184073,-9.443484508501324,-8.693407961892659,-11.675328924798904,-13.49022206231755,-9.88223823840751,-10.348450425737694,-10.12342162795875,-9.895655578623389,-10.78817131381846,-9.610675859842022,-10.133598709875486,-11.443890661415525,-13.166841819518478,-9.648706037495336,-11.8869356290214,-9.513057482323706,-12.054960062566623,-13.20314362571078,-8.61073512258866,-11.577954575353864,-12.462907355386758,-11.85067129106585,-10.811129971660788,1.4089330853353952,-13.49022206231755,-8.61073512258866,4.87948693972889,140,-16.998439188056416,1.6936825437979317,-21.373192403267183,-14.27415905682108,7.099033346446102,308
499,P0499,2,Vegetation,0.620391,-15.876188850443176,-8.842724098728107,0.5569802792111072,7.033464751715069,79.26253468393654,11.147508770988583,interpreter_1,2026-09-27T13:14:23.732Z,000000000000000001c0_0,-14.46214794503294,-16.710379134914252,-15.615836671586443,-15.95222599356512,-16.63541302128245,-16.568540729922844,-16.20309684864,-18.9706341211576,-17.206739782164053,-15.263695287860022,-15.460891736631964,-15.659603142460092,-17.296092889012606,-18.5457829320011,-15.469155141225848,-14.256625488235349,-14.836110094058943,-15.849036399162216,-16.353771537137316,-15.466811729050956,-14.71208507290224,-18.14352404970191,-14.498668470111184,-15.668804912762266,-17.009253213220305,-16.6516010466661,-14.869659564160408,-15.876188850443176,-16.547941041797802,-7.356058082003535,-8.845651592525579,-10.865550884147774,-9.074233339765591,-10.079152323100883,-9.4389343629488,-9.25731014616502,-8.970796809269535,-10.513302999767074,-8.018452155677997,-8.315549656694737,-8.524147648600039,-8.379861894480891,-7.604639153740451,-7.736602069786853,-8.444612915647081,-8.576307378644948,-9.337973368902244,-8.080816349538457,-10.049435746709904,-7.563600834293931,-9.535865983196924,-8.436455378856651,-9.421188243079389,-7.907175807461069,-10.198479120235914,-8.842724098728107,-8.886624209559384,-7.253718946304514,-8.810869706890802,0.9393103600642916,-10.865550884147774,-7.253718946304514,3.611831937843261,32,-16.095183339547155,1.169688215060372,-18.9706341211576,-14.256625488235349,4.714008632922253,104
